state,matched_hyperexcitable,excitatory_drive_multiplier,nmda_pathology_multiplier,gabaa_pathology_multiplier,drug,replicate,seed,concentration_nM,receptor_gain,effective_gabaa_gain,target_effect,firing_hz,mean_isi_ms,mean_ampa_psp_mv,mean_nmda_psp_mv,mean_gaba_psp_mv,nmda_open_fraction,mean_plasticity_state,state_baseline_hz,within_state_suppression_fraction
healthy,False,1.0,1.0,1.0,perampanel,1,20261200,0,1.0,1.0,0.0,12.0,82.14285714285714,6.088232145862229,0.24058184329105453,-0.551263035714291,0.08445384615384689,19518.586315428267,12.0,0.0
healthy,False,1.0,1.0,1.0,perampanel,1,20261200,6,0.9741421208800244,1.0,0.025857879119975637,10.9,90.50925925925925,5.909754918682133,0.14646133027369815,-0.5523092857142915,0.06649615384615527,12295.158135349315,12.0,0.09166666666666667
healthy,False,1.0,1.0,1.0,perampanel,1,20261200,8,0.9676668921927091,1.0,0.03233310780729098,8.1,120.5125,6.313276311872998,0.15640614878170886,-0.5601866071428626,0.07016923076923244,11300.4277061375,12.0,0.32500000000000007
healthy,False,1.0,1.0,1.0,perampanel,1,20261200,10,0.9615904074078002,1.0,0.03840959259219974,7.8,125.20779220779221,6.344464933944141,0.1509541013851801,-0.5606903571428626,0.07010769230769406,11114.924475273196,12.0,0.35
healthy,False,1.0,1.0,1.0,perampanel,1,20261200,12,0.9558253497558058,1.0,0.044174650244194216,7.6,128.54666666666665,6.359957314741158,0.15402419484312405,-0.5623566071428628,0.06992692307692482,11315.108295756252,12.0,0.3666666666666667
healthy,False,1.0,1.0,1.0,perampanel,1,20261200,14,0.9503156200134328,1.0,0.049684379986567204,7.4,132.06849315068493,6.369261749454593,0.1530380369659545,-0.5646539285714344,0.06961153846154022,10869.311293938581,12.0,0.3833333333333333
healthy,False,1.0,1.0,1.0,perampanel,1,20261200,16,0.9450221738818855,1.0,0.05497782611811456,0.0,nan,4.616823194604156,0.0038324999999999995,-0.8026951785714257,0.031834615384615475,115.03978316448145,12.0,1.0
healthy,False,1.0,1.0,1.0,perampanel,1,20261200,18,0.9399162876906435,1.0,0.06008371230935653,0.0,nan,4.593026654634999,0.0038324999999999995,-0.8073064285714258,0.03120000000000005,115.03978316448145,12.0,1.0
healthy,False,1.0,1.0,1.0,perampanel,1,20261200,22,0.9301837569953113,1.0,0.06981624300468868,0.0,nan,4.547586242666748,0.0038324999999999995,-0.810035535714285,0.029949999999999984,115.03978316448145,12.0,1.0
healthy,False,1.0,1.0,1.0,memantine,1,20261200,0,1.0,1.0,0.0,12.0,82.14285714285714,6.088232145862229,0.24058184329105453,-0.551263035714291,0.08445384615384689,19518.586315428267,12.0,0.0
healthy,False,1.0,1.0,1.0,memantine,1,20261200,50,0.9268452221991218,1.0,0.07315477780087822,11.5,85.74561403508773,5.979800859139039,0.1854735956590293,-0.5469064285714337,0.07396538461538556,9935.58663508113,12.0,0.04166666666666663
healthy,False,1.0,1.0,1.0,memantine,1,20261200,100,0.870062755069906,1.0,0.12993724493009393,11.0,89.6788990825688,5.915364596677302,0.15066071507665582,-0.5496576785714343,0.06710384615384749,5244.686617111052,12.0,0.08333333333333337
healthy,False,1.0,1.0,1.0,memantine,1,20261200,125,0.8450406189991146,1.0,0.15495938100088538,9.9,98.37755102040816,6.0548241984515325,0.138475573226351,-0.5548391071428629,0.06747692307692492,3847.425250727715,12.0,0.17499999999999993
healthy,False,1.0,1.0,1.0,memantine,1,20261200,150,0.8217846664011272,1.0,0.1782153335988728,8.3,117.57317073170732,6.297093433163219,0.1486368130648814,-0.5582103571428628,0.07118461538461733,2826.5954710448373,12.0,0.30833333333333324
healthy,False,1.0,1.0,1.0,memantine,1,20261200,175,0.8000596497582824,1.0,0.19994035024171763,6.9,141.78676470588235,6.512478948063117,0.13661339444751372,-0.5656226785714346,0.07421923076923284,2078.2670025639945,12.0,0.42499999999999993
healthy,False,1.0,1.0,1.0,memantine,1,20261200,200,0.7796827121197533,1.0,0.22031728788024676,4.8,205.13829787234042,6.777517322682325,0.11811074077368061,-0.5691323214285774,0.07831923076923274,1371.183849384882,12.0,0.6000000000000001
healthy,False,1.0,1.0,1.0,memantine,1,20261200,250,0.7424088119900276,1.0,0.2575911880099724,3.4,292.1666666666667,6.793800770417455,0.10029622316245093,-0.5738210714285771,0.07650000000000161,674.6030238173877,12.0,0.7166666666666667
healthy,False,1.0,1.0,1.0,memantine,1,20261200,350,0.6789546199580587,1.0,0.3210453800419412,1.0,568.9444444444445,6.733051680105586,0.042186746164683535,-0.5729021428571492,0.06941538461538548,48.96303015240722,12.0,0.9166666666666666
healthy,False,1.0,1.0,1.0,memantine,1,20261200,500,0.6036820500876947,1.0,0.39631794991230535,0.7,853.4166666666666,6.67675376257545,0.034787573068485685,-0.5732896428571493,0.06619230769230838,13.13986538597538,12.0,0.9416666666666667
healthy,False,1.0,1.0,1.0,diazepam,1,20261200,0,1.0,1.0,0.0,12.0,82.14285714285714,6.088232145862229,0.24058184329105453,-0.551263035714291,0.08445384615384689,19518.586315428267,12.0,0.0
healthy,False,1.0,1.0,1.0,diazepam,1,20261200,2.5,1.4636363636363636,1.4636363636363636,0.4636363636363636,11.9,82.83898305084746,6.117035237313783,0.24015363835113462,-0.8605180795454443,0.08476923076923154,19519.82413926121,12.0,0.008333333333333304
healthy,False,1.0,1.0,1.0,diazepam,1,20261200,5,1.8499999999999999,1.8499999999999999,0.8499999999999999,11.4,86.50442477876106,6.235407894196256,0.24130612950600785,-1.1834991785715068,0.08636923076923166,19459.748941731006,12.0,0.04999999999999993
healthy,False,1.0,1.0,1.0,diazepam,1,20261200,7.5,2.1769230769230767,2.1769230769230767,1.1769230769230767,10.8,91.35514018691589,6.372878084527152,0.24686351034712925,-1.671581872252635,0.08786153846153945,19995.13089831212,12.0,0.09999999999999998
healthy,False,1.0,1.0,1.0,diazepam,1,20261200,10,2.457142857142857,2.457142857142857,1.4571428571428569,0.4,199.5,5.212791620399282,0.03716318891855805,-2.9223984693878022,0.04713461538461559,778.4870450426611,12.0,0.9666666666666667
healthy,False,1.0,1.0,1.0,diazepam,1,20261200,12.5,2.6999999999999997,2.6999999999999997,1.6999999999999997,0.4,199.5,5.216082470927852,0.03716318891855805,-3.3614667321425964,0.04690000000000023,778.4870450426611,12.0,0.9666666666666667
healthy,False,1.0,1.0,1.0,diazepam,1,20261200,15,2.9124999999999996,2.9124999999999996,1.9124999999999996,0.4,199.5,5.224255729799821,0.037104838868491294,-3.9592519799107633,0.04661538461538484,778.6777431211747,12.0,0.9666666666666667
healthy,False,1.0,1.0,1.0,diazepam,1,20261200,20,3.2666666666666666,3.2666666666666666,2.2666666666666666,0.4,199.5,5.229919621955676,0.037104838868491294,-4.638808999999997,0.04630384615384639,778.6777431211747,12.0,0.9666666666666667
healthy,False,1.0,1.0,1.0,diazepam,1,20261200,30,3.7818181818181813,3.7818181818181813,2.7818181818181813,0.4,199.5,5.242402533112027,0.03697119843124163,-6.2104916883116,0.045519230769230964,779.2737754794069,12.0,0.9666666666666667
healthy,False,1.0,1.0,1.0,diazepam,1,20261200,60,4.6,4.6,3.5999999999999996,0.3,299.25,5.273149581125365,0.03601219626168223,-10.021647892857176,0.04423461538461556,752.2848704404878,12.0,0.975
healthy,False,1.0,1.0,1.0,perampanel,2,20261201,0,1.0,1.0,0.0,10.5,93.9951923076923,6.1348984815036935,0.18075833110814388,-0.553521607142862,0.07480769230769384,14156.157475071755,10.5,0.0
healthy,False,1.0,1.0,1.0,perampanel,2,20261201,6,0.9741421208800244,1.0,0.025857879119975637,8.0,122.0379746835443,6.402259016202749,0.14536852319759663,-0.5615151785714335,0.07425769230769443,11240.382178942291,10.5,0.23809523809523814
healthy,False,1.0,1.0,1.0,perampanel,2,20261201,8,0.9676668921927091,1.0,0.03233310780729098,7.9,123.6025641025641,6.399314476042164,0.1454483456275032,-0.5614542857142907,0.07346923076923281,11269.172231737404,10.5,0.24761904761904763
healthy,False,1.0,1.0,1.0,perampanel,2,20261201,10,0.9615904074078002,1.0,0.03840959259219974,7.4,132.06849315068493,6.450601306037392,0.14453243441254993,-0.561952500000005,0.07367692307692525,10907.455681225858,10.5,0.2952380952380952
healthy,False,1.0,1.0,1.0,perampanel,2,20261201,12,0.9558253497558058,1.0,0.044174650244194216,0.0,nan,4.712792230175303,0.008623125,-0.7864700000000029,0.034896153846153966,251.54356806346667,10.5,1.0
healthy,False,1.0,1.0,1.0,perampanel,2,20261201,14,0.9503156200134328,1.0,0.049684379986567204,0.0,nan,4.666456189621805,0.006433125,-0.7967276785714328,0.033423076923077,183.2951153161738,10.5,1.0
healthy,False,1.0,1.0,1.0,perampanel,2,20261201,16,0.9450221738818855,1.0,0.05497782611811456,0.0,nan,4.641614066507081,0.006433125,-0.7991523214285756,0.03278846153846159,183.2951153161738,10.5,1.0
healthy,False,1.0,1.0,1.0,perampanel,2,20261201,18,0.9399162876906435,1.0,0.06008371230935653,0.0,nan,4.617849342017839,0.006433125,-0.8043835714285731,0.03212692307692305,183.2951153161738,10.5,1.0
healthy,False,1.0,1.0,1.0,perampanel,2,20261201,22,0.9301837569953113,1.0,0.06981624300468868,0.0,nan,4.5721347002897925,0.006433125,-0.8086737499999987,0.030946153846153793,183.2951153161738,10.5,1.0
healthy,False,1.0,1.0,1.0,memantine,2,20261201,0,1.0,1.0,0.0,10.5,93.9951923076923,6.1348984815036935,0.18075833110814388,-0.553521607142862,0.07480769230769384,14156.157475071755,10.5,0.0
healthy,False,1.0,1.0,1.0,memantine,2,20261201,50,0.9268452221991218,1.0,0.07315477780087822,9.3,106.2554347826087,6.3326747607371665,0.17645452474048162,-0.5613601785714335,0.07763076923077004,7441.96075803511,10.5,0.11428571428571421
healthy,False,1.0,1.0,1.0,memantine,2,20261201,100,0.870062755069906,1.0,0.12993724493009393,7.1,137.7357142857143,6.577287207576126,0.14681832671651363,-0.5650912500000056,0.07757307692307855,4074.47874662332,10.5,0.3238095238095239
healthy,False,1.0,1.0,1.0,memantine,2,20261201,125,0.8450406189991146,1.0,0.15495938100088538,6.0,163.42372881355934,6.67122787393755,0.12351043011038357,-0.5670453571428627,0.07584615384615573,2855.985393882183,10.5,0.4285714285714286
healthy,False,1.0,1.0,1.0,memantine,2,20261201,150,0.8217846664011272,1.0,0.1782153335988728,5.7,172.17857142857142,6.641522264787354,0.11774493217927468,-0.567117321428577,0.07379230769230946,2192.082837995691,10.5,0.4571428571428571
healthy,False,1.0,1.0,1.0,memantine,2,20261201,175,0.8000596497582824,1.0,0.19994035024171763,5.0,196.77551020408163,6.720672136682397,0.11179122703447077,-0.5690326785714341,0.075757692307694,1665.0042366956777,10.5,0.5238095238095238
healthy,False,1.0,1.0,1.0,memantine,2,20261201,200,0.7796827121197533,1.0,0.22031728788024676,4.0,247.23076923076923,6.812375065134703,0.10393568396330129,-0.56934821428572,0.07736153846154023,1255.982058907672,10.5,0.6190476190476191
healthy,False,1.0,1.0,1.0,memantine,2,20261201,250,0.7424088119900276,1.0,0.2575911880099724,2.8,357.1111111111111,6.822821493941772,0.09304515036824491,-0.5653126785714346,0.07597692307692464,573.3002457063767,10.5,0.7333333333333334
healthy,False,1.0,1.0,1.0,memantine,2,20261201,350,0.6789546199580587,1.0,0.3210453800419412,1.2,611.0,6.799842280349777,0.055888558025059674,-0.5643882142857204,0.07300384615384722,81.31342097975707,10.5,0.8857142857142857
healthy,False,1.0,1.0,1.0,memantine,2,20261201,500,0.6036820500876947,1.0,0.39631794991230535,0.4,200.16666666666666,6.752621801075179,0.04594171321679882,-0.5676985714285775,0.06871923076923164,17.00643968870131,10.5,0.9619047619047619
healthy,False,1.0,1.0,1.0,diazepam,2,20261201,0,1.0,1.0,0.0,10.5,93.9951923076923,6.1348984815036935,0.18075833110814388,-0.553521607142862,0.07480769230769384,14156.157475071755,10.5,0.0
healthy,False,1.0,1.0,1.0,diazepam,2,20261201,2.5,1.4636363636363636,1.4636363636363636,0.4636363636363636,9.8,100.77319587628865,6.272583552352911,0.18382842456608778,-0.8763013068181663,0.07705000000000163,14344.117226102178,10.5,0.06666666666666665
healthy,False,1.0,1.0,1.0,diazepam,2,20261201,5,1.8499999999999999,1.8499999999999999,0.8499999999999999,9.6,102.89473684210526,6.403647219295686,0.20471169367489955,-1.2102898214286555,0.08207307692307746,14935.75295719935,10.5,0.08571428571428574
healthy,False,1.0,1.0,1.0,diazepam,2,20261201,7.5,2.1769230769230767,2.1769230769230767,1.1769230769230767,9.0,109.8314606741573,6.5369115567491,0.20656100467289693,-1.7774122101647087,0.08372692307692384,15119.269171166477,10.5,0.1428571428571429
healthy,False,1.0,1.0,1.0,diazepam,2,20261201,10,2.457142857142857,2.457142857142857,1.4571428571428569,0.0,nan,4.9429130823041225,0.008623125,-3.001426326530677,0.03896538461538488,251.54356806346667,10.5,1.0
healthy,False,1.0,1.0,1.0,diazepam,2,20261201,12.5,2.6999999999999997,2.6999999999999997,1.6999999999999997,0.0,nan,4.94746139532608,0.008623125,-3.498121928571156,0.03873846153846178,251.54356806346667,10.5,1.0
healthy,False,1.0,1.0,1.0,diazepam,2,20261201,15,2.9124999999999996,2.9124999999999996,1.9124999999999996,0.0,nan,4.951822557439314,0.008623125,-4.018857852678596,0.038450000000000234,251.54356806346667,10.5,1.0
healthy,False,1.0,1.0,1.0,diazepam,2,20261201,20,3.2666666666666666,3.2666666666666666,2.2666666666666666,0.0,nan,4.957601454710809,0.008623125,-4.723655999999991,0.038065384615384806,251.54356806346667,10.5,1.0
healthy,False,1.0,1.0,1.0,diazepam,2,20261201,30,3.7818181818181813,3.7818181818181813,2.7818181818181813,0.0,nan,4.971396506313475,0.008623125,-6.8140286753245585,0.03709615384615401,251.54356806346667,10.5,1.0
healthy,False,1.0,1.0,1.0,diazepam,2,20261201,60,4.6,4.6,3.5999999999999996,0.0,nan,4.996433258167154,0.008623125,-11.075130857143062,0.03534615384615397,251.54356806346667,10.5,1.0
healthy,False,1.0,1.0,1.0,perampanel,3,20261202,0,1.0,1.0,0.0,10.8,91.35514018691589,5.923747988424474,0.14302415962950576,-0.5527687500000056,0.06640000000000128,11755.033705228916,10.8,0.0
healthy,False,1.0,1.0,1.0,perampanel,3,20261202,6,0.9741421208800244,1.0,0.025857879119975637,9.4,105.10752688172043,6.18712891686098,0.1693602071094791,-0.5588248214285785,0.07243076923076983,11325.448281934176,10.8,0.12962962962962965
healthy,False,1.0,1.0,1.0,perampanel,3,20261202,8,0.9676668921927091,1.0,0.03233310780729098,8.9,111.07954545454545,6.243229665811604,0.16647724315754317,-0.5620023214285784,0.07244615384615455,11252.91553226455,10.8,0.17592592592592593
healthy,False,1.0,1.0,1.0,perampanel,3,20261202,10,0.9615904074078002,1.0,0.03840959259219974,8.7,113.66279069767442,6.25181858635108,0.16392402186248314,-0.5621019642857207,0.07187307692307753,10804.765945732595,10.8,0.19444444444444453
healthy,False,1.0,1.0,1.0,perampanel,3,20261202,12,0.9558253497558058,1.0,0.044174650244194216,0.0,nan,4.685910967448034,0.008075624999999996,-0.8054574999999993,0.033846153846153845,156.57394331025876,10.8,1.0
healthy,False,1.0,1.0,1.0,perampanel,3,20261202,14,0.9503156200134328,1.0,0.049684379986567204,0.0,nan,4.660133486313142,0.008075624999999996,-0.8085630357142877,0.033234615384615356,156.57394331025876,10.8,1.0
healthy,False,1.0,1.0,1.0,perampanel,3,20261202,16,0.9450221738818855,1.0,0.05497782611811456,0.0,nan,4.6353045945425855,0.008075624999999996,-0.8106057142857143,0.03258076923076917,156.57394331025876,10.8,1.0
healthy,False,1.0,1.0,1.0,perampanel,3,20261202,18,0.9399162876906435,1.0,0.06008371230935653,0.0,nan,4.6113870426746235,0.008075624999999996,-0.8119232142857132,0.03200769230769221,156.57394331025876,10.8,1.0
healthy,False,1.0,1.0,1.0,perampanel,3,20261202,22,0.9301837569953113,1.0,0.06981624300468868,0.0,nan,4.548121536548342,0.0038324999999999995,-0.813744464285711,0.030215384615384585,115.03978316448145,10.8,1.0
healthy,False,1.0,1.0,1.0,memantine,3,20261202,0,1.0,1.0,0.0,10.8,91.35514018691589,5.923747988424474,0.14302415962950576,-0.5527687500000056,0.06640000000000128,11755.033705228916,10.8,0.0
healthy,False,1.0,1.0,1.0,memantine,3,20261202,50,0.9268452221991218,1.0,0.07315477780087822,9.6,102.89473684210526,6.167728869113836,0.17005328128386105,-0.5600592857142915,0.07141538461538528,7365.6143021916105,10.8,0.11111111111111116
healthy,False,1.0,1.0,1.0,memantine,3,20261202,100,0.870062755069906,1.0,0.12993724493009393,7.8,126.94805194805195,6.392311687027243,0.14775730796717176,-0.5666191071428627,0.07248461538461651,4051.9830518459776,10.8,0.2777777777777778
healthy,False,1.0,1.0,1.0,memantine,3,20261202,125,0.8450406189991146,1.0,0.15495938100088538,6.3,155.5,6.583503446377616,0.1366167188174353,-0.5667962500000056,0.07395384615384766,3003.922786936781,10.8,0.41666666666666674
healthy,False,1.0,1.0,1.0,memantine,3,20261202,150,0.8217846664011272,1.0,0.1782153335988728,4.8,205.13829787234042,6.739049948700087,0.12093291200570509,-0.5689551785714342,0.07519230769230933,2008.7321287178538,10.8,0.5555555555555556
healthy,False,1.0,1.0,1.0,memantine,3,20261202,175,0.8000596497582824,1.0,0.19994035024171763,4.5,219.125,6.726537053608451,0.1112024415478188,-0.57004571428572,0.07407307692307862,1537.2454468701624,10.8,0.5833333333333334
healthy,False,1.0,1.0,1.0,memantine,3,20261202,200,0.7796827121197533,1.0,0.22031728788024676,4.3,229.5595238095238,6.771538644378449,0.11643982502998558,-0.5717396428571487,0.07526153846154032,1335.5217917641485,10.8,0.6018518518518519
healthy,False,1.0,1.0,1.0,memantine,3,20261202,250,0.7424088119900276,1.0,0.2575911880099724,3.6,275.4714285714286,6.717636457097124,0.0931882827480565,-0.5703612500000058,0.07301538461538615,570.1944242527426,10.8,0.6666666666666667
healthy,False,1.0,1.0,1.0,memantine,3,20261202,350,0.6789546199580587,1.0,0.3210453800419412,0.8,1292.0,6.8197429229754984,0.05840727344056995,-0.5669955357142927,0.07217692307692393,57.229466156197525,10.8,0.9259259259259259
healthy,False,1.0,1.0,1.0,memantine,3,20261202,500,0.6036820500876947,1.0,0.39631794991230535,0.5,2261.125,6.726873791539491,0.039371550908445976,-0.5676985714285786,0.06751538461538525,13.984413470358035,10.8,0.9537037037037037
healthy,False,1.0,1.0,1.0,diazepam,3,20261202,0,1.0,1.0,0.0,10.8,91.35514018691589,5.923747988424474,0.14302415962950576,-0.5527687500000056,0.06640000000000128,11755.033705228916,10.8,0.0
healthy,False,1.0,1.0,1.0,diazepam,3,20261202,2.5,1.4636363636363636,1.4636363636363636,0.4636363636363636,10.3,95.83333333333333,6.027379064332827,0.14005314978304378,-0.8865992954545383,0.06766153846153977,11609.960324373671,10.8,0.04629629629629628
healthy,False,1.0,1.0,1.0,diazepam,3,20261202,5,1.8499999999999999,1.8499999999999999,0.8499999999999999,9.9,99.74489795918367,6.219719028626429,0.174806406708945,-1.2285906160715085,0.07469615384615419,12869.360381745644,10.8,0.08333333333333337
healthy,False,1.0,1.0,1.0,diazepam,3,20261202,7.5,2.1769230769230767,2.1769230769230767,1.1769230769230767,9.2,107.41758241758242,6.366070617555284,0.1713741884178902,-1.7101565604394378,0.07724230769230822,12792.547834743764,10.8,0.14814814814814825
healthy,False,1.0,1.0,1.0,diazepam,3,20261202,10,2.457142857142857,2.457142857142857,1.4571428571428569,0.0,nan,4.935116794522757,0.010265624999999997,-2.957845387755169,0.03864615384615405,224.82239605755228,10.8,1.0
healthy,False,1.0,1.0,1.0,diazepam,3,20261202,12.5,2.6999999999999997,2.6999999999999997,1.6999999999999997,0.0,nan,4.940060457952428,0.010265624999999997,-3.523740107142565,0.03839230769230789,224.82239605755228,10.8,1.0
healthy,False,1.0,1.0,1.0,diazepam,3,20261202,15,2.9124999999999996,2.9124999999999996,1.9124999999999996,0.0,nan,4.94437797077585,0.010265624999999997,-3.9998007410714735,0.038115384615384815,224.82239605755228,10.8,1.0
healthy,False,1.0,1.0,1.0,diazepam,3,20261202,20,3.2666666666666666,3.2666666666666666,2.2666666666666666,0.0,nan,4.9507629909859014,0.010265624999999997,-4.743800833333332,0.03781923076923096,224.82239605755228,10.8,1.0
healthy,False,1.0,1.0,1.0,diazepam,3,20261202,30,3.7818181818181813,3.7818181818181813,2.7818181818181813,0.0,nan,4.9637558633234695,0.010265624999999997,-6.78809012986998,0.03686923076923092,224.82239605755228,10.8,1.0
healthy,False,1.0,1.0,1.0,diazepam,3,20261202,60,4.6,4.6,3.5999999999999996,0.0,nan,4.9881043418049655,0.010265624999999997,-10.987355464285795,0.035342307692307805,224.82239605755228,10.8,1.0
healthy,False,1.0,1.0,1.0,perampanel,4,20261203,0,1.0,1.0,0.0,11.5,85.75,6.133720618663157,0.24370279430907835,-0.5387135714285759,0.08287692307692356,19795.842338105704,11.5,0.0
healthy,False,1.0,1.0,1.0,perampanel,4,20261203,6,0.9741421208800244,1.0,0.025857879119975637,9.2,107.42307692307692,6.271895420162603,0.20648723105807704,-0.5506208928571471,0.07693461538461611,14921.348326172232,11.5,0.20000000000000007
healthy,False,1.0,1.0,1.0,perampanel,4,20261203,8,0.9676668921927091,1.0,0.03233310780729098,8.6,115.00588235294117,6.27684162331732,0.19561703521361776,-0.5522151785714328,0.07411153846153931,13232.649753933629,11.5,0.25217391304347825
healthy,False,1.0,1.0,1.0,perampanel,4,20261203,10,0.9615904074078002,1.0,0.03840959259219974,6.2,160.24590163934425,6.669051632373864,0.19008845477303027,-0.5638291071428614,0.0795923076923085,13161.232904118182,11.5,0.4608695652173913
healthy,False,1.0,1.0,1.0,perampanel,4,20261203,12,0.9558253497558058,1.0,0.044174650244194216,6.1,162.91666666666666,6.664500493731645,0.1866473551401865,-0.5640782142857185,0.07890000000000082,13062.128775207488,11.5,0.4695652173913044
healthy,False,1.0,1.0,1.0,perampanel,4,20261203,14,0.9503156200134328,1.0,0.049684379986567204,0.0,nan,4.53560517836622,0.0,-0.804438928571426,0.030165384615384584,0.0,11.5,1.0
healthy,False,1.0,1.0,1.0,perampanel,4,20261203,16,0.9450221738818855,1.0,0.05497782611811456,0.0,nan,4.511449457791293,0.0,-0.808950535714282,0.029499999999999933,0.0,11.5,1.0
healthy,False,1.0,1.0,1.0,perampanel,4,20261203,18,0.9399162876906435,1.0,0.06008371230935653,0.0,nan,4.488199073559794,0.0,-0.8130524999999962,0.028861538461538397,0.0,11.5,1.0
healthy,False,1.0,1.0,1.0,perampanel,4,20261203,22,0.9301837569953113,1.0,0.06981624300468868,0.0,nan,4.443777261168809,0.0,-0.8181121428571391,0.027773076923076827,0.0,11.5,1.0
healthy,False,1.0,1.0,1.0,memantine,4,20261203,0,1.0,1.0,0.0,11.5,85.75,6.133720618663157,0.24370279430907835,-0.5387135714285759,0.08287692307692356,19795.842338105704,11.5,0.0
healthy,False,1.0,1.0,1.0,memantine,4,20261203,50,0.9268452221991218,1.0,0.07315477780087822,11.3,87.28125,6.041517922360153,0.21185847400881008,-0.5384976785714329,0.07671923076923146,10403.62445566177,11.5,0.017391304347825987
healthy,False,1.0,1.0,1.0,memantine,4,20261203,100,0.870062755069906,1.0,0.12993724493009393,10.8,91.35981308411215,5.931230127531909,0.14067505587594725,-0.5450630357142905,0.06760769230769365,4808.588320169096,11.5,0.060869565217391286
healthy,False,1.0,1.0,1.0,memantine,4,20261203,125,0.8450406189991146,1.0,0.15495938100088538,9.7,100.4375,6.062943390844043,0.13434292224615998,-0.5477589285714335,0.06747692307692484,3714.7815959351415,11.5,0.15652173913043488
healthy,False,1.0,1.0,1.0,memantine,4,20261203,150,0.8217846664011272,1.0,0.1782153335988728,7.9,123.61538461538461,6.318835806600262,0.13491136323515135,-0.5544737500000049,0.07050000000000192,2977.966242168399,11.5,0.31304347826086953
healthy,False,1.0,1.0,1.0,memantine,4,20261203,175,0.8000596497582824,1.0,0.19994035024171763,5.8,169.1578947368421,6.624354518956323,0.10959327097266866,-0.5665360714285758,0.07390769230769396,1921.9507441927046,11.5,0.4956521739130435
healthy,False,1.0,1.0,1.0,memantine,4,20261203,200,0.7796827121197533,1.0,0.22031728788024676,4.8,205.14893617021278,6.702005072796343,0.09918005987764522,-0.5606350000000044,0.07508846153846317,1352.9372639092053,11.5,0.5826086956521739
healthy,False,1.0,1.0,1.0,memantine,4,20261203,250,0.7424088119900276,1.0,0.2575911880099724,2.9,344.35714285714283,6.822173106828043,0.09235892896816222,-0.5664641071428618,0.07671923076923219,612.3262445771967,11.5,0.7478260869565218
healthy,False,1.0,1.0,1.0,memantine,4,20261203,350,0.6789546199580587,1.0,0.3210453800419412,1.1,924.3,6.693648680494622,0.03375947179340888,-0.5673664285714334,0.06825384615384683,37.60953651231859,11.5,0.9043478260869565
healthy,False,1.0,1.0,1.0,memantine,4,20261203,500,0.6036820500876947,1.0,0.39631794991230535,0.8,1320.4285714285713,6.662206439930546,0.03607256955192474,-0.5678812500000048,0.06596153846153915,13.742765465904387,11.5,0.9304347826086956
healthy,False,1.0,1.0,1.0,diazepam,4,20261203,0,1.0,1.0,0.0,11.5,85.75,6.133720618663157,0.24370279430907835,-0.5387135714285759,0.08287692307692356,19795.842338105704,11.5,0.0
healthy,False,1.0,1.0,1.0,diazepam,4,20261203,2.5,1.4636363636363636,1.4636363636363636,0.4636363636363636,11.5,85.75,6.133867118103067,0.2404908917723628,-0.8377912045454406,0.08268846153846204,19712.320640488193,11.5,0.0
healthy,False,1.0,1.0,1.0,diazepam,4,20261203,5,1.8499999999999999,1.8499999999999999,0.8499999999999999,10.9,90.50925925925925,6.271849014917417,0.24514886315086745,-1.1702062678572245,0.08550000000000062,19847.340652146737,11.5,0.05217391304347818
healthy,False,1.0,1.0,1.0,diazepam,4,20261203,7.5,2.1769230769230767,2.1769230769230767,1.1769230769230767,0.0,nan,4.806961108206854,0.005201249999999999,-2.583142365384361,0.03559230769230785,89.36003267365139,11.5,1.0
healthy,False,1.0,1.0,1.0,diazepam,4,20261203,10,2.457142857142857,2.457142857142857,1.4571428571428569,0.0,nan,4.8109151887997115,0.005201249999999999,-3.0292016938775954,0.03532307692307709,89.36003267365139,11.5,1.0
healthy,False,1.0,1.0,1.0,diazepam,4,20261203,12.5,2.6999999999999997,2.6999999999999997,1.6999999999999997,0.0,nan,4.816576027320867,0.005201249999999999,-3.647317178571108,0.034953846153846314,89.36003267365139,11.5,1.0
healthy,False,1.0,1.0,1.0,diazepam,4,20261203,15,2.9124999999999996,2.9124999999999996,1.9124999999999996,0.0,nan,4.8200881529220645,0.005201249999999999,-4.083913220982167,0.034692307692307855,89.36003267365139,11.5,1.0
healthy,False,1.0,1.0,1.0,diazepam,4,20261203,20,3.2666666666666666,3.2666666666666666,2.2666666666666666,0.0,nan,4.826360683434477,0.005201249999999999,-4.8251939166667075,0.03435769230769242,89.36003267365139,11.5,1.0
healthy,False,1.0,1.0,1.0,diazepam,4,20261203,30,3.7818181818181813,3.7818181818181813,2.7818181818181813,0.0,nan,4.841060097727611,0.005201249999999999,-7.016847584415508,0.03351153846153857,89.36003267365139,11.5,1.0
healthy,False,1.0,1.0,1.0,diazepam,4,20261203,60,4.6,4.6,3.5999999999999996,0.0,nan,4.865513565314879,0.005201249999999999,-11.386660928571638,0.03188461538461547,89.36003267365139,11.5,1.0
healthy,False,1.0,1.0,1.0,perampanel,5,20261204,0,1.0,1.0,0.0,11.4,86.5,6.109091212444775,0.21829263584779696,-0.548412142857148,0.08136153846154044,18534.448049136947,11.4,0.0
healthy,False,1.0,1.0,1.0,perampanel,5,20261204,6,0.9741421208800244,1.0,0.025857879119975637,8.1,120.5125,6.382808179993954,0.1600676189919892,-0.560651607142863,0.07407692307692491,11420.810998056615,11.4,0.2894736842105263
healthy,False,1.0,1.0,1.0,perampanel,5,20261204,8,0.9676668921927091,1.0,0.03233310780729098,8.0,122.03164556962025,6.3784977447818525,0.1600676189919892,-0.5614155357142918,0.07334230769230948,11420.810998056615,11.4,0.29824561403508776
healthy,False,1.0,1.0,1.0,perampanel,5,20261204,10,0.9615904074078002,1.0,0.03840959259219974,7.6,128.54,6.427293167878345,0.1614099077102803,-0.5626500000000062,0.07353846153846338,11288.574926379297,11.4,0.33333333333333337
healthy,False,1.0,1.0,1.0,perampanel,5,20261204,12,0.9558253497558058,1.0,0.044174650244194216,0.0,nan,4.691588621350967,0.006433125,-0.7935723214285672,0.03387692307692315,183.27493206561937,11.4,1.0
healthy,False,1.0,1.0,1.0,perampanel,5,20261204,14,0.9503156200134328,1.0,0.049684379986567204,0.0,nan,4.665817424990457,0.006433125,-0.7960578571428534,0.033130769230769255,183.27493206561937,11.4,1.0
healthy,False,1.0,1.0,1.0,perampanel,5,20261204,16,0.9450221738818855,1.0,0.05497782611811456,0.0,nan,4.640947303150274,0.006433125,-0.7992076785714277,0.03251153846153847,183.27493206561937,11.4,1.0
healthy,False,1.0,1.0,1.0,perampanel,5,20261204,18,0.9399162876906435,1.0,0.06008371230935653,0.0,nan,4.617236493139553,0.006433125,-0.8043448214285684,0.03192307692307689,183.27493206561937,11.4,1.0
healthy,False,1.0,1.0,1.0,perampanel,5,20261204,22,0.9301837569953113,1.0,0.06981624300468868,0.0,nan,4.54777949302591,0.0038324999999999995,-0.8173592857142815,0.03014230769230764,115.04666256888201,11.4,1.0
healthy,False,1.0,1.0,1.0,memantine,5,20261204,0,1.0,1.0,0.0,11.4,86.5,6.109091212444775,0.21829263584779696,-0.548412142857148,0.08136153846154044,18534.448049136947,11.4,0.0
healthy,False,1.0,1.0,1.0,memantine,5,20261204,50,0.9268452221991218,1.0,0.07315477780087822,10.9,90.50925925925925,6.085798710422189,0.17179449104809846,-0.5536267857142916,0.07580769230769427,8733.495017965339,11.4,0.04385964912280704
healthy,False,1.0,1.0,1.0,memantine,5,20261204,100,0.870062755069906,1.0,0.12993724493009393,9.6,101.48947368421052,6.228741288484494,0.1756223906525183,-0.557086607142863,0.07457307692307856,5598.081424367433,11.4,0.1578947368421053
healthy,False,1.0,1.0,1.0,memantine,5,20261204,125,0.8450406189991146,1.0,0.15495938100088538,9.2,105.95054945054945,6.262347653386247,0.16106187734712377,-0.5585314285714345,0.07377692307692481,4162.700947281086,11.4,0.19298245614035092
healthy,False,1.0,1.0,1.0,memantine,5,20261204,150,0.8217846664011272,1.0,0.1782153335988728,8.3,117.57926829268293,6.356420300393963,0.15164576815776776,-0.559688392857149,0.07301923076923242,3172.339628617236,11.4,0.27192982456140347
healthy,False,1.0,1.0,1.0,memantine,5,20261204,175,0.8000596497582824,1.0,0.19994035024171763,6.3,155.50806451612902,6.631194117127521,0.1388734002623727,-0.5636630357142919,0.07561538461538646,2369.0437289863776,11.4,0.44736842105263164
healthy,False,1.0,1.0,1.0,memantine,5,20261204,200,0.7796827121197533,1.0,0.22031728788024676,5.1,192.83,6.730369004083869,0.12670809469302854,-0.5691710714285775,0.07659615384615566,1642.4486766761895,11.4,0.5526315789473685
healthy,False,1.0,1.0,1.0,memantine,5,20261204,250,0.7424088119900276,1.0,0.2575911880099724,3.5,283.5735294117647,6.755482404541473,0.09277983313415994,-0.5711694642857206,0.0752807692307707,650.5661136142872,11.4,0.6929824561403508
healthy,False,1.0,1.0,1.0,memantine,5,20261204,350,0.6789546199580587,1.0,0.3210453800419412,0.9,840.0625,6.780596613356258,0.0483706267710399,-0.568595357142864,0.07147307692307786,54.42255901596858,11.4,0.9210526315789473
healthy,False,1.0,1.0,1.0,memantine,5,20261204,500,0.6036820500876947,1.0,0.39631794991230535,0.4,200.0,6.736233738360518,0.04263655399256865,-0.569447857142864,0.06774615384615461,14.402869236756887,11.4,0.9649122807017544
healthy,False,1.0,1.0,1.0,diazepam,5,20261204,0,1.0,1.0,0.0,11.4,86.5,6.109091212444775,0.21829263584779696,-0.548412142857148,0.08136153846154044,18534.448049136947,11.4,0.0
healthy,False,1.0,1.0,1.0,diazepam,5,20261204,2.5,1.4636363636363636,1.4636363636363636,0.4636363636363636,11.0,89.6743119266055,6.197202428930407,0.2195716221628837,-0.8640101590908944,0.08289230769230971,18551.26453647221,11.4,0.03508771929824561
healthy,False,1.0,1.0,1.0,diazepam,5,20261204,5,1.8499999999999999,1.8499999999999999,0.8499999999999999,10.6,93.08571428571429,6.29715336949706,0.21943558778371133,-1.1881486250000821,0.08470000000000201,18589.743841814685,11.4,0.07017543859649134
healthy,False,1.0,1.0,1.0,diazepam,5,20261204,7.5,2.1769230769230767,2.1769230769230767,1.1769230769230767,0.0,nan,4.917481295572274,0.006433125,-2.591541789834916,0.03811538461538489,183.27493206561937,11.4,1.0
healthy,False,1.0,1.0,1.0,diazepam,5,20261204,10,2.457142857142857,2.457142857142857,1.4571428571428569,0.0,nan,4.920902345122365,0.006433125,-3.0132192959184168,0.03785384615384643,183.27493206561937,11.4,1.0
healthy,False,1.0,1.0,1.0,diazepam,5,20261204,12.5,2.6999999999999997,2.6999999999999997,1.6999999999999997,0.0,nan,4.924696974794872,0.006433125,-3.4715770714283063,0.037573076923077216,183.27493206561937,11.4,1.0
healthy,False,1.0,1.0,1.0,diazepam,5,20261204,15,2.9124999999999996,2.9124999999999996,1.9124999999999996,0.0,nan,4.929461083196184,0.006433125,-3.9864672120535767,0.03728076923076949,183.27493206561937,11.4,1.0
healthy,False,1.0,1.0,1.0,diazepam,5,20261204,20,3.2666666666666666,3.2666666666666666,2.2666666666666666,0.0,nan,4.936126918607376,0.006433125,-4.821993166666686,0.03691538461538485,183.27493206561937,11.4,1.0
healthy,False,1.0,1.0,1.0,diazepam,5,20261204,30,3.7818181818181813,3.7818181818181813,2.7818181818181813,0.0,nan,4.948245177357432,0.006433125,-6.721139792207744,0.03600000000000022,183.27493206561937,11.4,1.0
healthy,False,1.0,1.0,1.0,diazepam,5,20261204,60,4.6,4.6,3.5999999999999996,0.0,nan,4.975749871321932,0.006433125,-11.441485535714417,0.03417307692307708,183.27493206561937,11.4,1.0
healthy,False,1.0,1.0,1.0,perampanel,6,20261205,0,1.0,1.0,0.0,11.0,89.68348623853211,5.958049261895893,0.1655552283044056,-0.5533112500000053,0.06912307692307848,14118.77944198333,11.0,0.0
healthy,False,1.0,1.0,1.0,perampanel,6,20261205,6,0.9741421208800244,1.0,0.025857879119975637,8.9,111.0909090909091,6.151395931699568,0.14828030582443227,-0.5586919642857194,0.06802692307692464,10277.570483149553,11.0,0.19090909090909092
healthy,False,1.0,1.0,1.0,perampanel,6,20261205,8,0.9676668921927091,1.0,0.03233310780729098,8.2,120.68518518518519,6.251756114825017,0.15128731617156177,-0.5617975000000051,0.06929230769230932,9962.782581802989,11.0,0.25454545454545463
healthy,False,1.0,1.0,1.0,perampanel,6,20261205,10,0.9615904074078002,1.0,0.03840959259219974,8.3,119.21341463414635,6.328293704995245,0.18082216346795696,-0.5622735714285766,0.07449230769230847,10767.750340443788,11.0,0.24545454545454537
healthy,False,1.0,1.0,1.0,perampanel,6,20261205,12,0.9558253497558058,1.0,0.044174650244194216,8.3,119.21341463414635,6.302584117320225,0.176579038467957,-0.5622735714285766,0.07353076923077004,10323.512973340972,11.0,0.24545454545454537
healthy,False,1.0,1.0,1.0,perampanel,6,20261205,14,0.9503156200134328,1.0,0.049684379986567204,7.6,130.34,6.389246736184163,0.16799173122496644,-0.5642000000000054,0.07383846153846241,9575.31425990931,11.0,0.3090909090909091
healthy,False,1.0,1.0,1.0,perampanel,6,20261205,16,0.9450221738818855,1.0,0.05497782611811456,7.4,133.91095890410958,6.407482909845674,0.16549344267356453,-0.5645487500000053,0.07358461538461622,9360.489044514954,11.0,0.32727272727272727
healthy,False,1.0,1.0,1.0,perampanel,6,20261205,18,0.9399162876906435,1.0,0.06008371230935653,0.0,nan,4.486931650894941,0.0,-0.8207360714285663,0.02894230769230768,0.0,11.0,1.0
healthy,False,1.0,1.0,1.0,perampanel,6,20261205,22,0.9301837569953113,1.0,0.06981624300468868,0.0,nan,4.442558707874714,0.0,-0.8282037499999897,0.027884615384615313,0.0,11.0,1.0
healthy,False,1.0,1.0,1.0,memantine,6,20261205,0,1.0,1.0,0.0,11.0,89.68348623853211,5.958049261895893,0.1655552283044056,-0.5533112500000053,0.06912307692307848,14118.77944198333,11.0,0.0
healthy,False,1.0,1.0,1.0,memantine,6,20261205,50,0.9268452221991218,1.0,0.07315477780087822,9.4,103.68279569892474,6.112172713169048,0.12008629270317572,-0.5558133928571483,0.06666153846154038,7022.754163780163,11.0,0.1454545454545454
healthy,False,1.0,1.0,1.0,memantine,6,20261205,100,0.870062755069906,1.0,0.12993724493009393,8.3,119.21951219512195,6.470947676376419,0.17388813095097605,-0.5638401785714338,0.07834230769230856,4810.173289915915,11.0,0.24545454545454537
healthy,False,1.0,1.0,1.0,memantine,6,20261205,125,0.8450406189991146,1.0,0.15495938100088538,7.6,130.34666666666666,6.486832017569985,0.1473130845981242,-0.5653901785714339,0.07520000000000149,3256.4187477603336,11.0,0.3090909090909091
healthy,False,1.0,1.0,1.0,memantine,6,20261205,150,0.8217846664011272,1.0,0.1782153335988728,5.6,175.3181818181818,6.756527897274136,0.12941947430110487,-0.5695751785714341,0.07841923076923266,2148.0564843072334,11.0,0.49090909090909096
healthy,False,1.0,1.0,1.0,memantine,6,20261205,175,0.8000596497582824,1.0,0.19994035024171763,4.8,205.1595744680851,6.800448788395035,0.10885227059933554,-0.5737325000000054,0.07870384615384811,1346.3235038038001,11.0,0.5636363636363637
healthy,False,1.0,1.0,1.0,memantine,6,20261205,200,0.7796827121197533,1.0,0.22031728788024676,4.0,247.25641025641025,6.813151837862204,0.10145293387513996,-0.5722046428571486,0.07740384615384807,900.2946593264961,11.0,0.6363636363636364
healthy,False,1.0,1.0,1.0,memantine,6,20261205,250,0.7424088119900276,1.0,0.2575911880099724,3.4,292.2121212121212,6.83862920776056,0.1000718919870779,-0.5690050000000055,0.07815384615384799,561.2758003469348,11.0,0.6909090909090909
healthy,False,1.0,1.0,1.0,memantine,6,20261205,350,0.6789546199580587,1.0,0.3210453800419412,1.4,726.3846153846154,6.820478304546654,0.08256103464233802,-0.567078571428578,0.07388461538461676,124.21261473053217,11.0,0.8727272727272728
healthy,False,1.0,1.0,1.0,memantine,6,20261205,500,0.6036820500876947,1.0,0.39631794991230535,0.4,1840.0,6.751432751347703,0.04792480875133685,-0.5696637500000066,0.0692423076923085,15.59359147049812,11.0,0.9636363636363636
healthy,False,1.0,1.0,1.0,diazepam,6,20261205,0,1.0,1.0,0.0,11.0,89.68348623853211,5.958049261895893,0.1655552283044056,-0.5533112500000053,0.06912307692307848,14118.77944198333,11.0,0.0
healthy,False,1.0,1.0,1.0,diazepam,6,20261205,2.5,1.4636363636363636,1.4636363636363636,0.4636363636363636,10.8,91.35981308411215,6.004316846143633,0.16546270519025344,-0.8769332840908928,0.06971153846154007,14160.072719975695,11.0,0.018181818181818077
healthy,False,1.0,1.0,1.0,diazepam,6,20261205,5,1.8499999999999999,1.8499999999999999,0.8499999999999999,10.0,98.73737373737374,6.189383145002691,0.1743636553738315,-1.2313454642857937,0.07298846153846297,14229.690459483769,11.0,0.09090909090909094
healthy,False,1.0,1.0,1.0,diazepam,6,20261205,7.5,2.1769230769230767,2.1769230769230767,1.1769230769230767,9.4,105.10752688172043,6.489578240787972,0.21529808861815727,-1.741573059065808,0.08396153846153903,15992.95397933054,11.0,0.1454545454545454
healthy,False,1.0,1.0,1.0,diazepam,6,20261205,10,2.457142857142857,2.457142857142857,1.4571428571428569,0.0,nan,4.937386214437309,0.010676249999999998,-3.0026505102041345,0.03842692307692323,224.7957806729369,11.0,1.0
healthy,False,1.0,1.0,1.0,diazepam,6,20261205,12.5,2.6999999999999997,2.6999999999999997,1.6999999999999997,0.0,nan,4.942176534680558,0.010676249999999998,-3.5266546607140015,0.03810769230769246,224.7957806729369,11.0,1.0
healthy,False,1.0,1.0,1.0,diazepam,6,20261205,15,2.9124999999999996,2.9124999999999996,1.9124999999999996,0.0,nan,4.946394087315228,0.010676249999999998,-4.0255488013393,0.03786923076923092,224.7957806729369,11.0,1.0
healthy,False,1.0,1.0,1.0,diazepam,6,20261205,20,3.2666666666666666,3.2666666666666666,2.2666666666666666,0.0,nan,4.9520868893054,0.010676249999999998,-4.72774283333335,0.037515384615384756,224.7957806729369,11.0,1.0
healthy,False,1.0,1.0,1.0,diazepam,6,20261205,30,3.7818181818181813,3.7818181818181813,2.7818181818181813,0.0,nan,4.9653880646717345,0.010676249999999998,-6.816205922077875,0.03644230769230781,224.7957806729369,11.0,1.0
healthy,False,1.0,1.0,1.0,diazepam,6,20261205,60,4.6,4.6,3.5999999999999996,0.0,nan,4.990340361548345,0.010676249999999998,-11.169145000000011,0.03488076923076928,224.7957806729369,11.0,1.0
healthy,False,1.0,1.0,1.0,perampanel,7,20261206,0,1.0,1.0,0.0,11.4,86.5,6.0000430701883,0.20138120877837098,-0.5436403571428622,0.07527692307692477,17048.54434384562,11.4,0.0
healthy,False,1.0,1.0,1.0,perampanel,7,20261206,6,0.9741421208800244,1.0,0.025857879119975637,9.9,99.74489795918367,6.09850389809568,0.18681931692256298,-0.550626428571434,0.07085000000000032,12029.99150160939,11.4,0.13157894736842102
healthy,False,1.0,1.0,1.0,perampanel,7,20261206,8,0.9676668921927091,1.0,0.03233310780729098,8.5,116.36904761904762,6.2366703037264966,0.15894080332109453,-0.5555476785714343,0.06866923076923227,10935.684979255777,11.4,0.2543859649122807
healthy,False,1.0,1.0,1.0,perampanel,7,20261206,10,0.9615904074078002,1.0,0.03840959259219974,8.4,117.7710843373494,6.23193724696246,0.15894080332109453,-0.5559130357142914,0.06801538461538606,10935.684979255777,11.4,0.26315789473684215
healthy,False,1.0,1.0,1.0,perampanel,7,20261206,12,0.9558253497558058,1.0,0.044174650244194216,0.0,nan,4.665959063964672,0.0038324999999999995,-0.7950116071428571,0.03318846153846163,115.04666256888201,11.4,1.0
healthy,False,1.0,1.0,1.0,perampanel,7,20261206,14,0.9503156200134328,1.0,0.049684379986567204,0.0,nan,4.640277173266641,0.0038324999999999995,-0.7935501785714288,0.03243076923076928,115.04666256888201,11.4,1.0
healthy,False,1.0,1.0,1.0,perampanel,7,20261206,16,0.9450221738818855,1.0,0.05497782611811456,0.0,nan,4.615611906076844,0.0038324999999999995,-0.7996671428571422,0.03171538461538459,115.04666256888201,11.4,1.0
healthy,False,1.0,1.0,1.0,perampanel,7,20261206,18,0.9399162876906435,1.0,0.06008371230935653,0.0,nan,4.591771379588526,0.0038324999999999995,-0.8005030357142855,0.03115384615384609,115.04666256888201,11.4,1.0
healthy,False,1.0,1.0,1.0,perampanel,7,20261206,22,0.9301837569953113,1.0,0.06981624300468868,0.0,nan,4.546447178062172,0.0038324999999999995,-0.8075223214285733,0.029969230769230693,115.04666256888201,11.4,1.0
healthy,False,1.0,1.0,1.0,memantine,7,20261206,0,1.0,1.0,0.0,11.4,86.5,6.0000430701883,0.20138120877837098,-0.5436403571428622,0.07527692307692477,17048.54434384562,11.4,0.0
healthy,False,1.0,1.0,1.0,memantine,7,20261206,50,0.9268452221991218,1.0,0.07315477780087822,11.1,88.86363636363636,5.934285842366088,0.16163845598640225,-0.5440001785714338,0.06865769230769407,8544.999274651162,11.4,0.026315789473684292
healthy,False,1.0,1.0,1.0,memantine,7,20261206,100,0.870062755069906,1.0,0.12993724493009393,10.7,91.58962264150944,5.888085621291876,0.12672973105783475,-0.547603928571434,0.06320384615384743,4463.747227699604,11.4,0.061403508771929904
healthy,False,1.0,1.0,1.0,memantine,7,20261206,125,0.8450406189991146,1.0,0.15495938100088538,9.5,102.56914893617021,6.037772188659162,0.11641271084489149,-0.5491207142857198,0.06416923076923234,3100.6367397518043,11.4,0.16666666666666674
healthy,False,1.0,1.0,1.0,memantine,7,20261206,150,0.8217846664011272,1.0,0.1782153335988728,7.6,128.55333333333334,6.377186050883949,0.1393406673150218,-0.5567932142857199,0.07087692307692499,2586.5038815975836,11.4,0.33333333333333337
healthy,False,1.0,1.0,1.0,memantine,7,20261206,175,0.8000596497582824,1.0,0.19994035024171763,6.9,142.77205882352942,6.450304631686546,0.13856379480272837,-0.5606183928571487,0.07181153846153994,1906.3716204152636,11.4,0.39473684210526316
healthy,False,1.0,1.0,1.0,memantine,7,20261206,200,0.7796827121197533,1.0,0.22031728788024676,4.5,219.13636363636363,6.745893151305876,0.1082562247967789,-0.5598821428571489,0.07637692307692465,1265.4943486767368,11.4,0.6052631578947368
healthy,False,1.0,1.0,1.0,memantine,7,20261206,250,0.7424088119900276,1.0,0.2575911880099724,2.8,357.1111111111111,6.847765018171833,0.0995587183125401,-0.5641944642857201,0.07626923076923237,674.1352644921562,11.4,0.7543859649122807
healthy,False,1.0,1.0,1.0,memantine,7,20261206,350,0.6789546199580587,1.0,0.3210453800419412,0.8,760.0714285714286,6.741916629373182,0.044698513399737266,-0.5718060714285772,0.0695769230769239,40.729422641346794,11.4,0.9298245614035088
healthy,False,1.0,1.0,1.0,memantine,7,20261206,500,0.6036820500876947,1.0,0.39631794991230535,0.6,1024.1,6.696555474847807,0.03823482325001918,-0.5718060714285772,0.06674230769230838,13.834172193556732,11.4,0.9473684210526316
healthy,False,1.0,1.0,1.0,diazepam,7,20261206,0,1.0,1.0,0.0,11.4,86.5,6.0000430701883,0.20138120877837098,-0.5436403571428622,0.07527692307692477,17048.54434384562,11.4,0.0
healthy,False,1.0,1.0,1.0,diazepam,7,20261206,2.5,1.4636363636363636,1.4636363636363636,0.4636363636363636,10.9,90.50462962962963,6.098402958299878,0.19954907568424554,-0.8615389659090823,0.0765461538461557,16563.897413274826,11.4,0.04385964912280704
healthy,False,1.0,1.0,1.0,diazepam,7,20261206,5,1.8499999999999999,1.8499999999999999,0.8499999999999999,10.4,94.89805825242719,6.297557863773501,0.21775275625834406,-1.201963830357222,0.08250769230769368,16907.648793924418,11.4,0.08771929824561409
healthy,False,1.0,1.0,1.0,diazepam,7,20261206,7.5,2.1769230769230767,2.1769230769230767,1.1769230769230767,0.0,nan,4.908571390539901,0.008075624999999996,-2.5431697815931584,0.037850000000000154,156.605575195983,11.4,1.0
healthy,False,1.0,1.0,1.0,diazepam,7,20261206,10,2.457142857142857,2.457142857142857,1.4571428571428569,0.0,nan,4.912486276533044,0.008075624999999996,-2.9863144591837187,0.037561538461538625,156.605575195983,11.4,1.0
healthy,False,1.0,1.0,1.0,diazepam,7,20261206,12.5,2.6999999999999997,2.6999999999999997,1.6999999999999997,0.0,nan,4.917120430010596,0.008075624999999996,-3.5134270714282976,0.03730769230769245,156.605575195983,11.4,1.0
healthy,False,1.0,1.0,1.0,diazepam,7,20261206,15,2.9124999999999996,2.9124999999999996,1.9124999999999996,0.0,nan,4.921021454211694,0.008075624999999996,-4.001058316964297,0.03708076923076936,156.605575195983,11.4,1.0
healthy,False,1.0,1.0,1.0,diazepam,7,20261206,20,3.2666666666666666,3.2666666666666666,2.2666666666666666,0.0,nan,4.927933985995037,0.008075624999999996,-4.77691141666665,0.036715384615384754,156.605575195983,11.4,1.0
healthy,False,1.0,1.0,1.0,diazepam,7,20261206,30,3.7818181818181813,3.7818181818181813,2.7818181818181813,0.0,nan,4.941388299861148,0.008075624999999996,-6.8830934545453095,0.035838461538461625,156.605575195983,11.4,1.0
healthy,False,1.0,1.0,1.0,diazepam,7,20261206,60,4.6,4.6,3.5999999999999996,0.0,nan,4.96571601973031,0.008075624999999996,-11.024329607142969,0.034173076923077014,156.605575195983,11.4,1.0
healthy,False,1.0,1.0,1.0,perampanel,8,20261207,0,1.0,1.0,0.0,11.3,87.28125,6.215787579168599,0.24330826902536723,-0.5454837500000068,0.08580769230769303,20188.144194060464,11.3,0.0
healthy,False,1.0,1.0,1.0,perampanel,8,20261207,6,0.9741421208800244,1.0,0.025857879119975637,11.0,89.68348623853211,6.1476801323046875,0.22051130832777024,-0.5480578571428637,0.08150384615384734,18211.743657640538,11.3,0.026548672566371723
healthy,False,1.0,1.0,1.0,perampanel,8,20261207,8,0.9676668921927091,1.0,0.03233310780729098,11.0,89.68348623853211,6.148215413059445,0.22313391738985297,-0.549386428571435,0.08165769230769324,17983.12006626136,11.3,0.026548672566371723
healthy,False,1.0,1.0,1.0,perampanel,8,20261207,10,0.9615904074078002,1.0,0.03840959259219974,10.7,92.22169811320755,6.105463632802243,0.21930514536048046,-0.5505046428571493,0.07848076923077002,17208.57491076407,11.3,0.053097345132743445
healthy,False,1.0,1.0,1.0,perampanel,8,20261207,12,0.9558253497558058,1.0,0.044174650244194216,7.5,130.29054054054055,6.45232701401165,0.16742116897530007,-0.5604135714285775,0.07386153846154052,12630.034954633073,11.3,0.33628318584070804
healthy,False,1.0,1.0,1.0,perampanel,8,20261207,14,0.9503156200134328,1.0,0.049684379986567204,7.4,132.07534246575344,6.447948691419767,0.16443934070427202,-0.5615760714285776,0.07330384615384816,12543.320566204817,11.3,0.34513274336283184
healthy,False,1.0,1.0,1.0,perampanel,8,20261207,16,0.9450221738818855,1.0,0.05497782611811456,4.4,224.22093023255815,6.843058019102286,0.16025975567423195,-0.5683739285714351,0.07728846153846358,11420.739172428604,11.3,0.6106194690265487
healthy,False,1.0,1.0,1.0,perampanel,8,20261207,18,0.9399162876906435,1.0,0.06008371230935653,0.0,nan,4.486020068384882,0.0,-0.8128033928571402,0.028949999999999976,0.0,11.3,1.0
healthy,False,1.0,1.0,1.0,perampanel,8,20261207,22,0.9301837569953113,1.0,0.06981624300468868,0.0,nan,4.441606996675372,0.0,-0.8133514285714287,0.027826923076922992,0.0,11.3,1.0
healthy,False,1.0,1.0,1.0,memantine,8,20261207,0,1.0,1.0,0.0,11.3,87.28125,6.215787579168599,0.24330826902536723,-0.5454837500000068,0.08580769230769303,20188.144194060464,11.3,0.0
healthy,False,1.0,1.0,1.0,memantine,8,20261207,50,0.9268452221991218,1.0,0.07315477780087822,11.1,88.86818181818182,5.988528518487362,0.16681865750693567,-0.5491096428571494,0.07201153846154039,9260.08822161052,11.3,0.017699115044247926
healthy,False,1.0,1.0,1.0,memantine,8,20261207,100,0.870062755069906,1.0,0.12993724493009393,10.1,97.09,6.078143989467017,0.15651893349474574,-0.5513626785714354,0.07033076923077095,5262.72401822352,11.3,0.10619469026548678
healthy,False,1.0,1.0,1.0,memantine,8,20261207,125,0.8450406189991146,1.0,0.15495938100088538,9.1,107.87777777777778,6.262602045743848,0.17018388739612614,-0.5564167857142929,0.07364615384615572,4207.152820128563,11.3,0.19469026548672574
healthy,False,1.0,1.0,1.0,memantine,8,20261207,150,0.8217846664011272,1.0,0.1782153335988728,7.6,128.55333333333334,6.475297789841998,0.16063615570152476,-0.5602585714285785,0.07487307692307887,3247.6284440147215,11.3,0.32743362831858414
healthy,False,1.0,1.0,1.0,memantine,8,20261207,175,0.8000596497582824,1.0,0.19994035024171763,5.8,169.14912280701753,6.7059412318061264,0.1426761845862577,-0.5639066071428642,0.07715384615384807,2373.17416311088,11.3,0.48672566371681425
healthy,False,1.0,1.0,1.0,memantine,8,20261207,200,0.7796827121197533,1.0,0.22031728788024676,4.6,214.25555555555556,6.752588894857094,0.11890017693657685,-0.5679532142857217,0.07680000000000163,1459.2630744294268,11.3,0.5929203539823009
healthy,False,1.0,1.0,1.0,memantine,8,20261207,250,0.7424088119900276,1.0,0.2575911880099724,2.7,370.84615384615387,6.7684770492744235,0.07959637769294488,-0.5652407142857212,0.07391538461538616,378.4327456365388,11.3,0.7610619469026548
healthy,False,1.0,1.0,1.0,memantine,8,20261207,350,0.6789546199580587,1.0,0.3210453800419412,1.2,731.4545454545455,6.745085596327987,0.05490429863352466,-0.570366785714293,0.07104230769230847,63.31320705433303,11.3,0.8938053097345133
healthy,False,1.0,1.0,1.0,memantine,8,20261207,500,0.6036820500876947,1.0,0.39631794991230535,0.7,853.4166666666666,6.694643866363572,0.04551744815189408,-0.5713300000000072,0.06748846153846222,16.81310175992604,11.3,0.9380530973451328
healthy,False,1.0,1.0,1.0,diazepam,8,20261207,0,1.0,1.0,0.0,11.3,87.28125,6.215787579168599,0.24330826902536723,-0.5454837500000068,0.08580769230769303,20188.144194060464,11.3,0.0
healthy,False,1.0,1.0,1.0,diazepam,8,20261207,2.5,1.4636363636363636,1.4636363636363636,0.4636363636363636,11.0,89.68348623853211,6.283073287353609,0.24312280248664891,-0.8476435681818106,0.08654230769230856,20192.29477835845,11.3,0.026548672566371723
healthy,False,1.0,1.0,1.0,diazepam,8,20261207,5,1.8499999999999999,1.8499999999999999,0.8499999999999999,10.6,93.1,6.370957730139673,0.2439545419726302,-1.1517313750000793,0.08828461538461621,20016.678761326144,11.3,0.06194690265486735
healthy,False,1.0,1.0,1.0,diazepam,8,20261207,7.5,2.1769230769230767,2.1769230769230767,1.1769230769230767,10.3,95.83823529411765,6.450439774504838,0.24691155365487308,-1.6609048420328494,0.08928461538461636,20354.631529786184,11.3,0.08849557522123896
healthy,False,1.0,1.0,1.0,diazepam,8,20261207,10,2.457142857142857,2.457142857142857,1.4571428571428569,0.0,nan,4.905704834754381,0.008623124999999997,-2.966523489795952,0.03822307692307713,204.40669524253212,11.3,1.0
healthy,False,1.0,1.0,1.0,diazepam,8,20261207,12.5,2.6999999999999997,2.6999999999999997,1.6999999999999997,0.0,nan,4.9107521510524,0.008623124999999997,-3.5129936249997327,0.037969230769230956,204.40669524253212,11.3,1.0
healthy,False,1.0,1.0,1.0,diazepam,8,20261207,15,2.9124999999999996,2.9124999999999996,1.9124999999999996,0.0,nan,4.91537550220998,0.008623124999999997,-4.023920401785749,0.03773076923076943,204.40669524253212,11.3,1.0
healthy,False,1.0,1.0,1.0,diazepam,8,20261207,20,3.2666666666666666,3.2666666666666666,2.2666666666666666,0.0,nan,4.92167887523689,0.008623124999999997,-4.826260833333321,0.03728076923076939,204.40669524253212,11.3,1.0
healthy,False,1.0,1.0,1.0,diazepam,8,20261207,30,3.7818181818181813,3.7818181818181813,2.7818181818181813,0.0,nan,4.9358773501107756,0.008623124999999997,-6.931495324675193,0.03637692307692316,204.40669524253212,11.3,1.0
healthy,False,1.0,1.0,1.0,diazepam,8,20261207,60,4.6,4.6,3.5999999999999996,0.0,nan,4.958481636396045,0.008623124999999997,-10.808188750000236,0.034711538461538495,204.40669524253212,11.3,1.0
healthy,False,1.0,1.0,1.0,perampanel,9,20261208,0,1.0,1.0,0.0,11.1,88.86363636363636,6.111207027054007,0.21451141371829058,-0.548329107142863,0.07896923076923093,15707.295386888063,11.1,0.0
healthy,False,1.0,1.0,1.0,perampanel,9,20261208,6,0.9741421208800244,1.0,0.025857879119975637,10.7,92.21698113207547,6.012789242083359,0.19062879122162846,-0.5530732142857201,0.07284615384615412,13031.580555042341,11.1,0.03603603603603611
healthy,False,1.0,1.0,1.0,perampanel,9,20261208,8,0.9676668921927091,1.0,0.03233310780729098,10.5,93.99038461538461,6.033360849061063,0.1934316038050731,-0.5545789285714336,0.07250769230769258,13246.091309612793,11.1,0.05405405405405406
healthy,False,1.0,1.0,1.0,perampanel,9,20261208,10,0.9615904074078002,1.0,0.03840959259219974,10.2,96.78217821782178,6.083132257711516,0.20289324808077397,-0.5560846428571483,0.07302692307692342,13744.727338859642,11.1,0.08108108108108114
healthy,False,1.0,1.0,1.0,perampanel,9,20261208,12,0.9558253497558058,1.0,0.044174650244194216,9.9,99.74489795918367,6.109877213015592,0.20064491630507303,-0.5568042857142911,0.07289230769230805,13275.362627548451,11.1,0.108108108108108
healthy,False,1.0,1.0,1.0,perampanel,9,20261208,14,0.9503156200134328,1.0,0.049684379986567204,5.9,168.54310344827587,6.546788320614959,0.16613467189586092,-0.5652794642857198,0.07440384615384645,8584.683150204331,11.1,0.46846846846846846
healthy,False,1.0,1.0,1.0,perampanel,9,20261208,16,0.9450221738818855,1.0,0.05497782611811456,5.6,177.73636363636365,6.568405079693295,0.166054483978638,-0.567095178571434,0.07375384615384643,8099.7794205179525,11.1,0.49549549549549554
healthy,False,1.0,1.0,1.0,perampanel,9,20261208,18,0.9399162876906435,1.0,0.06008371230935653,5.5,181.02777777777777,6.5677299921457815,0.16243394834779695,-0.5671616071428627,0.07349615384615417,8030.204004843393,11.1,0.5045045045045045
healthy,False,1.0,1.0,1.0,perampanel,9,20261208,22,0.9301837569953113,1.0,0.06981624300468868,0.0,nan,4.443221798294888,0.0,-0.824893392857141,0.027746153846153733,0.0,11.1,1.0
healthy,False,1.0,1.0,1.0,memantine,9,20261208,0,1.0,1.0,0.0,11.1,88.86363636363636,6.111207027054007,0.21451141371829058,-0.548329107142863,0.07896923076923093,15707.295386888063,11.1,0.0
healthy,False,1.0,1.0,1.0,memantine,9,20261208,50,0.9268452221991218,1.0,0.07315477780087822,10.7,92.21698113207547,6.076625958668434,0.17933913490115463,-0.5539533928571487,0.0745538461538469,7247.848606460553,11.1,0.03603603603603611
healthy,False,1.0,1.0,1.0,memantine,9,20261208,100,0.870062755069906,1.0,0.12993724493009393,8.8,112.35632183908046,6.301679653554013,0.16941994058858778,-0.5618750000000062,0.07462307692307799,4441.000365121194,11.1,0.2072072072072071
healthy,False,1.0,1.0,1.0,memantine,9,20261208,125,0.8450406189991146,1.0,0.15495938100088538,7.7,128.625,6.4316686834638235,0.15631631031095705,-0.5632866071428634,0.07440769230769372,3333.787213382281,11.1,0.3063063063063063
healthy,False,1.0,1.0,1.0,memantine,9,20261208,150,0.8217846664011272,1.0,0.1782153335988728,6.6,149.36923076923077,6.541822814536818,0.13566742398594916,-0.5645376785714349,0.07367692307692464,2428.5187242825527,11.1,0.4054054054054054
healthy,False,1.0,1.0,1.0,memantine,9,20261208,175,0.8000596497582824,1.0,0.19994035024171763,4.7,209.59782608695653,6.785058293533776,0.11948272084687699,-0.567593392857149,0.0777346153846172,1722.67453501799,11.1,0.5765765765765766
healthy,False,1.0,1.0,1.0,memantine,9,20261208,200,0.7796827121197533,1.0,0.22031728788024676,4.5,219.125,6.71679155986194,0.10755105253070553,-0.5686341071428633,0.07539230769230938,1229.1924604104845,11.1,0.5945945945945945
healthy,False,1.0,1.0,1.0,memantine,9,20261208,250,0.7424088119900276,1.0,0.2575911880099724,3.0,332.48275862068965,6.8036438158841905,0.09775392075599226,-0.5664973214285778,0.07615000000000162,647.8786334950086,11.1,0.7297297297297297
healthy,False,1.0,1.0,1.0,memantine,9,20261208,350,0.6789546199580587,1.0,0.3210453800419412,1.0,746.6111111111111,6.752733472269305,0.04730435403518707,-0.5728467857142919,0.07082692307692384,55.20344926092162,11.1,0.9099099099099099
healthy,False,1.0,1.0,1.0,memantine,9,20261208,500,0.6036820500876947,1.0,0.39631794991230535,0.7,1120.0,6.703442108198562,0.04269782520195242,-0.5733450000000061,0.06738076923076997,18.129585049431693,11.1,0.9369369369369369
healthy,False,1.0,1.0,1.0,diazepam,9,20261208,0,1.0,1.0,0.0,11.1,88.86363636363636,6.111207027054007,0.21451141371829058,-0.548329107142863,0.07896923076923093,15707.295386888063,11.1,0.0
healthy,False,1.0,1.0,1.0,diazepam,9,20261208,2.5,1.4636363636363636,1.4636363636363636,0.4636363636363636,10.9,90.50925925925925,6.160539591737411,0.2232777001001331,-0.8540686704545316,0.07976538461538477,16176.017344940037,11.1,0.018018018018017945
healthy,False,1.0,1.0,1.0,diazepam,9,20261208,5,1.8499999999999999,1.8499999999999999,0.8499999999999999,10.2,96.78217821782178,6.314706331464032,0.2257851623831771,-1.1853323303572239,0.0820653846153847,16487.902615535808,11.1,0.08108108108108114
healthy,False,1.0,1.0,1.0,diazepam,9,20261208,7.5,2.1769230769230767,2.1769230769230767,1.1769230769230767,9.9,99.74489795918367,6.391998247621393,0.22482009312416518,-1.699756699175707,0.08305000000000033,16233.699552144308,11.1,0.108108108108108
healthy,False,1.0,1.0,1.0,diazepam,9,20261208,10,2.457142857142857,2.457142857142857,1.4571428571428569,9.3,106.25,6.521206718879043,0.2182041148197592,-2.053010428571433,0.08533076923076949,16001.876573590824,11.1,0.16216216216216206
healthy,False,1.0,1.0,1.0,diazepam,9,20261208,12.5,2.6999999999999997,2.6999999999999997,1.6999999999999997,0.0,nan,4.814931858023867,0.002600624999999999,-3.5908645178568084,0.034873076923077034,68.22826949673862,11.1,1.0
healthy,False,1.0,1.0,1.0,diazepam,9,20261208,15,2.9124999999999996,2.9124999999999996,1.9124999999999996,0.0,nan,4.818775419590319,0.002600624999999999,-4.046524522321456,0.03461923076923088,68.22826949673862,11.1,1.0
healthy,False,1.0,1.0,1.0,diazepam,9,20261208,20,3.2666666666666666,3.2666666666666666,2.2666666666666666,0.0,nan,4.8252646112569195,0.002600624999999999,-4.871631916666665,0.03425384615384623,68.22826949673862,11.1,1.0
healthy,False,1.0,1.0,1.0,diazepam,9,20261208,30,3.7818181818181813,3.7818181818181813,2.7818181818181813,0.0,nan,4.839907197369485,0.002600624999999999,-7.09725916883101,0.03345384615384622,68.22826949673862,11.1,1.0
healthy,False,1.0,1.0,1.0,diazepam,9,20261208,60,4.6,4.6,3.5999999999999996,0.0,nan,4.863505976844869,0.002600624999999999,-11.33820239285722,0.031923076923076985,68.22826949673862,11.1,1.0
healthy,False,1.0,1.0,1.0,perampanel,10,20261209,0,1.0,1.0,0.0,11.3,87.28125,6.020176612912303,0.20335785555740965,-0.5417692857142903,0.07516538461538483,16438.137355903906,11.3,0.0
healthy,False,1.0,1.0,1.0,perampanel,10,20261209,6,0.9741421208800244,1.0,0.025857879119975637,10.7,92.22169811320755,6.032319261834002,0.18488614485981283,-0.5435075000000044,0.07304230769230817,14586.005306551286,11.3,0.053097345132743445
healthy,False,1.0,1.0,1.0,perampanel,10,20261209,8,0.9676668921927091,1.0,0.03233310780729098,10.7,92.22169811320755,5.997582426813259,0.18193881859145503,-0.5437732142857187,0.07211538461538523,14255.542448334265,11.3,0.053097345132743445
healthy,False,1.0,1.0,1.0,perampanel,10,20261209,10,0.9615904074078002,1.0,0.03840959259219974,9.3,106.2554347826087,6.198769205132628,0.18596016588785025,-0.5577564285714334,0.07383076923076995,14099.97768449347,11.3,0.17699115044247782
healthy,False,1.0,1.0,1.0,perampanel,10,20261209,12,0.9558253497558058,1.0,0.044174650244194216,9.1,108.61666666666666,6.2136087004548095,0.18547838050734286,-0.5581273214285764,0.07319230769230843,14144.940890688771,11.3,0.19469026548672574
healthy,False,1.0,1.0,1.0,perampanel,10,20261209,14,0.9503156200134328,1.0,0.049684379986567204,0.0,nan,4.640123913461209,0.0038324999999999995,-0.8055405357142851,0.032488461538461584,115.03978316448145,11.3,1.0
healthy,False,1.0,1.0,1.0,perampanel,10,20261209,16,0.9450221738818855,1.0,0.05497782611811456,0.0,nan,4.615559255434452,0.0038324999999999995,-0.8077326785714255,0.03181923076923077,115.03978316448145,11.3,1.0
healthy,False,1.0,1.0,1.0,perampanel,10,20261209,18,0.9399162876906435,1.0,0.06008371230935653,0.0,nan,4.591701522393296,0.0038324999999999995,-0.8083416071428565,0.031173076923076894,115.03978316448145,11.3,1.0
healthy,False,1.0,1.0,1.0,perampanel,10,20261209,22,0.9301837569953113,1.0,0.06981624300468868,0.0,nan,4.442737813547898,0.0,-0.8216826785714267,0.027984615384615278,0.0,11.3,1.0
healthy,False,1.0,1.0,1.0,memantine,10,20261209,0,1.0,1.0,0.0,11.3,87.28125,6.020176612912303,0.20335785555740965,-0.5417692857142903,0.07516538461538483,16438.137355903906,11.3,0.0
healthy,False,1.0,1.0,1.0,memantine,10,20261209,50,0.9268452221991218,1.0,0.07315477780087822,10.8,91.35981308411215,6.015407491164202,0.1767268968170825,-0.5425553571428614,0.07226538461538548,8317.775654724797,11.3,0.04424778761061943
healthy,False,1.0,1.0,1.0,memantine,10,20261209,100,0.870062755069906,1.0,0.12993724493009393,8.9,111.08522727272727,6.314188894724747,0.17238330601384375,-0.5536267857142902,0.07578846153846223,5073.5592693418175,11.3,0.21238938053097345
healthy,False,1.0,1.0,1.0,memantine,10,20261209,125,0.8450406189991146,1.0,0.15495938100088538,7.7,128.625,6.43662457907601,0.15319802073295294,-0.5543907142857187,0.07498461538461627,3458.9849496612765,11.3,0.31858407079646023
healthy,False,1.0,1.0,1.0,memantine,10,20261209,150,0.8217846664011272,1.0,0.1782153335988728,7.3,135.77083333333334,6.454939109085339,0.14596130862073306,-0.5541526785714331,0.0733076923076933,2678.2527005744732,11.3,0.35398230088495586
healthy,False,1.0,1.0,1.0,memantine,10,20261209,175,0.8000596497582824,1.0,0.19994035024171763,6.4,155.16666666666666,6.523953571570661,0.12343220809775841,-0.5630153571428623,0.07293461538461637,1839.3750454396236,11.3,0.4336283185840708
healthy,False,1.0,1.0,1.0,memantine,10,20261209,200,0.7796827121197533,1.0,0.22031728788024676,4.7,209.6086956521739,6.7175259801572365,0.10719991971479367,-0.5584151785714333,0.0756769230769246,1288.3456875449479,11.3,0.584070796460177
healthy,False,1.0,1.0,1.0,memantine,10,20261209,250,0.7424088119900276,1.0,0.2575911880099724,2.7,370.84615384615387,6.8330167667119035,0.09243642395901376,-0.5668460714285763,0.07590769230769376,505.2610275079674,11.3,0.7610619469026548
healthy,False,1.0,1.0,1.0,memantine,10,20261209,350,0.6789546199580587,1.0,0.3210453800419412,1.2,731.4545454545455,6.77167170500495,0.05170451264368829,-0.5664751785714341,0.07250000000000084,61.654986602556846,11.3,0.8938053097345133
healthy,False,1.0,1.0,1.0,memantine,10,20261209,500,0.6036820500876947,1.0,0.39631794991230535,0.5,1230.25,6.741008757704854,0.046493087909812866,-0.5680971428571483,0.06891923076923151,16.577575857700953,11.3,0.9557522123893806
healthy,False,1.0,1.0,1.0,diazepam,10,20261209,0,1.0,1.0,0.0,11.3,87.28125,6.020176612912303,0.20335785555740965,-0.5417692857142903,0.07516538461538483,16438.137355903906,11.3,0.0
healthy,False,1.0,1.0,1.0,diazepam,10,20261209,2.5,1.4636363636363636,1.4636363636363636,0.4636363636363636,11.1,88.86818181818182,6.07501534643712,0.20343000275367132,-0.858152215909083,0.07584615384615415,16558.29256913507,11.3,0.017699115044247926
healthy,False,1.0,1.0,1.0,diazepam,10,20261209,5,1.8499999999999999,1.8499999999999999,0.8499999999999999,10.4,94.90776699029126,6.235238395760915,0.2045179122997327,-1.2114265803572222,0.07844615384615412,16507.7014330075,11.3,0.07964601769911506
healthy,False,1.0,1.0,1.0,diazepam,10,20261209,7.5,2.1769230769230767,2.1769230769230767,1.1769230769230767,0.0,nan,4.9154738350244145,0.009033749999999998,-2.5163566978019545,0.038196153846154116,204.39981583813153,11.3,1.0
healthy,False,1.0,1.0,1.0,diazepam,10,20261209,10,2.457142857142857,2.457142857142857,1.4571428571428569,0.0,nan,4.919905965637713,0.009033749999999998,-3.000365367346998,0.037830769230769515,204.39981583813153,11.3,1.0
healthy,False,1.0,1.0,1.0,diazepam,10,20261209,12.5,2.6999999999999997,2.6999999999999997,1.6999999999999997,0.0,nan,4.923776176509434,0.009033749999999998,-3.4688269285711613,0.037615384615384904,204.39981583813153,11.3,1.0
healthy,False,1.0,1.0,1.0,diazepam,10,20261209,15,2.9124999999999996,2.9124999999999996,1.9124999999999996,0.0,nan,4.928397085394867,0.009033749999999998,-4.019228676339271,0.03738461538461564,204.39981583813153,11.3,1.0
healthy,False,1.0,1.0,1.0,diazepam,10,20261209,20,3.2666666666666666,3.2666666666666666,2.2666666666666666,0.0,nan,4.934874896335051,0.009033749999999998,-4.801450499999971,0.03696153846153868,204.39981583813153,11.3,1.0
healthy,False,1.0,1.0,1.0,diazepam,10,20261209,30,3.7818181818181813,3.7818181818181813,2.7818181818181813,0.0,nan,4.948885135063527,0.009033749999999998,-6.918159688311534,0.03609615384615401,204.39981583813153,11.3,1.0
healthy,False,1.0,1.0,1.0,diazepam,10,20261209,60,4.6,4.6,3.5999999999999996,0.0,nan,4.974196054282555,0.009033749999999998,-11.2056607857144,0.034419230769230896,204.39981583813153,11.3,1.0
healthy,False,1.0,1.0,1.0,perampanel,11,20261210,0,1.0,1.0,0.0,11.0,89.6788990825688,6.0774454998900875,0.20293440195260312,-0.5475375000000051,0.07616923076923117,15688.407758372414,11.0,0.0
healthy,False,1.0,1.0,1.0,perampanel,11,20261210,6,0.9741421208800244,1.0,0.025857879119975637,10.3,95.83333333333333,6.096300005331363,0.18097230565754308,-0.5508201785714334,0.07347692307692359,13418.265000185593,11.0,0.0636363636363636
healthy,False,1.0,1.0,1.0,perampanel,11,20261210,8,0.9676668921927091,1.0,0.03233310780729098,9.4,105.10752688172043,6.205977986404702,0.18397494843124135,-0.5559075000000052,0.07442692307692363,12280.870165415063,11.0,0.1454545454545454
healthy,False,1.0,1.0,1.0,perampanel,11,20261210,10,0.9615904074078002,1.0,0.03840959259219974,5.7,174.55357142857142,6.600010889551655,0.15951173105807717,-0.5670619642857204,0.07380769230769264,7996.953856221776,11.0,0.4818181818181818
healthy,False,1.0,1.0,1.0,perampanel,11,20261210,12,0.9558253497558058,1.0,0.044174650244194216,5.7,174.55357142857142,6.575779461405173,0.15959104180574074,-0.5670619642857204,0.07297692307692345,8027.285160899326,11.0,0.4818181818181818
healthy,False,1.0,1.0,1.0,perampanel,11,20261210,14,0.9503156200134328,1.0,0.049684379986567204,5.6,177.72727272727272,6.530547346201067,0.15767442631842435,-0.5683241071428631,0.07156153846153886,7926.378851832248,11.0,0.49090909090909096
healthy,False,1.0,1.0,1.0,perampanel,11,20261210,16,0.9450221738818855,1.0,0.05497782611811456,5.6,177.72727272727272,6.501806885164713,0.1499291287550064,-0.5682964285714345,0.07055769230769272,7468.086716601083,11.0,0.49090909090909096
healthy,False,1.0,1.0,1.0,perampanel,11,20261210,18,0.9399162876906435,1.0,0.06008371230935653,5.6,177.72727272727272,6.476795780525828,0.14795666680574074,-0.5681912500000058,0.06938846153846201,7346.675140348076,11.0,0.49090909090909096
healthy,False,1.0,1.0,1.0,perampanel,11,20261210,22,0.9301837569953113,1.0,0.06981624300468868,0.0,nan,4.441933986583526,0.0,-0.8091553571428525,0.027780769230769123,0.0,11.0,1.0
healthy,False,1.0,1.0,1.0,memantine,11,20261210,0,1.0,1.0,0.0,11.0,89.6788990825688,6.0774454998900875,0.20293440195260312,-0.5475375000000051,0.07616923076923117,15688.407758372414,11.0,0.0
healthy,False,1.0,1.0,1.0,memantine,11,20261210,50,0.9268452221991218,1.0,0.07315477780087822,10.4,94.90291262135922,6.126143316834403,0.1749120766402521,-0.5507814285714338,0.07428461538461616,7804.9908322209585,11.0,0.054545454545454564
healthy,False,1.0,1.0,1.0,memantine,11,20261210,100,0.870062755069906,1.0,0.12993724493009393,8.4,117.7710843373494,6.43161378929168,0.17884304737075254,-0.558597857142862,0.07740000000000051,5201.1569193174,11.0,0.23636363636363633
healthy,False,1.0,1.0,1.0,memantine,11,20261210,125,0.8450406189991146,1.0,0.15495938100088538,8.1,122.1875,6.423695527662968,0.16550251517086134,-0.5586919642857192,0.07609615384615459,3876.9963209099433,11.0,0.26363636363636367
healthy,False,1.0,1.0,1.0,memantine,11,20261210,150,0.8217846664011272,1.0,0.1782153335988728,7.3,135.76388888888889,6.467332976574414,0.1520550876894739,-0.5608564285714336,0.07447307692307785,2797.0732236028252,11.0,0.3363636363636364
healthy,False,1.0,1.0,1.0,memantine,11,20261210,175,0.8000596497582824,1.0,0.19994035024171763,6.5,152.734375,6.5362885921281855,0.13577449465229857,-0.5643882142857195,0.07474615384615489,2077.759823832166,11.0,0.40909090909090906
healthy,False,1.0,1.0,1.0,memantine,11,20261210,200,0.7796827121197533,1.0,0.22031728788024676,4.4,224.22093023255815,6.780343063430294,0.11524400150402186,-0.5598157142857199,0.0774500000000016,1330.5095547497492,11.0,0.6
healthy,False,1.0,1.0,1.0,memantine,11,20261210,250,0.7424088119900276,1.0,0.2575911880099724,3.1,321.3833333333333,6.834729731829139,0.10514434072299887,-0.5635135714285769,0.07657307692307835,635.7676828527932,11.0,0.7181818181818183
healthy,False,1.0,1.0,1.0,memantine,11,20261210,350,0.6789546199580587,1.0,0.3210453800419412,0.9,1005.75,6.832984041403472,0.05279153066119005,-0.565196428571435,0.07315384615384718,69.15032320895148,11.0,0.9181818181818182
healthy,False,1.0,1.0,1.0,memantine,11,20261210,500,0.6036820500876947,1.0,0.39631794991230535,0.4,2615.5,6.768590305408063,0.04883836093878176,-0.566419821428578,0.06914615384615469,18.423972950032667,11.0,0.9636363636363636
healthy,False,1.0,1.0,1.0,diazepam,11,20261210,0,1.0,1.0,0.0,11.0,89.6788990825688,6.0774454998900875,0.20293440195260312,-0.5475375000000051,0.07616923076923117,15688.407758372414,11.0,0.0
healthy,False,1.0,1.0,1.0,diazepam,11,20261210,2.5,1.4636363636363636,1.4636363636363636,0.4636363636363636,10.7,92.21698113207547,6.148845176941447,0.2029037192923895,-0.8562076704545311,0.07688076923076971,15730.946412945517,11.0,0.027272727272727337
healthy,False,1.0,1.0,1.0,diazepam,11,20261210,5,1.8499999999999999,1.8499999999999999,0.8499999999999999,10.2,96.78217821782178,6.265742812622922,0.20873055565754306,-1.207145812500079,0.07834230769230795,15874.404525227785,11.0,0.07272727272727275
healthy,False,1.0,1.0,1.0,diazepam,11,20261210,7.5,2.1769230769230767,2.1769230769230767,1.1769230769230767,9.4,105.10752688172043,6.4223107748546315,0.20277073673230936,-1.7223399436812,0.08071923076923108,15458.80661304859,11.0,0.1454545454545454
healthy,False,1.0,1.0,1.0,diazepam,11,20261210,10,2.457142857142857,2.457142857142857,1.4571428571428569,9.4,105.10752688172043,6.432279423409328,0.20369891004672858,-2.0466582755102123,0.08083076923076957,15651.5811464547,11.0,0.1454545454545454
healthy,False,1.0,1.0,1.0,diazepam,11,20261210,12.5,2.6999999999999997,2.6999999999999997,1.6999999999999997,9.1,108.61111111111111,6.522551718372399,0.20657968107476596,-2.601082124999845,0.0821923076923081,15732.053490573066,11.0,0.17272727272727273
healthy,False,1.0,1.0,1.0,diazepam,11,20261210,15,2.9124999999999996,2.9124999999999996,1.9124999999999996,0.0,nan,4.967777617000822,0.015466874999999993,-3.9673133638393074,0.03854615384615402,314.2071812125271,11.0,1.0
healthy,False,1.0,1.0,1.0,diazepam,11,20261210,20,3.2666666666666666,3.2666666666666666,2.2666666666666666,0.0,nan,4.974224245469901,0.015466874999999993,-4.716169500000005,0.038142307692307864,314.2071812125271,11.0,1.0
healthy,False,1.0,1.0,1.0,diazepam,11,20261210,30,3.7818181818181813,3.7818181818181813,2.7818181818181813,0.0,nan,4.986743201517164,0.015466874999999993,-6.592116987012871,0.037273076923077075,314.2071812125271,11.0,1.0
healthy,False,1.0,1.0,1.0,diazepam,11,20261210,60,4.6,4.6,3.5999999999999996,0.0,nan,5.01231907718832,0.015466874999999993,-10.997795821428745,0.03555384615384625,314.2071812125271,11.0,1.0
healthy,False,1.0,1.0,1.0,perampanel,12,20261211,0,1.0,1.0,0.0,7.4,133.91095890410958,6.528409102753225,0.19026511306742303,-0.564388214285721,0.07913461538461546,11054.564890733434,7.4,0.0
healthy,False,1.0,1.0,1.0,perampanel,12,20261211,6,0.9741421208800244,1.0,0.025857879119975637,6.2,160.24590163934425,6.606693100204191,0.1746205015854471,-0.5693537500000065,0.07744230769230799,9030.229895184944,7.4,0.16216216216216217
healthy,False,1.0,1.0,1.0,perampanel,12,20261211,8,0.9676668921927091,1.0,0.03233310780729098,6.1,162.91666666666666,6.602211775573423,0.17453402728638165,-0.5697025000000066,0.07681923076923115,8893.418341643372,7.4,0.17567567567567577
healthy,False,1.0,1.0,1.0,perampanel,12,20261211,10,0.9615904074078002,1.0,0.03840959259219974,5.7,174.55357142857142,6.608637693464851,0.1476640942089451,-0.5697301785714352,0.07421153846153905,7025.198003842703,7.4,0.22972972972972971
healthy,False,1.0,1.0,1.0,perampanel,12,20261211,12,0.9558253497558058,1.0,0.044174650244194216,5.2,191.66666666666666,6.660930855642336,0.1470680757676901,-0.5702505357142919,0.07459230769230846,6912.029447569451,7.4,0.29729729729729726
healthy,False,1.0,1.0,1.0,perampanel,12,20261211,14,0.9503156200134328,1.0,0.049684379986567204,5.2,191.66666666666666,6.6055136007977895,0.14531373664886502,-0.5702505357142919,0.07210000000000069,6811.123138502329,7.4,0.29729729729729726
healthy,False,1.0,1.0,1.0,perampanel,12,20261211,16,0.9450221738818855,1.0,0.05497782611811456,0.0,nan,4.617670608679051,0.0038324999999999995,-0.8068524999999995,0.031903846153846144,115.03978316448145,7.4,1.0
healthy,False,1.0,1.0,1.0,perampanel,12,20261211,18,0.9399162876906435,1.0,0.06008371230935653,0.0,nan,4.593899100037327,0.0038324999999999995,-0.8112976785714303,0.031303846153846134,115.03978316448145,7.4,1.0
healthy,False,1.0,1.0,1.0,perampanel,12,20261211,22,0.9301837569953113,1.0,0.06981624300468868,0.0,nan,4.5484300193561,0.0038324999999999995,-0.8189092857142872,0.030088461538461495,115.03978316448145,7.4,1.0
healthy,False,1.0,1.0,1.0,memantine,12,20261211,0,1.0,1.0,0.0,7.4,133.91095890410958,6.528409102753225,0.19026511306742303,-0.564388214285721,0.07913461538461546,11054.564890733434,7.4,0.0
healthy,False,1.0,1.0,1.0,memantine,12,20261211,50,0.9268452221991218,1.0,0.07315477780087822,6.3,157.66935483870967,6.656309504498575,0.16851560956107067,-0.5668792857142922,0.07951538461538518,5864.715905838615,7.4,0.14864864864864868
healthy,False,1.0,1.0,1.0,memantine,12,20261211,100,0.870062755069906,1.0,0.12993724493009393,4.9,203.65625,6.770334474505851,0.12469701536441856,-0.5712192857142924,0.07939230769230894,2713.7115676542053,7.4,0.33783783783783783
healthy,False,1.0,1.0,1.0,memantine,12,20261211,125,0.8450406189991146,1.0,0.15495938100088538,4.8,207.98936170212767,6.735414612525269,0.11784846940846558,-0.5713023214285781,0.0771423076923092,1968.047324547183,7.4,0.3513513513513514
healthy,False,1.0,1.0,1.0,memantine,12,20261211,150,0.8217846664011272,1.0,0.1782153335988728,4.6,217.23333333333332,6.70059275552086,0.11146245704669834,-0.5716012500000064,0.07516923076923232,1486.8322944689357,7.4,0.3783783783783785
healthy,False,1.0,1.0,1.0,memantine,12,20261211,175,0.8000596497582824,1.0,0.19994035024171763,3.4,292.1666666666667,6.8346951044916215,0.1028924093629289,-0.5641335714285779,0.07649615384615574,1084.5136988118575,7.4,0.5405405405405406
healthy,False,1.0,1.0,1.0,memantine,12,20261211,200,0.7796827121197533,1.0,0.22031728788024676,3.1,321.3833333333333,6.817091048692049,0.0972913175437187,-0.5638457142857204,0.07526153846154018,767.523480574832,7.4,0.5810810810810811
healthy,False,1.0,1.0,1.0,memantine,12,20261211,250,0.7424088119900276,1.0,0.2575911880099724,2.2,421.1666666666667,6.7622940057045025,0.06742300270759281,-0.5679975000000063,0.07246923076923203,256.27020440844984,7.4,0.7027027027027026
healthy,False,1.0,1.0,1.0,memantine,12,20261211,350,0.6789546199580587,1.0,0.3210453800419412,0.9,640.0,6.761565183609899,0.05339088567036067,-0.5712026785714348,0.07029230769230838,54.06517993800356,7.4,0.8783783783783784
healthy,False,1.0,1.0,1.0,memantine,12,20261211,500,0.6036820500876947,1.0,0.39631794991230535,0.5,1280.0,6.705150400755338,0.03999242661318453,-0.572669642857149,0.06671923076923139,13.03116740468483,7.4,0.9324324324324325
healthy,False,1.0,1.0,1.0,diazepam,12,20261211,0,1.0,1.0,0.0,7.4,133.91095890410958,6.528409102753225,0.19026511306742303,-0.564388214285721,0.07913461538461546,11054.564890733434,7.4,0.0
healthy,False,1.0,1.0,1.0,diazepam,12,20261211,2.5,1.4636363636363636,1.4636363636363636,0.4636363636363636,7.3,135.76388888888889,6.575341670813896,0.19640864419225607,-0.9037274999999915,0.08017692307692331,12065.092090761653,7.4,0.013513513513513598
healthy,False,1.0,1.0,1.0,diazepam,12,20261211,5,1.8499999999999999,1.8499999999999999,0.8499999999999999,7.2,137.67605633802816,6.606627404118938,0.19339468958611458,-1.2462257410715116,0.08051153846153869,11751.74475034044,7.4,0.027027027027027084
healthy,False,1.0,1.0,1.0,diazepam,12,20261211,7.5,2.1769230769230767,2.1769230769230767,1.1769230769230767,7.1,139.64285714285714,6.63752792110763,0.19551426018024007,-1.7987662706042655,0.08075769230769278,11872.219593221293,7.4,0.04054054054054068
healthy,False,1.0,1.0,1.0,diazepam,12,20261211,10,2.457142857142857,2.457142857142857,1.4571428571428569,0.0,nan,4.921965288543173,0.006433125,-3.037063673469452,0.03784230769230802,183.24786556451053,7.4,1.0
healthy,False,1.0,1.0,1.0,diazepam,12,20261211,12.5,2.6999999999999997,2.6999999999999997,1.6999999999999997,0.0,nan,4.92660966836269,0.006433125,-3.5457113571425705,0.03756538461538493,183.24786556451053,7.4,1.0
healthy,False,1.0,1.0,1.0,diazepam,12,20261211,15,2.9124999999999996,2.9124999999999996,1.9124999999999996,0.0,nan,4.930772718335684,0.006433125,-4.04284853125002,0.037323076923077236,183.24786556451053,7.4,1.0
healthy,False,1.0,1.0,1.0,diazepam,12,20261211,20,3.2666666666666666,3.2666666666666666,2.2666666666666666,0.0,nan,4.936741234180717,0.006433125,-4.767688916666693,0.03690000000000029,183.24786556451053,7.4,1.0
healthy,False,1.0,1.0,1.0,diazepam,12,20261211,30,3.7818181818181813,3.7818181818181813,2.7818181818181813,0.0,nan,4.949598625400902,0.006433125,-6.822716727272637,0.036084615384615666,183.24786556451053,7.4,1.0
healthy,False,1.0,1.0,1.0,diazepam,12,20261211,60,4.6,4.6,3.5999999999999996,0.0,nan,4.974470499806478,0.006433125,-10.901642678571655,0.034419230769230924,183.24786556451053,7.4,1.0
healthy,False,1.0,1.0,1.0,perampanel,13,20261212,0,1.0,1.0,0.0,10.8,91.35514018691589,6.081218357364095,0.20280057877169538,-0.5499842857142901,0.07764615384615463,14530.040251766319,10.8,0.0
healthy,False,1.0,1.0,1.0,perampanel,13,20261212,6,0.9741421208800244,1.0,0.025857879119975637,9.7,101.82291666666667,6.130358683818189,0.18834950267022668,-0.5536544642857191,0.07114230769230838,11861.067116707118,10.8,0.10185185185185197
healthy,False,1.0,1.0,1.0,perampanel,13,20261212,8,0.9676668921927091,1.0,0.03233310780729098,9.6,102.89473684210526,6.139090660182724,0.19073087182910523,-0.5536876785714333,0.07115000000000066,12129.662966542746,10.8,0.11111111111111116
healthy,False,1.0,1.0,1.0,perampanel,13,20261212,10,0.9615904074078002,1.0,0.03840959259219974,9.3,106.2445652173913,6.1765416304413066,0.18332425308744973,-0.5551712500000047,0.071484615384616,11704.8170765729,10.8,0.13888888888888884
healthy,False,1.0,1.0,1.0,perampanel,13,20261212,12,0.9558253497558058,1.0,0.044174650244194216,8.8,112.35057471264368,6.230960419226847,0.17918733870160186,-0.5568817857142899,0.07160000000000061,11148.488226854828,10.8,0.18518518518518512
healthy,False,1.0,1.0,1.0,perampanel,13,20261212,14,0.9503156200134328,1.0,0.049684379986567204,0.0,nan,4.664308395255184,0.006433125,-0.8033705357142842,0.03332692307692311,183.2951153161738,10.8,1.0
healthy,False,1.0,1.0,1.0,perampanel,13,20261212,16,0.9450221738818855,1.0,0.05497782611811456,0.0,nan,4.63963345887524,0.006433125,-0.8099525000000009,0.03264230769230769,183.2951153161738,10.8,1.0
healthy,False,1.0,1.0,1.0,perampanel,13,20261212,18,0.9399162876906435,1.0,0.06008371230935653,0.0,nan,4.6156831957912745,0.006433125,-0.8128476785714304,0.03198076923076921,183.2951153161738,10.8,1.0
healthy,False,1.0,1.0,1.0,perampanel,13,20261212,22,0.9301837569953113,1.0,0.06981624300468868,0.0,nan,4.5700531338440085,0.006433125,-0.8137278571428535,0.03089615384615379,183.2951153161738,10.8,1.0
healthy,False,1.0,1.0,1.0,memantine,13,20261212,0,1.0,1.0,0.0,10.8,91.35514018691589,6.081218357364095,0.20280057877169538,-0.5499842857142901,0.07764615384615463,14530.040251766319,10.8,0.0
healthy,False,1.0,1.0,1.0,memantine,13,20261212,50,0.9268452221991218,1.0,0.07315477780087822,8.9,111.07954545454545,6.2853579371840285,0.1755250450782954,-0.5597548214285766,0.0733615384615391,6832.553286516645,10.8,0.17592592592592593
healthy,False,1.0,1.0,1.0,memantine,13,20261212,100,0.870062755069906,1.0,0.12993724493009393,6.2,158.0655737704918,6.579527247787467,0.14082524581251077,-0.5673885714285765,0.07431538461538603,3789.6614080105214,10.8,0.42592592592592593
healthy,False,1.0,1.0,1.0,memantine,13,20261212,125,0.8450406189991146,1.0,0.15495938100088538,5.1,192.84,6.693232674073397,0.12638471145960317,-0.5704166071428624,0.07481538461538607,2455.9812654890015,10.8,0.5277777777777779
healthy,False,1.0,1.0,1.0,memantine,13,20261212,150,0.8217846664011272,1.0,0.1782153335988728,4.1,241.05,6.787536748592521,0.11154829761183009,-0.5729851785714332,0.07585000000000157,1613.450924966354,10.8,0.6203703703703705
healthy,False,1.0,1.0,1.0,memantine,13,20261212,175,0.8000596497582824,1.0,0.19994035024171763,4.0,247.23076923076923,6.733662164163379,0.10205912387147742,-0.5728135714285759,0.07396153846154017,1127.7647229032232,10.8,0.6296296296296297
healthy,False,1.0,1.0,1.0,memantine,13,20261212,200,0.7796827121197533,1.0,0.22031728788024676,2.6,385.68,6.867957720512115,0.09349169116202395,-0.5703003571428621,0.07626153846154017,748.5554991380999,10.8,0.7592592592592593
healthy,False,1.0,1.0,1.0,memantine,13,20261212,250,0.7424088119900276,1.0,0.2575911880099724,1.6,576.2666666666667,6.820898412495495,0.055334136878055606,-0.5706989285714337,0.07374615384615507,170.84876109064015,10.8,0.8518518518518519
healthy,False,1.0,1.0,1.0,memantine,13,20261212,350,0.6789546199580587,1.0,0.3210453800419412,0.7,1120.0,6.732470982356917,0.0302532462305071,-0.5682355357142912,0.06895000000000072,32.80643568731877,10.8,0.9351851851851852
healthy,False,1.0,1.0,1.0,memantine,13,20261212,500,0.6036820500876947,1.0,0.39631794991230535,0.3,300.25,6.72073126984212,0.026358644813235257,-0.5685400000000056,0.06694230769230836,8.916061908468594,10.8,0.9722222222222222
healthy,False,1.0,1.0,1.0,diazepam,13,20261212,0,1.0,1.0,0.0,10.8,91.35514018691589,6.081218357364095,0.20280057877169538,-0.5499842857142901,0.07764615384615463,14530.040251766319,10.8,0.0
healthy,False,1.0,1.0,1.0,diazepam,13,20261212,2.5,1.4636363636363636,1.4636363636363636,0.4636363636363636,10.4,94.90291262135922,6.175707365280659,0.19963492865487298,-0.8691226931818034,0.07863461538461627,14548.615200194618,10.8,0.03703703703703709
healthy,False,1.0,1.0,1.0,diazepam,13,20261212,5,1.8499999999999999,1.8499999999999999,0.8499999999999999,9.8,100.77319587628865,6.329772922253606,0.2059914292389851,-1.2233881517857925,0.0809269230769239,15030.592795649936,10.8,0.09259259259259256
healthy,False,1.0,1.0,1.0,diazepam,13,20261212,7.5,2.1769230769230767,2.1769230769230767,1.1769230769230767,9.6,102.88947368421053,6.3762858948242425,0.20278859078771672,-1.7333664478020772,0.08138461538461637,14934.395737001976,10.8,0.11111111111111116
healthy,False,1.0,1.0,1.0,diazepam,13,20261212,10,2.457142857142857,2.457142857142857,1.4571428571428569,0.0,nan,4.919198650403229,0.006433125,-3.001453530612278,0.03797307692307718,183.2951153161738,10.8,1.0
healthy,False,1.0,1.0,1.0,diazepam,13,20261212,12.5,2.6999999999999997,2.6999999999999997,1.6999999999999997,0.0,nan,4.923006042374971,0.006433125,-3.4792445892854382,0.03776538461538489,183.2951153161738,10.8,1.0
healthy,False,1.0,1.0,1.0,diazepam,13,20261212,15,2.9124999999999996,2.9124999999999996,1.9124999999999996,0.0,nan,4.928146695679222,0.006433125,-4.030063176339308,0.03746153846153873,183.2951153161738,10.8,1.0
healthy,False,1.0,1.0,1.0,diazepam,13,20261212,20,3.2666666666666666,3.2666666666666666,2.2666666666666666,0.0,nan,4.9333680575033405,0.006433125,-4.699261583333338,0.03711538461538485,183.2951153161738,10.8,1.0
healthy,False,1.0,1.0,1.0,diazepam,13,20261212,30,3.7818181818181813,3.7818181818181813,2.7818181818181813,0.0,nan,4.947267564009998,0.006433125,-6.69719007792199,0.03621923076923094,183.2951153161738,10.8,1.0
healthy,False,1.0,1.0,1.0,diazepam,13,20261212,60,4.6,4.6,3.5999999999999996,0.0,nan,4.973955345319934,0.006433125,-11.457578964285803,0.03437692307692317,183.2951153161738,10.8,1.0
healthy,False,1.0,1.0,1.0,perampanel,14,20261213,0,1.0,1.0,0.0,11.1,88.86363636363636,6.153560225623263,0.21145087775367127,-0.5515232142857188,0.08066923076923113,15285.209809078096,11.1,0.0
healthy,False,1.0,1.0,1.0,perampanel,14,20261213,6,0.9741421208800244,1.0,0.025857879119975637,5.6,177.72727272727272,6.707443285951312,0.15726392923898508,-0.5709701785714333,0.07838846153846199,7233.653769593482,11.1,0.49549549549549554
healthy,False,1.0,1.0,1.0,perampanel,14,20261213,8,0.9676668921927091,1.0,0.03233310780729098,5.4,184.43396226415095,6.712383371978518,0.15402121612149502,-0.5718171428571479,0.07806538461538515,7130.224546149212,11.1,0.5135135135135135
healthy,False,1.0,1.0,1.0,perampanel,14,20261213,10,0.9615904074078002,1.0,0.03840959259219974,5.3,187.98076923076923,6.701886964528392,0.15196195093457915,-0.5716344642857195,0.0771461538461544,6979.001990859215,11.1,0.5225225225225225
healthy,False,1.0,1.0,1.0,perampanel,14,20261213,12,0.9558253497558058,1.0,0.044174650244194216,4.8,207.9787234042553,6.69757214458565,0.14165018316088096,-0.5731235714285764,0.07555000000000063,6127.410085715712,11.1,0.5675675675675675
healthy,False,1.0,1.0,1.0,perampanel,14,20261213,14,0.9503156200134328,1.0,0.049684379986567204,4.5,222.1590909090909,6.705875103245954,0.13233051243324412,-0.5735719642857192,0.07471153846153923,5459.074473686798,11.1,0.5945945945945945
healthy,False,1.0,1.0,1.0,perampanel,14,20261213,16,0.9450221738818855,1.0,0.05497782611811456,0.0,nan,4.659351367001651,0.010676249999999998,-0.7849753571428548,0.03298076923076911,224.85402794327658,11.1,1.0
healthy,False,1.0,1.0,1.0,perampanel,14,20261213,18,0.9399162876906435,1.0,0.06008371230935653,0.0,nan,4.617765386263573,0.006433125,-0.7923599999999996,0.03178076923076919,183.2951153161738,11.1,1.0
healthy,False,1.0,1.0,1.0,perampanel,14,20261213,22,0.9301837569953113,1.0,0.06981624300468868,0.0,nan,4.572301276024827,0.006433125,-0.804400178571428,0.030619230769230718,183.2951153161738,11.1,1.0
healthy,False,1.0,1.0,1.0,memantine,14,20261213,0,1.0,1.0,0.0,11.1,88.86363636363636,6.153560225623263,0.21145087775367127,-0.5515232142857188,0.08066923076923113,15285.209809078096,11.1,0.0
healthy,False,1.0,1.0,1.0,memantine,14,20261213,50,0.9268452221991218,1.0,0.07315477780087822,10.1,97.75,6.271331662147915,0.19543027624391465,-0.5579003571428617,0.080757692307693,8602.236964121597,11.1,0.09009009009009006
healthy,False,1.0,1.0,1.0,memantine,14,20261213,100,0.870062755069906,1.0,0.12993724493009393,8.3,119.20731707317073,6.457844973692139,0.1705187152822341,-0.5637516071428619,0.07850000000000072,4686.842962301685,11.1,0.2522522522522521
healthy,False,1.0,1.0,1.0,memantine,14,20261213,125,0.8450406189991146,1.0,0.15495938100088538,7.8,126.94805194805195,6.490394752371377,0.16304167805360542,-0.5670010714285764,0.07686153846153931,3678.051579046333,11.1,0.29729729729729726
healthy,False,1.0,1.0,1.0,memantine,14,20261213,150,0.8217846664011272,1.0,0.1782153335988728,6.5,152.734375,6.656676185597289,0.1561322291989561,-0.5689275000000052,0.07907307692307791,2904.5196472673433,11.1,0.4144144144144144
healthy,False,1.0,1.0,1.0,memantine,14,20261213,175,0.8000596497582824,1.0,0.19994035024171763,5.8,171.49122807017545,6.697702371352762,0.13906738615388015,-0.5702007142857196,0.07896538461538584,1978.022702619196,11.1,0.4774774774774775
healthy,False,1.0,1.0,1.0,memantine,14,20261213,200,0.7796827121197533,1.0,0.22031728788024676,5.3,187.98076923076923,6.668979219672695,0.1184674303903635,-0.5704830357142909,0.07576153846154,1444.878848113265,11.1,0.5225225225225225
healthy,False,1.0,1.0,1.0,memantine,14,20261213,250,0.7424088119900276,1.0,0.2575911880099724,1.7,602.625,6.828761454306729,0.06150117522565431,-0.5653016071428626,0.07376923076923216,239.02898486312986,11.1,0.8468468468468469
healthy,False,1.0,1.0,1.0,memantine,14,20261213,350,0.6789546199580587,1.0,0.3210453800419412,0.9,1130.4375,6.735989511318467,0.03191386135962977,-0.5674550000000055,0.06904615384615463,38.030187018998376,11.1,0.9189189189189189
healthy,False,1.0,1.0,1.0,memantine,14,20261213,500,0.6036820500876947,1.0,0.39631794991230535,0.5,2261.0,6.714096413918349,0.035818504742398616,-0.5683019642857197,0.06690000000000074,12.819715196128495,11.1,0.954954954954955
healthy,False,1.0,1.0,1.0,diazepam,14,20261213,0,1.0,1.0,0.0,11.1,88.86363636363636,6.153560225623263,0.21145087775367127,-0.5515232142857188,0.08066923076923113,15285.209809078096,11.1,0.0
healthy,False,1.0,1.0,1.0,diazepam,14,20261213,2.5,1.4636363636363636,1.4636363636363636,0.4636363636363636,10.8,91.35514018691589,6.224131648004851,0.21075190153538015,-0.8515569659090754,0.08206923076923123,15379.247346709973,11.1,0.027027027027026973
healthy,False,1.0,1.0,1.0,diazepam,14,20261213,5,1.8499999999999999,1.8499999999999999,0.8499999999999999,10.2,96.78217821782178,6.3449556363820925,0.21453900801068063,-1.193627598214367,0.08350000000000038,15476.720179952037,11.1,0.08108108108108114
healthy,False,1.0,1.0,1.0,diazepam,14,20261213,7.5,2.1769230769230767,2.1769230769230767,1.1769230769230767,9.6,102.89473684210526,6.482928524228754,0.2078978841789048,-1.6936469313185651,0.08585384615384674,15315.058536083085,11.1,0.1351351351351351
healthy,False,1.0,1.0,1.0,diazepam,14,20261213,10,2.457142857142857,2.457142857142857,1.4571428571428569,0.0,nan,4.940238087206284,0.010676249999999998,-2.955655459183704,0.0383653846153848,224.85402794327658,11.1,1.0
healthy,False,1.0,1.0,1.0,diazepam,14,20261213,12.5,2.6999999999999997,2.6999999999999997,1.6999999999999997,0.0,nan,4.945440866450675,0.010676249999999998,-3.5285080178568524,0.03807692307692328,224.85402794327658,11.1,1.0
healthy,False,1.0,1.0,1.0,diazepam,14,20261213,15,2.9124999999999996,2.9124999999999996,1.9124999999999996,0.0,nan,4.949340071113427,0.010676249999999998,-4.003105908482168,0.03786538461538481,224.85402794327658,11.1,1.0
healthy,False,1.0,1.0,1.0,diazepam,14,20261213,20,3.2666666666666666,3.2666666666666666,2.2666666666666666,0.0,nan,4.955645493094378,0.010676249999999998,-4.731974333333366,0.037503846153846346,224.85402794327658,11.1,1.0
healthy,False,1.0,1.0,1.0,diazepam,14,20261213,30,3.7818181818181813,3.7818181818181813,2.7818181818181813,0.0,nan,4.968358636889417,0.010676249999999998,-6.733784571428469,0.036550000000000145,224.85402794327658,11.1,1.0
healthy,False,1.0,1.0,1.0,diazepam,14,20261213,60,4.6,4.6,3.5999999999999996,0.0,nan,4.994184241603961,0.010676249999999998,-11.000877000000132,0.034819230769230866,224.85402794327658,11.1,1.0
healthy,False,1.0,1.0,1.0,perampanel,15,20261214,0,1.0,1.0,0.0,11.5,85.74561403508773,6.00681807512098,0.1839839394192253,-0.5496964285714343,0.07660769230769406,16085.01590254131,11.5,0.0
healthy,False,1.0,1.0,1.0,perampanel,15,20261214,6,0.9741421208800244,1.0,0.025857879119975637,9.7,101.82291666666667,6.040577269577654,0.1856382081108141,-0.5538260714285761,0.06855769230769293,12281.31111494619,11.5,0.15652173913043488
healthy,False,1.0,1.0,1.0,perampanel,15,20261214,8,0.9676668921927091,1.0,0.03233310780729098,9.3,106.25,6.12198125937159,0.18329137750333752,-0.555647321428576,0.070207692307693,12007.559123465926,11.5,0.19130434782608685
healthy,False,1.0,1.0,1.0,perampanel,15,20261214,10,0.9615904074078002,1.0,0.03840959259219974,8.9,111.07954545454545,6.172159324891119,0.18522732726969263,-0.5566271428571476,0.0703307692307699,12173.037688118256,11.5,0.22608695652173905
healthy,False,1.0,1.0,1.0,perampanel,15,20261214,12,0.9558253497558058,1.0,0.044174650244194216,8.8,112.35632183908046,6.189423330409335,0.19200634946595432,-0.5573025000000047,0.07080000000000072,12602.762544465442,11.5,0.23478260869565215
healthy,False,1.0,1.0,1.0,perampanel,15,20261214,14,0.9503156200134328,1.0,0.049684379986567204,8.7,113.66279069767442,6.1912442483372905,0.19200634946595432,-0.5579501785714334,0.07026153846153911,12602.762544465442,11.5,0.24347826086956526
healthy,False,1.0,1.0,1.0,perampanel,15,20261214,16,0.9450221738818855,1.0,0.05497782611811456,8.1,122.19375,6.275360107615903,0.18276072646862457,-0.5629489285714331,0.0710538461538469,11733.191500571455,11.5,0.29565217391304355
healthy,False,1.0,1.0,1.0,perampanel,15,20261214,18,0.9399162876906435,1.0,0.06008371230935653,6.0,165.6864406779661,6.587486595767568,0.18325936081441893,-0.5668350000000048,0.07604615384615458,12227.284753943806,11.5,0.4782608695652174
healthy,False,1.0,1.0,1.0,perampanel,15,20261214,22,0.9301837569953113,1.0,0.06981624300468868,0.0,nan,4.442694442733066,0.0,-0.8087899999999986,0.027957692307692236,0.0,11.5,1.0
healthy,False,1.0,1.0,1.0,memantine,15,20261214,0,1.0,1.0,0.0,11.5,85.74561403508773,6.00681807512098,0.1839839394192253,-0.5496964285714343,0.07660769230769406,16085.01590254131,11.5,0.0
healthy,False,1.0,1.0,1.0,memantine,15,20261214,50,0.9268452221991218,1.0,0.07315477780087822,11.3,87.27678571428571,5.961625001935086,0.18273048144561857,-0.5490653571428622,0.07326538461538576,9007.25463414016,11.5,0.017391304347825987
healthy,False,1.0,1.0,1.0,memantine,15,20261214,100,0.870062755069906,1.0,0.12993724493009393,9.5,103.28191489361703,6.070597266468768,0.12616348987523374,-0.5525805357142908,0.06710384615384814,4165.841638882083,11.5,0.17391304347826086
healthy,False,1.0,1.0,1.0,memantine,15,20261214,125,0.8450406189991146,1.0,0.15495938100088538,8.9,111.08522727272727,6.260315472063149,0.14601292734186982,-0.5577066071428625,0.07208846153846296,3430.892576036939,11.5,0.22608695652173905
healthy,False,1.0,1.0,1.0,memantine,15,20261214,150,0.8217846664011272,1.0,0.1782153335988728,6.2,158.0655737704918,6.642012281796306,0.13327536160378406,-0.5651355357142914,0.07552307692307862,2635.2136715918305,11.5,0.4608695652173913
healthy,False,1.0,1.0,1.0,memantine,15,20261214,175,0.8000596497582824,1.0,0.19994035024171763,5.1,192.84,6.698733803758272,0.11451843357009568,-0.5688500000000057,0.0755846153846171,1728.4923407031831,11.5,0.5565217391304348
healthy,False,1.0,1.0,1.0,memantine,15,20261214,200,0.7796827121197533,1.0,0.22031728788024676,4.0,247.23076923076923,6.79127675068204,0.11211462503278437,-0.5694810714285773,0.07683846153846326,1220.9715524827186,11.5,0.6521739130434783
healthy,False,1.0,1.0,1.0,memantine,15,20261214,250,0.7424088119900276,1.0,0.2575911880099724,2.9,344.35714285714283,6.8065940951728905,0.09326877605700643,-0.5576955357142916,0.07529615384615539,547.771111762152,11.5,0.7478260869565218
healthy,False,1.0,1.0,1.0,memantine,15,20261214,350,0.6789546199580587,1.0,0.3210453800419412,0.9,1130.5,6.815400013978098,0.061604304973153896,-0.5665637500000056,0.07287692307692396,59.522516790858305,11.5,0.9217391304347826
healthy,False,1.0,1.0,1.0,memantine,15,20261214,500,0.6036820500876947,1.0,0.39631794991230535,0.4,200.0,6.754209074951401,0.05106471001435547,-0.5672889285714342,0.06883076923076996,17.4204458804541,11.5,0.9652173913043478
healthy,False,1.0,1.0,1.0,diazepam,15,20261214,0,1.0,1.0,0.0,11.5,85.74561403508773,6.00681807512098,0.1839839394192253,-0.5496964285714343,0.07660769230769406,16085.01590254131,11.5,0.0
healthy,False,1.0,1.0,1.0,diazepam,15,20261214,2.5,1.4636363636363636,1.4636363636363636,0.4636363636363636,11.3,87.27678571428571,6.130607165166633,0.21395062825433883,-0.8579739659090814,0.081834615384616,17075.84607302146,11.5,0.017391304347825987
healthy,False,1.0,1.0,1.0,diazepam,15,20261214,5,1.8499999999999999,1.8499999999999999,0.8499999999999999,10.8,91.35514018691589,6.256075901627227,0.21706050500667534,-1.1991782589286542,0.08373846153846222,17079.463883136606,11.5,0.060869565217391286
healthy,False,1.0,1.0,1.0,diazepam,15,20261214,7.5,2.1769230769230767,2.1769230769230767,1.1769230769230767,10.2,96.78217821782178,6.392435674431159,0.21609265804405856,-1.7281363901097688,0.08542307692307775,17079.69014453545,11.5,0.11304347826086958
healthy,False,1.0,1.0,1.0,diazepam,15,20261214,10,2.457142857142857,2.457142857142857,1.4571428571428569,0.0,nan,4.959012414702989,0.012866249999999996,-2.9461748367347576,0.03933461538461563,293.0240501696755,11.5,1.0
healthy,False,1.0,1.0,1.0,diazepam,15,20261214,12.5,2.6999999999999997,2.6999999999999997,1.6999999999999997,0.0,nan,4.963177909706578,0.012866249999999996,-3.4596498214283193,0.039069230769231,293.0240501696755,11.5,1.0
healthy,False,1.0,1.0,1.0,diazepam,15,20261214,15,2.9124999999999996,2.9124999999999996,1.9124999999999996,0.0,nan,4.967777067423295,0.012866249999999996,-3.9495138281250073,0.03880769230769252,293.0240501696755,11.5,1.0
healthy,False,1.0,1.0,1.0,diazepam,15,20261214,20,3.2666666666666666,3.2666666666666666,2.2666666666666666,0.0,nan,4.974226636076673,0.012866249999999996,-4.737290833333348,0.03835769230769251,293.0240501696755,11.5,1.0
healthy,False,1.0,1.0,1.0,diazepam,15,20261214,30,3.7818181818181813,3.7818181818181813,2.7818181818181813,0.0,nan,4.987119602970771,0.012866249999999996,-6.671670233766119,0.03739230769230782,293.0240501696755,11.5,1.0
healthy,False,1.0,1.0,1.0,diazepam,15,20261214,60,4.6,4.6,3.5999999999999996,0.0,nan,5.010753922052485,0.012866249999999996,-10.658993500000207,0.03572692307692318,293.0240501696755,11.5,1.0
healthy,False,1.0,1.0,1.0,perampanel,16,20261215,0,1.0,1.0,0.0,10.9,90.50925925925925,6.010692107822827,0.19718196053070747,-0.5474710714285765,0.0731576923076929,12857.102553453136,10.9,0.0
healthy,False,1.0,1.0,1.0,perampanel,16,20261215,6,0.9741421208800244,1.0,0.025857879119975637,9.8,100.76804123711341,6.158648330323663,0.19694353487983968,-0.5549775000000056,0.07372692307692356,12746.2124399885,10.9,0.1009174311926605
healthy,False,1.0,1.0,1.0,perampanel,16,20261215,8,0.9676668921927091,1.0,0.03233310780729098,9.3,106.2445652173913,6.17637602818087,0.1797353869325765,-0.5585148214285776,0.071284615384616,11732.446001739967,10.9,0.14678899082568808
healthy,False,1.0,1.0,1.0,perampanel,16,20261215,10,0.9615904074078002,1.0,0.03840959259219974,6.6,150.37692307692308,6.660121186396484,0.19494556191588772,-0.5647701785714349,0.08041538461538539,13090.978801421867,10.9,0.3944954128440368
healthy,False,1.0,1.0,1.0,perampanel,16,20261215,12,0.9558253497558058,1.0,0.044174650244194216,6.4,155.15079365079364,6.631550458836308,0.1950764063751667,-0.5651632142857203,0.07824615384615452,12916.777339236174,10.9,0.4128440366972477
healthy,False,1.0,1.0,1.0,perampanel,16,20261215,14,0.9503156200134328,1.0,0.049684379986567204,5.0,199.4795918367347,6.637949806078962,0.1539882308911881,-0.5697800000000066,0.07352692307692378,6914.598689719353,10.9,0.5412844036697249
healthy,False,1.0,1.0,1.0,perampanel,16,20261215,16,0.9450221738818855,1.0,0.05497782611811456,4.8,207.96808510638297,6.647837944467165,0.14463579422563402,-0.5697800000000066,0.07323461538461613,6490.798398561558,10.9,0.5596330275229358
healthy,False,1.0,1.0,1.0,perampanel,16,20261215,18,0.9399162876906435,1.0,0.06008371230935653,0.0,nan,4.512483977876597,0.002600624999999999,-0.8016655357142857,0.029911538461538403,68.24845274729304,10.9,1.0
healthy,False,1.0,1.0,1.0,perampanel,16,20261215,22,0.9301837569953113,1.0,0.06981624300468868,0.0,nan,4.4679569739432115,0.002600624999999999,-0.8064649999999992,0.028719230769230723,68.24845274729304,10.9,1.0
healthy,False,1.0,1.0,1.0,memantine,16,20261215,0,1.0,1.0,0.0,10.9,90.50925925925925,6.010692107822827,0.19718196053070747,-0.5474710714285765,0.0731576923076929,12857.102553453136,10.9,0.0
healthy,False,1.0,1.0,1.0,memantine,16,20261215,50,0.9268452221991218,1.0,0.07315477780087822,9.2,107.41758241758242,6.275386166400211,0.18588326318074672,-0.5569426785714341,0.07469615384615441,7420.390344576445,10.9,0.15596330275229364
healthy,False,1.0,1.0,1.0,memantine,16,20261215,100,0.870062755069906,1.0,0.12993724493009393,7.8,126.94805194805195,6.404094105662056,0.16099078082150034,-0.5600205357142922,0.07371153846153984,4236.412567022968,10.9,0.2844036697247707
healthy,False,1.0,1.0,1.0,memantine,16,20261215,125,0.8450406189991146,1.0,0.15495938100088538,5.4,181.9056603773585,6.754649498009616,0.15090385539680398,-0.5647037500000068,0.0779115384615402,3297.512303097414,10.9,0.5045871559633027
healthy,False,1.0,1.0,1.0,memantine,16,20261215,150,0.8217846664011272,1.0,0.1782153335988728,4.1,241.0375,6.864947602549479,0.1235019417110878,-0.5680473214285784,0.07876538461538654,2038.3386020851672,10.9,0.6238532110091743
healthy,False,1.0,1.0,1.0,memantine,16,20261215,175,0.8000596497582824,1.0,0.19994035024171763,3.8,260.5810810810811,6.823380138436272,0.11455482420048167,-0.5676875000000058,0.07703846153846347,1475.6438116994832,10.9,0.6513761467889909
healthy,False,1.0,1.0,1.0,memantine,16,20261215,200,0.7796827121197533,1.0,0.22031728788024676,3.5,283.5735294117647,6.806565571958634,0.09890240506577702,-0.5684514285714346,0.07601538461538633,857.0869154987079,10.9,0.6788990825688074
healthy,False,1.0,1.0,1.0,memantine,16,20261215,250,0.7424088119900276,1.0,0.2575911880099724,2.4,419.2173913043478,6.741304257653121,0.06860695847906396,-0.5642830357142926,0.07263076923077076,288.67778680887005,10.9,0.7798165137614679
healthy,False,1.0,1.0,1.0,memantine,16,20261215,350,0.6789546199580587,1.0,0.3210453800419412,0.8,1292.0,6.823039531970123,0.053269342142230926,-0.5657001785714351,0.07263076923077022,65.38361327247218,10.9,0.926605504587156
healthy,False,1.0,1.0,1.0,memantine,16,20261215,500,0.6036820500876947,1.0,0.39631794991230535,0.4,200.0,6.740967665804725,0.04255392501196291,-0.5666080357142923,0.06805000000000086,15.162878036041777,10.9,0.963302752293578
healthy,False,1.0,1.0,1.0,diazepam,16,20261215,0,1.0,1.0,0.0,10.9,90.50925925925925,6.010692107822827,0.19718196053070747,-0.5474710714285765,0.0731576923076929,12857.102553453136,10.9,0.0
healthy,False,1.0,1.0,1.0,diazepam,16,20261215,2.5,1.4636363636363636,1.4636363636363636,0.4636363636363636,10.3,95.82843137254902,6.1531616355405685,0.19707516513684895,-0.8709294999999867,0.07575384615384675,12950.859824127385,10.9,0.05504587155963303
healthy,False,1.0,1.0,1.0,diazepam,16,20261215,5,1.8499999999999999,1.8499999999999999,0.8499999999999999,9.7,101.81770833333333,6.29674371921387,0.20144116697263004,-1.208579562500081,0.07808846153846198,13048.164627826955,10.9,0.11009174311926617
healthy,False,1.0,1.0,1.0,diazepam,16,20261215,7.5,2.1769230769230767,2.1769230769230767,1.1769230769230767,8.4,117.76506024096386,6.550853481165748,0.20469515537383165,-1.7154468722526213,0.08226538461538511,13217.917284910207,10.9,0.22935779816513757
healthy,False,1.0,1.0,1.0,diazepam,16,20261215,10,2.457142857142857,2.457142857142857,1.4571428571428569,3.9,127.73684210526316,5.793321164932272,0.14775952294726286,-2.6700262040816924,0.06445769230769251,5559.6095680568005,10.9,0.6422018348623854
healthy,False,1.0,1.0,1.0,diazepam,16,20261215,12.5,2.6999999999999997,2.6999999999999997,1.6999999999999997,3.8,125.79729729729729,5.777011752372128,0.14775952294726286,-3.175787249999776,0.0637423076923079,5559.6095680568005,10.9,0.6513761467889909
healthy,False,1.0,1.0,1.0,diazepam,16,20261215,15,2.9124999999999996,2.9124999999999996,1.9124999999999996,3.7,129.29166666666666,5.80111809821064,0.14775952294726286,-3.7282127165178935,0.0637192307692311,5559.6095680568005,10.9,0.6605504587155964
healthy,False,1.0,1.0,1.0,diazepam,16,20261215,20,3.2666666666666666,3.2666666666666666,2.2666666666666666,3.4,141.04545454545453,5.876853703522334,0.1481119623664885,-4.442044249999997,0.06432692307692352,5587.691202128407,10.9,0.6880733944954129
healthy,False,1.0,1.0,1.0,diazepam,16,20261215,30,3.7818181818181813,3.7818181818181813,2.7818181818181813,3.2,150.1451612903226,5.907558325960081,0.14811282126168204,-5.3726913246752135,0.06428076923076964,5431.730517948185,10.9,0.7064220183486238
healthy,False,1.0,1.0,1.0,diazepam,16,20261215,60,4.6,4.6,3.5999999999999996,2.4,202.3695652173913,6.050677611611743,0.13961063601468607,-8.23899510714299,0.0650000000000005,4790.961758996316,10.9,0.7798165137614679
healthy,False,1.0,1.0,1.0,perampanel,17,20261216,0,1.0,1.0,0.0,11.2,88.06306306306307,5.935859292036055,0.16079291029706255,-0.5496300000000042,0.06933076923077051,13913.186568210274,11.2,0.0
healthy,False,1.0,1.0,1.0,perampanel,17,20261216,6,0.9741421208800244,1.0,0.025857879119975637,10.8,91.35981308411215,5.939194548990173,0.14878420318758312,-0.550726071428576,0.06615769230769356,12512.570968012451,11.2,0.03571428571428559
healthy,False,1.0,1.0,1.0,perampanel,17,20261216,8,0.9676668921927091,1.0,0.03233310780729098,10.6,93.1,5.958707808324927,0.14574354973297698,-0.5518553571428617,0.06556923076923202,12368.792368788923,11.2,0.05357142857142849
healthy,False,1.0,1.0,1.0,perampanel,17,20261216,10,0.9615904074078002,1.0,0.03840959259219974,10.3,95.83823529411765,5.988404074829308,0.14248665570760985,-0.5517169642857191,0.06551923076923209,12016.469067971662,11.2,0.08035714285714268
healthy,False,1.0,1.0,1.0,perampanel,17,20261216,12,0.9558253497558058,1.0,0.044174650244194216,7.3,133.90972222222223,6.406765011391605,0.15013221178237623,-0.5596551785714337,0.070380769230771,10508.11321283187,11.2,0.3482142857142857
healthy,False,1.0,1.0,1.0,perampanel,17,20261216,14,0.9503156200134328,1.0,0.049684379986567204,8.6,115.00588235294117,6.252390377018636,0.18513378079105433,-0.557651250000005,0.07117692307692361,11831.24546095796,11.2,0.2321428571428571
healthy,False,1.0,1.0,1.0,perampanel,17,20261216,16,0.9450221738818855,1.0,0.05497782611811456,8.2,120.68518518518519,6.29544086190487,0.18225469100467248,-0.5614653571428616,0.07102307692307762,11618.934687608727,11.2,0.2678571428571429
healthy,False,1.0,1.0,1.0,perampanel,17,20261216,18,0.9399162876906435,1.0,0.06008371230935653,7.9,125.32692307692308,6.331139611199579,0.18226287792056034,-0.5618916071428616,0.07091923076923143,11623.459869838991,11.2,0.2946428571428571
healthy,False,1.0,1.0,1.0,perampanel,17,20261216,22,0.9301837569953113,1.0,0.06981624300468868,0.0,nan,4.571230750383232,0.006433125,-0.8034757142857104,0.030953846153846127,183.30199087442054,11.2,1.0
healthy,False,1.0,1.0,1.0,memantine,17,20261216,0,1.0,1.0,0.0,11.2,88.06306306306307,5.935859292036055,0.16079291029706255,-0.5496300000000042,0.06933076923077051,13913.186568210274,11.2,0.0
healthy,False,1.0,1.0,1.0,memantine,17,20261216,50,0.9268452221991218,1.0,0.07315477780087822,11.0,89.68348623853211,5.863046910971366,0.11264456115267692,-0.5503717857142899,0.06255000000000119,6964.289751182987,11.2,0.017857142857142794
healthy,False,1.0,1.0,1.0,memantine,17,20261216,100,0.870062755069906,1.0,0.12993724493009393,9.3,106.2554347826087,6.219561408172362,0.16548776580331648,-0.5555200000000049,0.07175384615384735,4993.091552795748,11.2,0.16964285714285698
healthy,False,1.0,1.0,1.0,memantine,17,20261216,125,0.8450406189991146,1.0,0.15495938100088538,6.9,141.78676470588235,6.5790186769758305,0.14580130220629192,-0.5613767857142904,0.0757769230769246,3697.7476372571878,11.2,0.3839285714285714
healthy,False,1.0,1.0,1.0,memantine,17,20261216,150,0.8217846664011272,1.0,0.1782153335988728,6.2,158.05737704918033,6.6466708723554255,0.1287318637420272,-0.5657278571428618,0.07576538461538639,2776.3346954951558,11.2,0.4464285714285714
healthy,False,1.0,1.0,1.0,memantine,17,20261216,175,0.8000596497582824,1.0,0.19994035024171763,5.7,172.16964285714286,6.650088367576366,0.1159240710132234,-0.5685787500000049,0.07546153846154026,2059.5926455317467,11.2,0.4910714285714285
healthy,False,1.0,1.0,1.0,memantine,17,20261216,200,0.7796827121197533,1.0,0.22031728788024676,4.9,200.875,6.630890093472446,0.09702402117841674,-0.5687226785714333,0.07377307692307847,1271.1844977292576,11.2,0.5625
healthy,False,1.0,1.0,1.0,memantine,17,20261216,250,0.7424088119900276,1.0,0.2575911880099724,2.8,357.1111111111111,6.847094516964172,0.10372613626244459,-0.5688721428571484,0.07806153846153968,665.3943376944252,11.2,0.75
healthy,False,1.0,1.0,1.0,memantine,17,20261216,350,0.6789546199580587,1.0,0.3210453800419412,1.5,380.0,6.710630601977151,0.06256281887460423,-0.570294821428577,0.07055769230769302,72.32078752803517,11.2,0.8660714285714286
healthy,False,1.0,1.0,1.0,memantine,17,20261216,500,0.6036820500876947,1.0,0.39631794991230535,0.7,853.4166666666666,6.689910976558397,0.03873059713365373,-0.5744632142857198,0.06700769230769303,15.155377518744345,11.2,0.9375
healthy,False,1.0,1.0,1.0,diazepam,17,20261216,0,1.0,1.0,0.0,11.2,88.06306306306307,5.935859292036055,0.16079291029706255,-0.5496300000000042,0.06933076923077051,13913.186568210274,11.2,0.0
healthy,False,1.0,1.0,1.0,diazepam,17,20261216,2.5,1.4636363636363636,1.4636363636363636,0.4636363636363636,11.1,88.86363636363636,5.978370101943883,0.15936780215287027,-0.8768441590908984,0.0697192307692321,13755.484589037153,11.2,0.008928571428571397
healthy,False,1.0,1.0,1.0,diazepam,17,20261216,5,1.8499999999999999,1.8499999999999999,0.8499999999999999,10.3,95.83333333333333,6.175669379183892,0.1688918351134844,-1.214969991071507,0.0740000000000012,14046.255501544098,11.2,0.08035714285714268
healthy,False,1.0,1.0,1.0,diazepam,17,20261216,7.5,2.1769230769230767,2.1769230769230767,1.1769230769230767,9.8,100.77319587628865,6.2770161713659425,0.16567993257676877,-1.7010461373625247,0.07522307692307828,13975.131916170243,11.2,0.12499999999999989
healthy,False,1.0,1.0,1.0,diazepam,17,20261216,10,2.457142857142857,2.457142857142857,1.4571428571428569,9.6,102.89473684210526,6.322055265984423,0.1625812031875832,-2.0586008673469447,0.07558846153846291,13931.966462391216,11.2,0.1428571428571428
healthy,False,1.0,1.0,1.0,diazepam,17,20261216,12.5,2.6999999999999997,2.6999999999999997,1.6999999999999997,9.5,103.98936170212765,6.4339932594325315,0.1867929470126832,-2.5329563035712708,0.08080384615384636,14692.172786310122,11.2,0.1517857142857142
healthy,False,1.0,1.0,1.0,diazepam,17,20261216,15,2.9124999999999996,2.9124999999999996,1.9124999999999996,0.0,nan,4.969319891537595,0.012866249999999996,-4.019099694196438,0.038838461538461704,293.0846037674925,11.2,1.0
healthy,False,1.0,1.0,1.0,diazepam,17,20261216,20,3.2666666666666666,3.2666666666666666,2.2666666666666666,0.0,nan,4.9753882896803265,0.012866249999999996,-4.749479000000011,0.038515384615384764,293.0846037674925,11.2,1.0
healthy,False,1.0,1.0,1.0,diazepam,17,20261216,30,3.7818181818181813,3.7818181818181813,2.7818181818181813,0.0,nan,4.988341058915428,0.012866249999999996,-6.760790805194694,0.03746153846153857,293.0846037674925,11.2,1.0
healthy,False,1.0,1.0,1.0,diazepam,17,20261216,60,4.6,4.6,3.5999999999999996,0.0,nan,5.013518623796424,0.012866249999999996,-11.028200178571458,0.03577307692307695,293.0846037674925,11.2,1.0
healthy,False,1.0,1.0,1.0,perampanel,18,20261217,0,1.0,1.0,0.0,10.7,92.2122641509434,5.836676102927719,0.12156714853137494,-0.555398214285718,0.060211538461539545,11407.038012466115,10.7,0.0
healthy,False,1.0,1.0,1.0,perampanel,18,20261217,6,0.9741421208800244,1.0,0.025857879119975637,10.3,95.82843137254902,5.929634474066922,0.14044151660547383,-0.5573301785714322,0.06404615384615521,11333.638489930907,10.7,0.03738317757009335
healthy,False,1.0,1.0,1.0,perampanel,18,20261217,8,0.9676668921927091,1.0,0.03233310780729098,10.0,98.73232323232324,5.958958644479485,0.1442740166054738,-0.5580166071428608,0.06407692307692443,11423.836245514645,10.7,0.06542056074766345
healthy,False,1.0,1.0,1.0,perampanel,18,20261217,10,0.9615904074078002,1.0,0.03840959259219974,7.6,129.44,6.324364596475336,0.14959653529706265,-0.5593839285714322,0.06991538461538649,10832.022499438837,10.7,0.28971962616822433
healthy,False,1.0,1.0,1.0,perampanel,18,20261217,12,0.9558253497558058,1.0,0.044174650244194216,0.0,nan,4.66506328925217,0.0038324999999999995,-0.7981337499999961,0.03311923076923079,115.04666256888201,10.7,1.0
healthy,False,1.0,1.0,1.0,perampanel,18,20261217,14,0.9503156200134328,1.0,0.049684379986567204,0.0,nan,4.639379716226967,0.0038324999999999995,-0.7985378571428552,0.03248846153846157,115.04666256888201,10.7,1.0
healthy,False,1.0,1.0,1.0,perampanel,18,20261217,16,0.9450221738818855,1.0,0.05497782611811456,0.0,nan,4.614686697928965,0.0038324999999999995,-0.8022301785714231,0.03178461538461538,115.04666256888201,10.7,1.0
healthy,False,1.0,1.0,1.0,perampanel,18,20261217,18,0.9399162876906435,1.0,0.06008371230935653,0.0,nan,4.59090405086124,0.0038324999999999995,-0.8044887499999969,0.03114999999999999,115.04666256888201,10.7,1.0
healthy,False,1.0,1.0,1.0,perampanel,18,20261217,22,0.9301837569953113,1.0,0.06981624300468868,0.0,nan,4.545524248194565,0.0038324999999999995,-0.8085519642857109,0.03004230769230762,115.04666256888201,10.7,1.0
healthy,False,1.0,1.0,1.0,memantine,18,20261217,0,1.0,1.0,0.0,10.7,92.2122641509434,5.836676102927719,0.12156714853137494,-0.555398214285718,0.060211538461539545,11407.038012466115,10.7,0.0
healthy,False,1.0,1.0,1.0,memantine,18,20261217,50,0.9268452221991218,1.0,0.07315477780087822,9.5,103.27659574468085,6.051975072381687,0.13215948436896546,-0.5573025000000035,0.06506153846153997,6648.0362196364895,10.7,0.11214953271028028
healthy,False,1.0,1.0,1.0,memantine,18,20261217,100,0.870062755069906,1.0,0.12993724493009393,8.2,120.67283950617283,6.391443302021057,0.17407226705677156,-0.5684735714285756,0.074365384615385,4654.830629572761,10.7,0.23364485981308414
healthy,False,1.0,1.0,1.0,memantine,18,20261217,125,0.8450406189991146,1.0,0.15495938100088538,7.3,135.75694444444446,6.557303680959453,0.17511538311241193,-0.5690437500000041,0.07790769230769312,3953.349558855547,10.7,0.3177570093457943
healthy,False,1.0,1.0,1.0,memantine,18,20261217,150,0.8217846664011272,1.0,0.1782153335988728,6.0,165.66949152542372,6.663073598539619,0.15140532146631833,-0.5705882142857186,0.07703076923077008,2580.6818061895037,10.7,0.43925233644859807
healthy,False,1.0,1.0,1.0,memantine,18,20261217,175,0.8000596497582824,1.0,0.19994035024171763,5.5,179.77777777777777,6.684335821172345,0.14029335125598183,-0.5724648214285758,0.07614615384615493,1895.026221600091,10.7,0.4859813084112149
healthy,False,1.0,1.0,1.0,memantine,18,20261217,200,0.7796827121197533,1.0,0.22031728788024676,3.2,311.0,6.835858971987893,0.10714764304292299,-0.5678978571428611,0.07616923076923213,1027.675718921341,10.7,0.7009345794392523
healthy,False,1.0,1.0,1.0,memantine,18,20261217,250,0.7424088119900276,1.0,0.2575911880099724,2.2,459.1190476190476,6.83419181174309,0.08397084239624324,-0.5712303571428615,0.07503846153846293,437.9628725327519,10.7,0.794392523364486
healthy,False,1.0,1.0,1.0,memantine,18,20261217,350,0.6789546199580587,1.0,0.3210453800419412,0.6,984.0,6.820272767524615,0.05294687212425503,-0.5764394642857188,0.07198461538461613,55.11727979839842,10.7,0.9439252336448598
healthy,False,1.0,1.0,1.0,memantine,18,20261217,500,0.6036820500876947,1.0,0.39631794991230535,0.4,1640.0,6.727779208415241,0.038422475981675225,-0.576688571428576,0.06741538461538533,12.34531648864886,10.7,0.9626168224299065
healthy,False,1.0,1.0,1.0,diazepam,18,20261217,0,1.0,1.0,0.0,10.7,92.2122641509434,5.836676102927719,0.12156714853137494,-0.555398214285718,0.060211538461539545,11407.038012466115,10.7,0.0
healthy,False,1.0,1.0,1.0,diazepam,18,20261217,2.5,1.4636363636363636,1.4636363636363636,0.4636363636363636,10.3,95.82843137254902,5.929512368808286,0.12132444667890499,-0.881357124999985,0.06146153846153959,11511.564508330659,10.7,0.03738317757009335
healthy,False,1.0,1.0,1.0,diazepam,18,20261217,5,1.8499999999999999,1.8499999999999999,0.8499999999999999,9.8,100.76804123711341,6.148296745138804,0.1538258448765019,-1.2448636785715084,0.06984230769230922,12356.880733827431,10.7,0.08411214953271018
healthy,False,1.0,1.0,1.0,diazepam,18,20261217,7.5,2.1769230769230767,2.1769230769230767,1.1769230769230767,0.0,nan,4.929326777617226,0.010265624999999997,-2.5752490755492072,0.03841538461538478,224.82927546195285,10.7,1.0
healthy,False,1.0,1.0,1.0,diazepam,18,20261217,10,2.457142857142857,2.457142857142857,1.4571428571428569,0.0,nan,4.9329380472371485,0.010265624999999997,-3.0209044489796386,0.038169230769230955,224.82927546195285,10.7,1.0
healthy,False,1.0,1.0,1.0,diazepam,18,20261217,12.5,2.6999999999999997,2.6999999999999997,1.6999999999999997,0.0,nan,4.937692588838451,0.010265624999999997,-3.5666961428568196,0.037853846153846314,224.82927546195285,10.7,1.0
healthy,False,1.0,1.0,1.0,diazepam,18,20261217,15,2.9124999999999996,2.9124999999999996,1.9124999999999996,0.0,nan,4.941442181085139,0.010265624999999997,-3.9896433973214602,0.03766538461538478,224.82927546195285,10.7,1.0
healthy,False,1.0,1.0,1.0,diazepam,18,20261217,20,3.2666666666666666,3.2666666666666666,2.2666666666666666,0.0,nan,4.947659127235562,0.010265624999999997,-4.78844858333333,0.03720769230769245,224.82927546195285,10.7,1.0
healthy,False,1.0,1.0,1.0,diazepam,18,20261217,30,3.7818181818181813,3.7818181818181813,2.7818181818181813,0.0,nan,4.9597566143846405,0.010265624999999997,-6.618599844155748,0.036357692307692424,224.82927546195285,10.7,1.0
healthy,False,1.0,1.0,1.0,diazepam,18,20261217,60,4.6,4.6,3.5999999999999996,0.0,nan,4.985356541035873,0.010265624999999997,-10.948675214285933,0.034657692307692375,224.82927546195285,10.7,1.0
healthy,False,1.0,1.0,1.0,perampanel,19,20261218,0,1.0,1.0,0.0,11.0,89.6788990825688,6.054827682694321,0.21415696411882476,-0.5478530357142908,0.0756538461538464,15644.629548539639,11.0,0.0
healthy,False,1.0,1.0,1.0,perampanel,19,20261218,6,0.9741421208800244,1.0,0.025857879119975637,10.6,93.0952380952381,6.040857730827125,0.20490395827770325,-0.5493476785714331,0.07325000000000025,14086.32314146964,11.0,0.036363636363636376
healthy,False,1.0,1.0,1.0,perampanel,19,20261218,8,0.9676668921927091,1.0,0.03233310780729098,10.3,95.83333333333333,6.0716236084376,0.1951095743491319,-0.5510194642857188,0.07271923076923109,13326.954452303378,11.0,0.0636363636363636
healthy,False,1.0,1.0,1.0,perampanel,19,20261218,10,0.9615904074078002,1.0,0.03840959259219974,5.9,168.5344827586207,6.627870385241299,0.16908260121829077,-0.5690437500000055,0.08083461538461581,9314.089414235988,11.0,0.4636363636363636
healthy,False,1.0,1.0,1.0,perampanel,19,20261218,12,0.9558253497558058,1.0,0.044174650244194216,4.9,203.64583333333334,6.664787964986593,0.1422895849465953,-0.5716621428571487,0.07675384615384673,7232.772362769647,11.0,0.5545454545454545
healthy,False,1.0,1.0,1.0,perampanel,19,20261218,14,0.9503156200134328,1.0,0.049684379986567204,4.9,203.64583333333334,6.6398969829375,0.1422895849465953,-0.5712580357142915,0.07570000000000059,7232.772362769647,11.0,0.5545454545454545
healthy,False,1.0,1.0,1.0,perampanel,19,20261218,16,0.9450221738818855,1.0,0.05497782611811456,0.0,nan,4.632881723412126,0.008075624999999996,-0.8001653571428573,0.03268846153846149,156.605575195983,11.0,1.0
healthy,False,1.0,1.0,1.0,perampanel,19,20261218,18,0.9399162876906435,1.0,0.06008371230935653,0.0,nan,4.608931950198514,0.008075624999999996,-0.7992519642857157,0.03206923076923069,156.605575195983,11.0,1.0
healthy,False,1.0,1.0,1.0,perampanel,19,20261218,22,0.9301837569953113,1.0,0.06981624300468868,0.0,nan,4.563411204071923,0.008075624999999996,-0.8068248214285734,0.030826923076922953,156.605575195983,11.0,1.0
healthy,False,1.0,1.0,1.0,memantine,19,20261218,0,1.0,1.0,0.0,11.0,89.6788990825688,6.054827682694321,0.21415696411882476,-0.5478530357142908,0.0756538461538464,15644.629548539639,11.0,0.0
healthy,False,1.0,1.0,1.0,memantine,19,20261218,50,0.9268452221991218,1.0,0.07315477780087822,10.4,94.90291262135922,6.088260661604294,0.1957700765424513,-0.5526967857142909,0.07270384615384654,8716.81547527737,11.0,0.054545454545454564
healthy,False,1.0,1.0,1.0,memantine,19,20261218,100,0.870062755069906,1.0,0.12993724493009393,8.6,115.0,6.31146566040849,0.15371183174687147,-0.5614155357142916,0.07215769230769328,4418.47818554542,11.0,0.21818181818181825
healthy,False,1.0,1.0,1.0,memantine,19,20261218,125,0.8450406189991146,1.0,0.15495938100088538,6.9,143.75735294117646,6.587150188882508,0.14628097966990264,-0.5645432142857201,0.07618076923077059,3370.9733912241563,11.0,0.3727272727272727
healthy,False,1.0,1.0,1.0,memantine,19,20261218,150,0.8217846664011272,1.0,0.1782153335988728,5.5,181.02777777777777,6.69496848263117,0.1376363506502775,-0.5681801785714347,0.07692692307692454,2236.554625618733,11.0,0.5
healthy,False,1.0,1.0,1.0,memantine,19,20261218,175,0.8000596497582824,1.0,0.19994035024171763,4.0,247.23076923076923,6.828328717362601,0.11248763463051252,-0.5698076785714348,0.07778076923077129,1502.3680033125174,11.0,0.6363636363636364
healthy,False,1.0,1.0,1.0,memantine,19,20261218,200,0.7796827121197533,1.0,0.22031728788024676,3.7,267.8333333333333,6.78128627719207,0.10762455903116346,-0.5695364285714347,0.0761000000000018,1117.03659224576,11.0,0.6636363636363636
healthy,False,1.0,1.0,1.0,memantine,19,20261218,250,0.7424088119900276,1.0,0.2575911880099724,3.2,311.03225806451616,6.762201368690911,0.09537234719347952,-0.5627053571428632,0.07440769230769402,648.8645530443158,11.0,0.709090909090909
healthy,False,1.0,1.0,1.0,memantine,19,20261218,350,0.6789546199580587,1.0,0.3210453800419412,0.9,840.0,6.830508320607613,0.057940876827422015,-0.5653625000000049,0.07343461538461643,72.34610058435733,11.0,0.9181818181818182
healthy,False,1.0,1.0,1.0,memantine,19,20261218,500,0.6036820500876947,1.0,0.39631794991230535,0.4,1839.8333333333333,6.73636498255801,0.043132327876203164,-0.5667575000000057,0.0679769230769238,14.88637495335443,11.0,0.9636363636363636
healthy,False,1.0,1.0,1.0,diazepam,19,20261218,0,1.0,1.0,0.0,11.0,89.6788990825688,6.054827682694321,0.21415696411882476,-0.5478530357142908,0.0756538461538464,15644.629548539639,11.0,0.0
healthy,False,1.0,1.0,1.0,diazepam,19,20261218,2.5,1.4636363636363636,1.4636363636363636,0.4636363636363636,10.5,93.99038461538461,6.203977413835487,0.20731244659546036,-0.857876738636351,0.07997692307692368,15419.908059007892,11.0,0.045454545454545414
healthy,False,1.0,1.0,1.0,diazepam,19,20261218,5,1.8499999999999999,1.8499999999999999,0.8499999999999999,9.9,99.74489795918367,6.336821457521258,0.21814348047396484,-1.1742310089286516,0.08209230769230819,15752.413571367531,11.0,0.09999999999999998
healthy,False,1.0,1.0,1.0,diazepam,19,20261218,7.5,2.1769230769230767,2.1769230769230767,1.1769230769230767,9.5,103.98936170212765,6.431005105830128,0.2175577322263013,-1.6858018447800962,0.08336153846153878,15939.751748736197,11.0,0.13636363636363635
healthy,False,1.0,1.0,1.0,diazepam,19,20261218,10,2.457142857142857,2.457142857142857,1.4571428571428569,0.0,nan,4.958429663614121,0.012866249999999996,-2.9676796632653617,0.03926538461538489,293.0621103433068,11.0,1.0
healthy,False,1.0,1.0,1.0,diazepam,19,20261218,12.5,2.6999999999999997,2.6999999999999997,1.6999999999999997,0.0,nan,4.962748686656441,0.012866249999999996,-3.48196483928544,0.03902692307692335,293.0621103433068,11.0,1.0
healthy,False,1.0,1.0,1.0,diazepam,19,20261218,15,2.9124999999999996,2.9124999999999996,1.9124999999999996,0.0,nan,4.966838199177481,0.012866249999999996,-3.9701026026785917,0.03880000000000026,293.0621103433068,11.0,1.0
healthy,False,1.0,1.0,1.0,diazepam,19,20261218,20,3.2666666666666666,3.2666666666666666,2.2666666666666666,0.0,nan,4.973469097425814,0.012866249999999996,-4.718881999999983,0.0383615384615387,293.0621103433068,11.0,1.0
healthy,False,1.0,1.0,1.0,diazepam,19,20261218,30,3.7818181818181813,3.7818181818181813,2.7818181818181813,0.0,nan,4.985268024423547,0.012866249999999996,-6.585313090909025,0.03753076923076945,293.0621103433068,11.0,1.0
healthy,False,1.0,1.0,1.0,diazepam,19,20261218,60,4.6,4.6,3.5999999999999996,0.0,nan,5.010498233987573,0.012866249999999996,-10.898765214285854,0.035853846153846285,293.0621103433068,11.0,1.0
healthy,False,1.0,1.0,1.0,perampanel,20,20261219,0,1.0,1.0,0.0,11.4,86.5,6.050099090317343,0.22473007359813063,-0.5443101785714336,0.08029230769230852,18125.08241666705,11.4,0.0
healthy,False,1.0,1.0,1.0,perampanel,20,20261219,6,0.9741421208800244,1.0,0.025857879119975637,10.9,90.50462962962963,6.019741596653883,0.20316127820427216,-0.5519107142857196,0.07542692307692415,16441.246008382815,11.4,0.04385964912280704
healthy,False,1.0,1.0,1.0,perampanel,20,20261219,8,0.9676668921927091,1.0,0.03233310780729098,10.6,93.0904761904762,5.91247874465339,0.16155570060080088,-0.5512242857142909,0.06822692307692495,13773.268586350128,11.4,0.07017543859649134
healthy,False,1.0,1.0,1.0,perampanel,20,20261219,10,0.9615904074078002,1.0,0.03840959259219974,10.5,93.98557692307692,5.913058245059224,0.15873384612817065,-0.5517391071428623,0.06784615384615564,13681.699907292068,11.4,0.07894736842105265
healthy,False,1.0,1.0,1.0,perampanel,20,20261219,12,0.9558253497558058,1.0,0.044174650244194216,0.0,nan,4.605751605872611,0.004790624999999999,-0.7901124999999947,0.03250000000000003,136.4969054945861,11.4,1.0
healthy,False,1.0,1.0,1.0,perampanel,20,20261219,14,0.9503156200134328,1.0,0.049684379986567204,0.0,nan,4.58040198426803,0.004790624999999999,-0.790184464285709,0.031765384615384605,136.4969054945861,11.4,1.0
healthy,False,1.0,1.0,1.0,perampanel,20,20261219,16,0.9450221738818855,1.0,0.05497782611811456,0.0,nan,4.535678169562567,0.002600624999999999,-0.8024294642857113,0.03031153846153843,68.24845274729304,11.4,1.0
healthy,False,1.0,1.0,1.0,perampanel,20,20261219,18,0.9399162876906435,1.0,0.06008371230935653,0.0,nan,4.512150248267395,0.002600624999999999,-0.8015049999999967,0.029792307692307646,68.24845274729304,11.4,1.0
healthy,False,1.0,1.0,1.0,perampanel,20,20261219,22,0.9301837569953113,1.0,0.06981624300468868,0.0,nan,4.467571989444647,0.002600624999999999,-0.8112533928571393,0.028584615384615274,68.24845274729304,11.4,1.0
healthy,False,1.0,1.0,1.0,memantine,20,20261219,0,1.0,1.0,0.0,11.4,86.5,6.050099090317343,0.22473007359813063,-0.5443101785714336,0.08029230769230852,18125.08241666705,11.4,0.0
healthy,False,1.0,1.0,1.0,memantine,20,20261219,50,0.9268452221991218,1.0,0.07315477780087822,11.2,88.06306306306307,5.948784182182947,0.15840163033335247,-0.5469673214285768,0.07066923076923268,8750.764988016539,11.4,0.01754385964912286
healthy,False,1.0,1.0,1.0,memantine,20,20261219,100,0.870062755069906,1.0,0.12993724493009393,10.8,91.35981308411215,5.870476494736172,0.12734289268324767,-0.5521875000000055,0.06378461538461684,4525.98306959517,11.4,0.05263157894736836
healthy,False,1.0,1.0,1.0,memantine,20,20261219,125,0.8450406189991146,1.0,0.15495938100088538,9.5,102.56914893617021,6.036813628169295,0.10672244468533774,-0.5539644642857197,0.06495384615384776,2925.7426828799944,11.4,0.16666666666666674
healthy,False,1.0,1.0,1.0,memantine,20,20261219,150,0.8217846664011272,1.0,0.1782153335988728,8.7,112.11046511627907,6.124958520360984,0.10880647547425576,-0.5573025000000057,0.06503846153846303,2343.7501944246605,11.4,0.23684210526315796
healthy,False,1.0,1.0,1.0,memantine,20,20261219,175,0.8000596497582824,1.0,0.19994035024171763,6.2,158.05737704918033,6.602153887314721,0.13976627924898433,-0.5649971428571485,0.07496923076923187,2050.1519851728453,11.4,0.45614035087719296
healthy,False,1.0,1.0,1.0,memantine,20,20261219,200,0.7796827121197533,1.0,0.22031728788024676,4.5,219.125,6.8040138278822475,0.12246839818666859,-0.5679698214285771,0.07767307692307839,1425.4222165138967,11.4,0.6052631578947368
healthy,False,1.0,1.0,1.0,memantine,20,20261219,250,0.7424088119900276,1.0,0.2575911880099724,3.7,267.81944444444446,6.7522284148285685,0.09295794136943636,-0.5607346428571479,0.07517307692307838,569.0414858498305,11.4,0.6754385964912281
healthy,False,1.0,1.0,1.0,memantine,20,20261219,350,0.6789546199580587,1.0,0.3210453800419412,0.8,1292.0,6.7739946370721285,0.03654308658882635,-0.5666080357142916,0.070776923076924,44.89656411826984,11.4,0.9298245614035088
healthy,False,1.0,1.0,1.0,memantine,20,20261219,500,0.6036820500876947,1.0,0.39631794991230535,0.3,200.0,6.740606082735554,0.03767881515622346,-0.5674439285714347,0.06798461538461616,12.345316488648814,11.4,0.9736842105263158
healthy,False,1.0,1.0,1.0,diazepam,20,20261219,0,1.0,1.0,0.0,11.4,86.5,6.050099090317343,0.22473007359813063,-0.5443101785714336,0.08029230769230852,18125.08241666705,11.4,0.0
healthy,False,1.0,1.0,1.0,diazepam,20,20261219,2.5,1.4636363636363636,1.4636363636363636,0.4636363636363636,11.1,88.85454545454546,6.117665032422971,0.2260134092122828,-0.8588652159090742,0.08136923076923167,18149.289410687677,11.4,0.026315789473684292
healthy,False,1.0,1.0,1.0,diazepam,20,20261219,5,1.8499999999999999,1.8499999999999999,0.8499999999999999,10.5,93.98076923076923,6.283899756110708,0.23479652628504655,-1.1918558928572263,0.08438846153846251,18232.564391293457,11.4,0.07894736842105265
healthy,False,1.0,1.0,1.0,diazepam,20,20261219,7.5,2.1769230769230767,2.1769230769230767,1.1769230769230767,10.1,97.74,6.374976957100526,0.23427307535046707,-1.7137718076921864,0.0853307692307702,18233.075016203173,11.4,0.11403508771929827
healthy,False,1.0,1.0,1.0,diazepam,20,20261219,10,2.457142857142857,2.457142857142857,1.4571428571428569,0.0,nan,4.8318923569672085,0.004790624999999999,-3.012988061224541,0.03633461538461552,136.4969054945861,11.4,1.0
healthy,False,1.0,1.0,1.0,diazepam,20,20261219,12.5,2.6999999999999997,2.6999999999999997,1.6999999999999997,0.0,nan,4.837013985179678,0.004790624999999999,-3.6199203749996673,0.03599615384615399,136.4969054945861,11.4,1.0
healthy,False,1.0,1.0,1.0,diazepam,20,20261219,15,2.9124999999999996,2.9124999999999996,1.9124999999999996,0.0,nan,4.840946174199873,0.004790624999999999,-4.048765587053608,0.035757692307692435,136.4969054945861,11.4,1.0
healthy,False,1.0,1.0,1.0,diazepam,20,20261219,20,3.2666666666666666,3.2666666666666666,2.2666666666666666,0.0,nan,4.8465510327775165,0.004790624999999999,-4.794542666666689,0.035411538461538584,136.4969054945861,11.4,1.0
healthy,False,1.0,1.0,1.0,diazepam,20,20261219,30,3.7818181818181813,3.7818181818181813,2.7818181818181813,0.0,nan,4.860773432833024,0.004790624999999999,-6.924126181818042,0.03459615384615392,136.4969054945861,11.4,1.0
healthy,False,1.0,1.0,1.0,diazepam,20,20261219,60,4.6,4.6,3.5999999999999996,0.0,nan,4.88756832022041,0.004790624999999999,-11.654163250000177,0.03258076923076931,136.4969054945861,11.4,1.0
input_hyperexcitable,True,1.65,1.0,1.0,perampanel,1,20261200,0,1.0,1.0,0.0,24.1,41.50833333333333,8.030026952211864,1.0541020972129493,-0.4484758928571454,0.18185769230769058,98633.74438735988,24.1,0.0
input_hyperexcitable,True,1.65,1.0,1.0,perampanel,1,20261200,6,0.9741421208800244,1.0,0.025857879119975637,22.4,39.587443946188344,7.853596465036966,0.9548653830941249,-0.4668323214285749,0.1698538461538441,87859.4889132835,24.1,0.07053941908713701
input_hyperexcitable,True,1.65,1.0,1.0,perampanel,1,20261200,8,0.9676668921927091,1.0,0.03233310780729098,22.2,39.94570135746606,7.840800079438015,0.9458261873331106,-0.4684764285714321,0.1681846153846134,86472.18978780258,24.1,0.07883817427385897
input_hyperexcitable,True,1.65,1.0,1.0,perampanel,1,20261200,10,0.9615904074078002,1.0,0.03840959259219974,22.2,39.94570135746606,7.814261334053792,0.9203095806909214,-0.4677678571428606,0.16661153846153665,84727.96895874686,24.1,0.07883817427385897
input_hyperexcitable,True,1.65,1.0,1.0,perampanel,1,20261200,12,0.9558253497558058,1.0,0.044174650244194216,22.0,40.31050228310502,7.728827066495019,0.8513595212783712,-0.4700430357142892,0.15901153846153684,75737.38447559049,24.1,0.08713692946058094
input_hyperexcitable,True,1.65,1.0,1.0,perampanel,1,20261200,14,0.9503156200134328,1.0,0.049684379986567204,22.0,40.31050228310502,7.6983099143468205,0.8312540640020026,-0.47020910714286085,0.157373076923075,74235.8018101385,24.1,0.08713692946058094
input_hyperexcitable,True,1.65,1.0,1.0,perampanel,1,20261200,16,0.9450221738818855,1.0,0.05497782611811456,21.5,41.25233644859813,7.682730026960425,0.7901360830273692,-0.46840446428571786,0.15139999999999867,69999.5401482195,24.1,0.10788381742738595
input_hyperexcitable,True,1.65,1.0,1.0,perampanel,1,20261200,18,0.9399162876906435,1.0,0.06008371230935653,21.2,41.838862559241704,7.70805315076041,0.7856184770527362,-0.4700817857142893,0.15104999999999835,69700.43427380895,24.1,0.12033195020746901
input_hyperexcitable,True,1.65,1.0,1.0,perampanel,1,20261200,22,0.9301837569953113,1.0,0.06981624300468868,20.9,42.44230769230769,7.704263145205057,0.7777976698097462,-0.47195839285714647,0.1481999999999985,68605.68378499484,24.1,0.13278008298755195
input_hyperexcitable,True,1.65,1.0,1.0,memantine,1,20261200,0,1.0,1.0,0.0,24.1,41.50833333333333,8.030026952211864,1.0541020972129493,-0.4484758928571454,0.18185769230769058,98633.74438735988,24.1,0.0
input_hyperexcitable,True,1.65,1.0,1.0,memantine,1,20261200,50,0.9268452221991218,1.0,0.07315477780087822,23.8,42.0337552742616,7.929296929006508,0.9211949847050904,-0.44612321428571733,0.17498461538461363,55205.07088155854,24.1,0.012448132780083054
input_hyperexcitable,True,1.65,1.0,1.0,memantine,1,20261200,100,0.870062755069906,1.0,0.12993724493009393,23.2,43.125541125541126,7.906008596839997,0.84315107181802,-0.4491069642857174,0.17109230769230632,34919.90756071974,24.1,0.03734439834024905
input_hyperexcitable,True,1.65,1.0,1.0,memantine,1,20261200,125,0.8450406189991146,1.0,0.15495938100088538,23.0,43.50218340611354,7.8294525063094715,0.7718731094769203,-0.4505407142857175,0.1646538461538448,26550.032825097234,24.1,0.045643153526971014
input_hyperexcitable,True,1.65,1.0,1.0,memantine,1,20261200,150,0.8217846664011272,1.0,0.1782153335988728,22.8,43.88546255506608,7.83142000234056,0.7290858037330585,-0.45103892857143174,0.1623807692307677,21422.733050464645,24.1,0.053941908713692976
input_hyperexcitable,True,1.65,1.0,1.0,memantine,1,20261200,175,0.8000596497582824,1.0,0.19994035024171763,22.7,44.07964601769911,7.795404330013932,0.6930369669019703,-0.4527273214285746,0.15932692307692167,17405.466177247952,24.1,0.05809128630705407
input_hyperexcitable,True,1.65,1.0,1.0,memantine,1,20261200,200,0.7796827121197533,1.0,0.22031728788024676,22.7,44.07964601769911,7.722775571420761,0.6432124984054328,-0.45448214285714583,0.153580769230768,13899.77212111884,24.1,0.05809128630705407
input_hyperexcitable,True,1.65,1.0,1.0,memantine,1,20261200,250,0.7424088119900276,1.0,0.2575911880099724,22.5,44.47544642857143,7.777124350998633,0.6189528989428952,-0.45593250000000296,0.15497692307692193,10476.51085754007,24.1,0.06639004149377603
input_hyperexcitable,True,1.65,1.0,1.0,memantine,1,20261200,350,0.6789546199580587,1.0,0.3210453800419412,21.0,47.66746411483253,7.878167972037742,0.5343374974004529,-0.46152357142857464,0.15060384615384537,5260.300596993582,24.1,0.12863070539419097
input_hyperexcitable,True,1.65,1.0,1.0,memantine,1,20261200,500,0.6036820500876947,1.0,0.39631794991230535,17.3,57.924418604651166,8.14507765734175,0.4600226293948939,-0.47344750000000324,0.14484615384615335,1755.5031063189645,24.1,0.2821576763485477
input_hyperexcitable,True,1.65,1.0,1.0,diazepam,1,20261200,0,1.0,1.0,0.0,24.1,41.50833333333333,8.030026952211864,1.0541020972129493,-0.4484758928571454,0.18185769230769058,98633.74438735988,24.1,0.0
input_hyperexcitable,True,1.65,1.0,1.0,diazepam,1,20261200,2.5,1.4636363636363636,1.4636363636363636,0.4636363636363636,23.9,41.346638655462186,8.064304890354897,1.0562550733477962,-0.6904594772727252,0.18187307692307525,99449.45699376716,24.1,0.008298755186722073
input_hyperexcitable,True,1.65,1.0,1.0,diazepam,1,20261200,5,1.8499999999999999,1.8499999999999999,0.8499999999999999,23.8,41.5210970464135,8.094439542292847,1.0595530481475288,-0.9124282589286268,0.18218461538461372,99609.56696688697,24.1,0.012448132780083054
input_hyperexcitable,True,1.65,1.0,1.0,diazepam,1,20261200,7.5,2.1769230769230767,2.1769230769230767,1.1769230769230767,23.8,41.5210970464135,8.108112984700202,1.0573671050567417,-1.100541517857078,0.1822692307692291,99633.4168898148,24.1,0.012448132780083054
input_hyperexcitable,True,1.65,1.0,1.0,diazepam,1,20261200,10,2.457142857142857,2.457142857142857,1.4571428571428569,23.7,41.69703389830509,8.148965054509352,1.0459443106642192,-1.315385357142858,0.18267692307692163,98945.60234781813,24.1,0.016597510373444035
input_hyperexcitable,True,1.65,1.0,1.0,diazepam,1,20261200,12.5,2.6999999999999997,2.6999999999999997,1.6999999999999997,23.6,41.874468085106386,8.17947178930308,1.0467113954439249,-1.478874375000004,0.1828961538461525,99936.95926255347,24.1,0.020746887966805017
input_hyperexcitable,True,1.65,1.0,1.0,diazepam,1,20261200,15,2.9124999999999996,2.9124999999999996,1.9124999999999996,23.5,42.0534188034188,8.235275197706333,1.0695952324766356,-1.6310275647321522,0.18533846153846004,102930.47096938503,24.1,0.024896265560165998
input_hyperexcitable,True,1.65,1.0,1.0,diazepam,1,20261200,20,3.2666666666666666,3.2666666666666666,2.2666666666666666,23.0,42.97161572052402,8.365803434257892,1.078563651618825,-1.9557667499999418,0.18766923076922923,104348.3413985244,24.1,0.045643153526971014
input_hyperexcitable,True,1.65,1.0,1.0,diazepam,1,20261200,30,3.7818181818181813,3.7818181818181813,2.7818181818181813,23.2,42.599567099567096,8.48566338595389,1.1860647466622176,-2.353331584415479,0.19438846153845965,122089.93046477057,24.1,0.03734439834024905
input_hyperexcitable,True,1.65,1.0,1.0,diazepam,1,20261200,60,4.6,4.6,3.5999999999999996,22.8,43.35022026431718,8.708150318646043,1.2103937205440602,-3.3713950357142237,0.19693846153845992,125812.32327742713,24.1,0.053941908713692976
input_hyperexcitable,True,1.65,1.0,1.0,perampanel,2,20261201,0,1.0,1.0,0.0,23.1,38.91304347826087,7.9336155111164075,0.9886584317423218,-0.46108625000000414,0.17649230769230545,91374.31991933213,23.1,0.0
input_hyperexcitable,True,1.65,1.0,1.0,perampanel,2,20261201,6,0.9741421208800244,1.0,0.025857879119975637,22.5,39.41294642857143,7.862774024490309,0.9955857321428558,-0.4660517857142894,0.1698730769230746,91016.19139588712,23.1,0.025974025974025983
input_hyperexcitable,True,1.65,1.0,1.0,perampanel,2,20261201,8,0.9676668921927091,1.0,0.03233310780729098,22.5,39.41294642857143,7.837404907386369,0.9765101998497981,-0.46642821428571807,0.16792692307692106,89295.15243764024,23.1,0.025974025974025983
input_hyperexcitable,True,1.65,1.0,1.0,perampanel,2,20261201,10,0.9615904074078002,1.0,0.03840959259219974,22.5,39.41294642857143,7.802415691885841,0.954042671144859,-0.4665666071428611,0.16618846153845965,87533.70576545125,23.1,0.025974025974025983
input_hyperexcitable,True,1.65,1.0,1.0,perampanel,2,20261201,12,0.9558253497558058,1.0,0.044174650244194216,22.2,39.94796380090498,7.768302765555333,0.9066584466789044,-0.46873107142857523,0.16284615384615192,81002.00657560349,23.1,0.038961038961039085
input_hyperexcitable,True,1.65,1.0,1.0,perampanel,2,20261201,14,0.9503156200134328,1.0,0.049684379986567204,22.1,40.12954545454546,7.7559010866699625,0.8877650549899867,-0.46885839285714676,0.16158076923076703,79336.7617086298,23.1,0.04329004329004327
input_hyperexcitable,True,1.65,1.0,1.0,perampanel,2,20261201,16,0.9450221738818855,1.0,0.05497782611811456,21.7,40.87268518518518,7.798866805049395,0.8707892473297733,-0.473131964285718,0.1604730769230748,77955.52131832983,23.1,0.06060606060606066
input_hyperexcitable,True,1.65,1.0,1.0,perampanel,2,20261201,18,0.9399162876906435,1.0,0.06008371230935653,21.6,41.062790697674416,7.7954464411133335,0.8674541207443257,-0.4738017857142895,0.1593153846153823,77577.55642777722,23.1,0.06493506493506496
input_hyperexcitable,True,1.65,1.0,1.0,perampanel,2,20261201,22,0.9301837569953113,1.0,0.06981624300468868,21.4,41.448356807511736,7.771260990965798,0.836863453688251,-0.473209464285718,0.15633461538461316,75455.54475197376,23.1,0.07359307359307377
input_hyperexcitable,True,1.65,1.0,1.0,memantine,2,20261201,0,1.0,1.0,0.0,23.1,38.91304347826087,7.9336155111164075,0.9886584317423218,-0.46108625000000414,0.17649230769230545,91374.31991933213,23.1,0.0
input_hyperexcitable,True,1.65,1.0,1.0,memantine,2,20261201,50,0.9268452221991218,1.0,0.07315477780087822,22.6,39.77777777777778,7.873898497757619,0.9165713327812905,-0.4615567857142897,0.17183846153845944,52371.939246196016,23.1,0.02164502164502169
input_hyperexcitable,True,1.65,1.0,1.0,memantine,2,20261201,100,0.870062755069906,1.0,0.12993724493009393,22.0,40.8675799086758,7.825513981205398,0.7963089039435428,-0.464213928571433,0.1656807692307673,30494.990981750674,23.1,0.04761904761904767
input_hyperexcitable,True,1.65,1.0,1.0,memantine,2,20261201,125,0.8450406189991146,1.0,0.15495938100088538,22.0,40.8675799086758,7.849031733577782,0.7964897578731139,-0.4620550000000038,0.16745384615384468,27992.049916704185,23.1,0.04761904761904767
input_hyperexcitable,True,1.65,1.0,1.0,memantine,2,20261201,150,0.8217846664011272,1.0,0.1782153335988728,21.9,41.055045871559635,7.825160277702444,0.7591603671034914,-0.4642083928571467,0.16445384615384476,22892.944113863705,23.1,0.051948051948052076
input_hyperexcitable,True,1.65,1.0,1.0,memantine,2,20261201,175,0.8000596497582824,1.0,0.19994035024171763,21.7,41.43518518518518,7.822311886164462,0.7231305854141273,-0.4645128571428611,0.16271538461538324,18972.760355175127,23.1,0.06060606060606066
input_hyperexcitable,True,1.65,1.0,1.0,memantine,2,20261201,200,0.7796827121197533,1.0,0.22031728788024676,21.6,41.627906976744185,7.787813258739002,0.6825100937219604,-0.46595767857143255,0.16011538461538352,15463.769047147045,23.1,0.06493506493506496
input_hyperexcitable,True,1.65,1.0,1.0,memantine,2,20261201,250,0.7424088119900276,1.0,0.2575911880099724,21.4,42.021126760563384,7.751583249402168,0.6328335379607675,-0.4664060714285756,0.15651153846153726,10960.128961375724,23.1,0.07359307359307377
input_hyperexcitable,True,1.65,1.0,1.0,memantine,2,20261201,350,0.6789546199580587,1.0,0.3210453800419412,19.9,45.2020202020202,7.89241399360224,0.5372310547441302,-0.47065750000000417,0.15321153846153787,5630.868059547995,23.1,0.1385281385281386
input_hyperexcitable,True,1.65,1.0,1.0,memantine,2,20261201,500,0.6036820500876947,1.0,0.39631794991230535,16.3,54.5,8.020510567467186,0.42801412598760546,-0.48533821428571844,0.14002307692307575,1751.1054123452082,23.1,0.2943722943722944
input_hyperexcitable,True,1.65,1.0,1.0,diazepam,2,20261201,0,1.0,1.0,0.0,23.1,38.91304347826087,7.9336155111164075,0.9886584317423218,-0.46108625000000414,0.17649230769230545,91374.31991933213,23.1,0.0
input_hyperexcitable,True,1.65,1.0,1.0,diazepam,2,20261201,2.5,1.4636363636363636,1.4636363636363636,0.4636363636363636,23.0,39.082969432314414,7.97596400510367,1.0053386698097453,-0.7099292386363583,0.17671538461538253,92956.55285400573,23.1,0.0043290043290044045
input_hyperexcitable,True,1.65,1.0,1.0,diazepam,2,20261201,5,1.8499999999999999,1.8499999999999999,0.8499999999999999,22.8,39.4273127753304,8.00499409961583,1.0204190419726291,-0.9438888303572005,0.17713076923076723,93590.54954123178,23.1,0.012987012987012991
input_hyperexcitable,True,1.65,1.0,1.0,diazepam,2,20261201,7.5,2.1769230769230767,2.1769230769230767,1.1769230769230767,22.6,39.775555555555556,8.079055258368403,1.034121636598797,-1.1605546222526755,0.17881153846153663,96503.69787590596,23.1,0.02164502164502169
input_hyperexcitable,True,1.65,1.0,1.0,diazepam,2,20261201,10,2.457142857142857,2.457142857142857,1.4571428571428569,22.6,39.775555555555556,8.085653175309748,1.0409709968291045,-1.3680932653061193,0.1787576923076906,96943.25304166049,23.1,0.02164502164502169
input_hyperexcitable,True,1.65,1.0,1.0,diazepam,2,20261201,12.5,2.6999999999999997,2.6999999999999997,1.6999999999999997,22.5,39.41294642857143,8.128689311967744,1.0506057358978624,-1.5340416428571428,0.17907307692307523,99636.1529487935,23.1,0.025974025974025983
input_hyperexcitable,True,1.65,1.0,1.0,diazepam,2,20261201,15,2.9124999999999996,2.9124999999999996,1.9124999999999996,22.4,39.58968609865471,8.151685668712036,1.0606883613985296,-1.6964698794642947,0.1793307692307675,100907.50807101619,23.1,0.030303030303030387
input_hyperexcitable,True,1.65,1.0,1.0,diazepam,2,20261201,20,3.2666666666666666,3.2666666666666666,2.2666666666666666,22.1,40.12954545454546,8.248647493283379,1.0774291607142845,-2.004193916666593,0.18124230769230606,104508.09733279442,23.1,0.04329004329004327
input_hyperexcitable,True,1.65,1.0,1.0,diazepam,2,20261201,30,3.7818181818181813,3.7818181818181813,2.7818181818181813,21.8,40.684331797235025,8.332442716453821,1.0864184491822417,-2.4765553766232755,0.18261153846153685,104154.5440831921,23.1,0.05627705627705626
input_hyperexcitable,True,1.65,1.0,1.0,diazepam,2,20261201,60,4.6,4.6,3.5999999999999996,21.2,41.84123222748815,8.525040580782996,1.0988537530874503,-3.5040130357142205,0.18393461538461406,105512.58775340783,23.1,0.08225108225108235
input_hyperexcitable,True,1.65,1.0,1.0,perampanel,3,20261202,0,1.0,1.0,0.0,25.2,39.20318725099602,8.126602866190822,1.152038078521363,-0.4451433928571456,0.1918384615384597,122539.01630890687,25.2,0.0
input_hyperexcitable,True,1.65,1.0,1.0,perampanel,3,20261202,6,0.9741421208800244,1.0,0.025857879119975637,23.3,39.10129310344828,7.913251877808486,1.0266408970293726,-0.46250339285714553,0.1752999999999977,103384.77285827654,25.2,0.07539682539682535
input_hyperexcitable,True,1.65,1.0,1.0,perampanel,3,20261202,8,0.9676668921927091,1.0,0.03233310780729098,23.1,38.91086956521739,7.890907904792007,1.0076169532710282,-0.4642471428571465,0.17398076923076675,101414.40338478234,25.2,0.08333333333333326
input_hyperexcitable,True,1.65,1.0,1.0,perampanel,3,20261202,10,0.9615904074078002,1.0,0.03840959259219974,22.8,39.42511013215859,7.871573200188534,0.9879006851635515,-0.4678564285714322,0.17201923076922862,96705.91521114348,25.2,0.09523809523809523
input_hyperexcitable,True,1.65,1.0,1.0,perampanel,3,20261202,12,0.9558253497558058,1.0,0.044174650244194216,22.4,40.13228699551569,7.776385243252459,0.8973339515186939,-0.46899125000000375,0.16302692307692165,86484.84659251886,25.2,0.11111111111111116
input_hyperexcitable,True,1.65,1.0,1.0,perampanel,3,20261202,14,0.9503156200134328,1.0,0.049684379986567204,22.3,40.31306306306306,7.765370016915403,0.8766314341622184,-0.4688583928571465,0.16132307692307607,84298.50622101173,25.2,0.115079365079365
input_hyperexcitable,True,1.65,1.0,1.0,perampanel,3,20261202,16,0.9450221738818855,1.0,0.05497782611811456,22.2,40.49547511312217,7.753216565694701,0.8782099373331128,-0.4702755357142894,0.16001538461538375,83372.50865762985,25.2,0.11904761904761907
input_hyperexcitable,True,1.65,1.0,1.0,perampanel,3,20261202,18,0.9399162876906435,1.0,0.06008371230935653,22.2,40.49547511312217,7.738588994797909,0.8789354479305761,-0.47164285714286086,0.15914230769230683,83127.95435547234,25.2,0.11904761904761907
input_hyperexcitable,True,1.65,1.0,1.0,perampanel,3,20261202,22,0.9301837569953113,1.0,0.06981624300468868,20.9,42.44230769230769,7.810348006740702,0.8304039953271056,-0.4792267857142888,0.15601923076922936,71169.1841967258,25.2,0.1706349206349207
input_hyperexcitable,True,1.65,1.0,1.0,memantine,3,20261202,0,1.0,1.0,0.0,25.2,39.20318725099602,8.126602866190822,1.152038078521363,-0.4451433928571456,0.1918384615384597,122539.01630890687,25.2,0.0
input_hyperexcitable,True,1.65,1.0,1.0,memantine,3,20261202,50,0.9268452221991218,1.0,0.07315477780087822,23.8,41.51898734177215,8.044594505259802,0.9951721959853201,-0.45059607142857455,0.18004615384615186,65782.44564180855,25.2,0.05555555555555547
input_hyperexcitable,True,1.65,1.0,1.0,memantine,3,20261202,100,0.870062755069906,1.0,0.12993724493009393,23.2,42.5974025974026,7.9416540097297705,0.8383647573554006,-0.454094642857146,0.1722307692307674,37076.86148920055,25.2,0.07936507936507942
input_hyperexcitable,True,1.65,1.0,1.0,memantine,3,20261202,125,0.8450406189991146,1.0,0.15495938100088538,22.9,43.1578947368421,7.94863280154613,0.8013571359914026,-0.4582132142857174,0.17023846153846017,29594.620586478322,25.2,0.09126984126984128
input_hyperexcitable,True,1.65,1.0,1.0,memantine,3,20261202,150,0.8217846664011272,1.0,0.1782153335988728,22.9,43.1578947368421,7.9140933121828185,0.7565090710202598,-0.4572167857142888,0.1674923076923069,23695.309053412937,25.2,0.09126984126984128
input_hyperexcitable,True,1.65,1.0,1.0,memantine,3,20261202,175,0.8000596497582824,1.0,0.19994035024171763,22.9,43.1578947368421,7.936035479831552,0.7477735337242072,-0.45726660714286027,0.16886923076922955,20881.7549754601,25.2,0.09126984126984128
input_hyperexcitable,True,1.65,1.0,1.0,memantine,3,20261202,200,0.7796827121197533,1.0,0.22031728788024676,22.9,43.1578947368421,7.8856093323222565,0.7034226289853589,-0.4575323214285746,0.1659807692307684,16880.597941475033,25.2,0.09126984126984128
input_hyperexcitable,True,1.65,1.0,1.0,memantine,3,20261202,250,0.7424088119900276,1.0,0.2575911880099724,22.6,43.733333333333334,7.898183169637393,0.6707250881882213,-0.45932035714286046,0.164496153846153,12255.290516149289,25.2,0.10317460317460314
input_hyperexcitable,True,1.65,1.0,1.0,memantine,3,20261202,350,0.6789546199580587,1.0,0.3210453800419412,21.4,46.19953051643193,7.768113845041696,0.5393536122064291,-0.4650332142857174,0.1477192307692313,5450.481867921879,25.2,0.1507936507936508
input_hyperexcitable,True,1.65,1.0,1.0,memantine,3,20261202,500,0.6036820500876947,1.0,0.39631794991230535,17.5,56.554597701149426,8.070289525347635,0.45529747624587946,-0.4760271428571459,0.14208461538461528,1755.384246610437,25.2,0.3055555555555556
input_hyperexcitable,True,1.65,1.0,1.0,diazepam,3,20261202,0,1.0,1.0,0.0,25.2,39.20318725099602,8.126602866190822,1.152038078521363,-0.4451433928571456,0.1918384615384597,122539.01630890687,25.2,0.0
input_hyperexcitable,True,1.65,1.0,1.0,diazepam,3,20261202,2.5,1.4636363636363636,1.4636363636363636,0.4636363636363636,25.0,39.51807228915663,8.160987309782305,1.1649930140186928,-0.678176431818178,0.19211923076922907,123463.91276735728,25.2,0.007936507936507908
input_hyperexcitable,True,1.65,1.0,1.0,diazepam,3,20261202,5,1.8499999999999999,1.8499999999999999,0.8499999999999999,24.6,40.16326530612245,8.204180448259496,1.167709206108145,-0.8866002767857691,0.1920999999999985,122575.53028177161,25.2,0.023809523809523725
input_hyperexcitable,True,1.65,1.0,1.0,diazepam,3,20261202,7.5,2.1769230769230767,2.1769230769230767,1.1769230769230767,24.5,40.32786885245902,8.242006417255856,1.163770276201603,-1.0913828914834525,0.19241923076922943,122170.96071106617,25.2,0.02777777777777779
input_hyperexcitable,True,1.65,1.0,1.0,diazepam,3,20261202,10,2.457142857142857,2.457142857142857,1.4571428571428569,24.3,40.66115702479339,8.284706167847016,1.1828491161548744,-1.281325846938773,0.1934961538461525,123318.49829341033,25.2,0.0357142857142857
input_hyperexcitable,True,1.65,1.0,1.0,diazepam,3,20261202,12.5,2.6999999999999997,2.6999999999999997,1.6999999999999997,24.2,40.829875518672196,8.341531088873678,1.1867056834946608,-1.4615664107142856,0.1951230769230757,123976.04086051456,25.2,0.03968253968253965
input_hyperexcitable,True,1.65,1.0,1.0,diazepam,3,20261202,15,2.9124999999999996,2.9124999999999996,1.9124999999999996,24.1,41.0,8.3756485803958,1.2049101681408565,-1.6064080982142979,0.19558846153846032,126455.3151383302,25.2,0.04365079365079361
input_hyperexcitable,True,1.65,1.0,1.0,diazepam,3,20261202,20,3.2666666666666666,3.2666666666666666,2.2666666666666666,23.8,41.51898734177215,8.446184069402477,1.208808693424568,-1.913759166666613,0.19607307692307555,126511.0683705554,25.2,0.05555555555555547
input_hyperexcitable,True,1.65,1.0,1.0,diazepam,3,20261202,30,3.7818181818181813,3.7818181818181813,2.7818181818181813,23.5,42.05128205128205,8.574355103262542,1.2528405951268378,-2.367211532467455,0.19878461538461395,132265.1459677057,25.2,0.06746031746031744
input_hyperexcitable,True,1.65,1.0,1.0,diazepam,3,20261202,60,4.6,4.6,3.5999999999999996,23.1,42.78260869565217,8.757815278882106,1.2547865409712968,-3.369892642857101,0.19988846153846035,134482.7237292544,25.2,0.08333333333333326
input_hyperexcitable,True,1.65,1.0,1.0,perampanel,4,20261203,0,1.0,1.0,0.0,25.3,39.04761904761905,8.030271846735232,1.1327502163718255,-0.44386464285714683,0.18725769230769013,115690.11308274453,25.3,0.0
input_hyperexcitable,True,1.65,1.0,1.0,perampanel,4,20261203,6,0.9741421208800244,1.0,0.025857879119975637,24.7,40.0,7.8903844425868055,1.0343305126001305,-0.4515869642857183,0.17704999999999788,102703.13278919928,25.3,0.02371541501976293
input_hyperexcitable,True,1.65,1.0,1.0,perampanel,4,20261203,8,0.9676668921927091,1.0,0.03233310780729098,24.7,40.0,7.82008006377568,0.9880922553404522,-0.45230660714286086,0.17165384615384424,96667.4854176815,25.3,0.02371541501976293
input_hyperexcitable,True,1.65,1.0,1.0,perampanel,4,20261203,10,0.9615904074078002,1.0,0.03840959259219974,22.2,39.94570135746606,7.693701359314929,0.8410908992823777,-0.46879196428571884,0.15502307692307493,74645.99688601872,25.3,0.12252964426877477
input_hyperexcitable,True,1.65,1.0,1.0,perampanel,4,20261203,12,0.9558253497558058,1.0,0.044174650244194216,20.6,43.06341463414634,7.844414839384047,0.8080815102636859,-0.4727389285714332,0.15309615384615177,69854.59287524756,25.3,0.18577075098814222
input_hyperexcitable,True,1.65,1.0,1.0,perampanel,4,20261203,14,0.9503156200134328,1.0,0.049684379986567204,20.2,43.92039800995025,7.872242047709195,0.7982090034212294,-0.4781583928571472,0.15253846153845976,68852.3990185867,25.3,0.20158102766798425
input_hyperexcitable,True,1.65,1.0,1.0,perampanel,4,20261203,16,0.9450221738818855,1.0,0.05497782611811456,20.1,44.1425,7.857907857916283,0.7875811622162894,-0.47874517857143317,0.15122307692307524,67859.03973826386,25.3,0.2055335968379446
input_hyperexcitable,True,1.65,1.0,1.0,perampanel,4,20261203,18,0.9399162876906435,1.0,0.06008371230935653,20.0,44.3643216080402,7.8538504181863305,0.7836709413384522,-0.4795700000000047,0.15026923076922907,68124.1585677277,25.3,0.20948616600790515
input_hyperexcitable,True,1.65,1.0,1.0,perampanel,4,20261203,22,0.9301837569953113,1.0,0.06981624300468868,19.9,44.58838383838384,7.87767838565856,0.8184733928571439,-0.4818894642857189,0.15188076923076757,70848.50040275507,25.3,0.2134387351778657
input_hyperexcitable,True,1.65,1.0,1.0,memantine,4,20261203,0,1.0,1.0,0.0,25.3,39.04761904761905,8.030271846735232,1.1327502163718255,-0.44386464285714683,0.18725769230769013,115690.11308274453,25.3,0.0
input_hyperexcitable,True,1.65,1.0,1.0,memantine,4,20261203,50,0.9268452221991218,1.0,0.07315477780087822,24.7,40.0,7.963653048832942,1.0164641348591332,-0.4524117857142898,0.1824730769230745,64834.35723284878,25.3,0.02371541501976293
input_hyperexcitable,True,1.65,1.0,1.0,memantine,4,20261203,100,0.870062755069906,1.0,0.12993724493009393,24.1,41.0,7.9326494800347325,0.923899071017375,-0.4528103571428606,0.1776961538461515,40503.66589672242,25.3,0.04743083003952564
input_hyperexcitable,True,1.65,1.0,1.0,memantine,4,20261203,125,0.8450406189991146,1.0,0.15495938100088538,23.7,41.69491525423729,7.9072098503224595,0.8875615014835774,-0.4538233928571466,0.17448846153845982,32277.93986928308,25.3,0.06324110671936767
input_hyperexcitable,True,1.65,1.0,1.0,memantine,4,20261203,150,0.8217846664011272,1.0,0.1782153335988728,23.6,41.87234042553192,7.848736408916825,0.8270858891550615,-0.45565571428571805,0.16953461538461426,25825.258465041297,25.3,0.06719367588932801
input_hyperexcitable,True,1.65,1.0,1.0,memantine,4,20261203,175,0.8000596497582824,1.0,0.19994035024171763,23.4,42.23390557939914,7.808557423910705,0.7542169707340249,-0.4566023214285751,0.16387307692307598,20157.213717420673,25.3,0.07509881422924913
input_hyperexcitable,True,1.65,1.0,1.0,memantine,4,20261203,200,0.7796827121197533,1.0,0.22031728788024676,23.3,42.41594827586207,7.780429917876677,0.7168957621208848,-0.457654107142861,0.16178461538461458,16338.823566444009,25.3,0.07905138339920947
input_hyperexcitable,True,1.65,1.0,1.0,memantine,4,20261203,250,0.7424088119900276,1.0,0.2575911880099724,22.8,43.35022026431718,7.815902207774015,0.6806452339061336,-0.45859517857143256,0.1600807692307686,11742.941499672239,25.3,0.09881422924901184
input_hyperexcitable,True,1.65,1.0,1.0,memantine,4,20261203,350,0.6789546199580587,1.0,0.3210453800419412,21.3,46.41745283018868,7.858403994213443,0.585536207321832,-0.4663562500000038,0.15222307692307685,5782.381403254804,25.3,0.15810276679841895
input_hyperexcitable,True,1.65,1.0,1.0,memantine,4,20261203,500,0.6036820500876947,1.0,0.39631794991230535,17.7,55.91477272727273,8.115120164357391,0.4788409660313555,-0.47554553571428954,0.14605384615384576,1961.5430841073558,25.3,0.3003952569169961
input_hyperexcitable,True,1.65,1.0,1.0,diazepam,4,20261203,0,1.0,1.0,0.0,25.3,39.04761904761905,8.030271846735232,1.1327502163718255,-0.44386464285714683,0.18725769230769013,115690.11308274453,25.3,0.0
input_hyperexcitable,True,1.65,1.0,1.0,diazepam,4,20261203,2.5,1.4636363636363636,1.4636363636363636,0.4636363636363636,25.2,39.20318725099602,8.089235034576493,1.1331768131675533,-0.6857034431818129,0.18793461538461315,116623.77579713742,25.3,0.0039525691699605625
input_hyperexcitable,True,1.65,1.0,1.0,diazepam,4,20261203,5,1.8499999999999999,1.8499999999999999,0.8499999999999999,25.0,39.51807228915663,8.117615629953336,1.136826569509343,-0.9085776160714828,0.18831153846153637,116600.40785130559,25.3,0.011857707509881465
input_hyperexcitable,True,1.65,1.0,1.0,diazepam,4,20261203,7.5,2.1769230769230767,2.1769230769230767,1.1769230769230767,24.9,39.67741935483871,8.13040699615535,1.143627594042053,-1.1077117582416949,0.18805384615384402,116673.66215692976,25.3,0.015810276679842028
input_hyperexcitable,True,1.65,1.0,1.0,diazepam,4,20261203,10,2.457142857142857,2.457142857142857,1.4571428571428569,24.7,40.0,8.190173048273266,1.144091324349129,-1.287052306122448,0.18918461538461334,117473.51606308518,25.3,0.02371541501976293
input_hyperexcitable,True,1.65,1.0,1.0,diazepam,4,20261203,12.5,2.6999999999999997,2.6999999999999997,1.6999999999999997,24.7,40.0,8.200675520519392,1.1479259259011985,-1.448308928571429,0.18887692307692122,118212.16528024022,25.3,0.02371541501976293
input_hyperexcitable,True,1.65,1.0,1.0,diazepam,4,20261203,15,2.9124999999999996,2.9124999999999996,1.9124999999999996,24.5,40.32786885245902,8.24808686788674,1.1482752038551371,-1.593445392857154,0.18947692307692116,118298.43867888038,25.3,0.031620553359683834
input_hyperexcitable,True,1.65,1.0,1.0,diazepam,4,20261203,20,3.2666666666666666,3.2666666666666666,2.2666666666666666,24.5,40.32786885245902,8.304824344438163,1.1660566186582086,-1.8938674999999376,0.1906461538461519,121192.99419679368,25.3,0.031620553359683834
input_hyperexcitable,True,1.65,1.0,1.0,diazepam,4,20261203,30,3.7818181818181813,3.7818181818181813,2.7818181818181813,24.5,40.32786885245902,8.416844461695993,1.2162344454272345,-2.346046181818091,0.1949807692307677,130764.27807957766,25.3,0.031620553359683834
input_hyperexcitable,True,1.65,1.0,1.0,diazepam,4,20261203,60,4.6,4.6,3.5999999999999996,23.9,41.34453781512605,8.66088966613206,1.238445310664217,-3.3175635357142426,0.19700769230769147,133633.26731505562,25.3,0.055335968379446765
input_hyperexcitable,True,1.65,1.0,1.0,perampanel,5,20261204,0,1.0,1.0,0.0,25.5,38.74212598425197,8.01219381572096,1.106692176819092,-0.45322000000000334,0.18831538461538205,119865.00390901101,25.5,0.0
input_hyperexcitable,True,1.65,1.0,1.0,perampanel,5,20261204,6,0.9741421208800244,1.0,0.025857879119975637,20.9,42.44230769230769,7.838957751430021,0.8551651031375183,-0.4755842857142891,0.15604230769230523,73822.7360917922,25.5,0.18039215686274512
input_hyperexcitable,True,1.65,1.0,1.0,perampanel,5,20261204,8,0.9676668921927091,1.0,0.03233310780729098,20.9,42.44230769230769,7.800609860897904,0.8196435370494004,-0.4757558928571463,0.15406538461538236,70111.89704749924,25.5,0.18039215686274512
input_hyperexcitable,True,1.65,1.0,1.0,perampanel,5,20261204,10,0.9615904074078002,1.0,0.03840959259219974,20.9,42.44230769230769,7.762292901841673,0.7938275780206954,-0.4748092857142892,0.15235384615384392,68186.40171184475,25.5,0.18039215686274512
input_hyperexcitable,True,1.65,1.0,1.0,perampanel,5,20261204,12,0.9558253497558058,1.0,0.044174650244194216,21.0,42.239234449760765,7.794177417466494,0.8178562127002679,-0.4738460714285751,0.15520384615384392,70351.39936899813,25.5,0.17647058823529416
input_hyperexcitable,True,1.65,1.0,1.0,perampanel,5,20261204,14,0.9503156200134328,1.0,0.049684379986567204,20.8,42.64734299516908,7.764135538867407,0.8062363658210957,-0.47559535714286094,0.15293846153845947,68391.20684819981,25.5,0.1843137254901961
input_hyperexcitable,True,1.65,1.0,1.0,perampanel,5,20261204,16,0.9450221738818855,1.0,0.05497782611811456,20.6,43.06341463414634,7.777799988438177,0.8082295691755682,-0.47623750000000364,0.15254615384615178,68901.78568048614,25.5,0.19215686274509802
input_hyperexcitable,True,1.65,1.0,1.0,perampanel,5,20261204,18,0.9399162876906435,1.0,0.06008371230935653,20.5,43.27450980392157,7.767393806889676,0.7933018245160218,-0.4762928571428608,0.15159999999999785,67904.44775018108,25.5,0.196078431372549
input_hyperexcitable,True,1.65,1.0,1.0,perampanel,5,20261204,22,0.9301837569953113,1.0,0.06981624300468868,20.0,44.36180904522613,7.70032387968589,0.7480313776702278,-0.4774166071428608,0.14429999999999824,65363.37374643159,25.5,0.21568627450980393
input_hyperexcitable,True,1.65,1.0,1.0,memantine,5,20261204,0,1.0,1.0,0.0,25.5,38.74212598425197,8.01219381572096,1.106692176819092,-0.45322000000000334,0.18831538461538205,119865.00390901101,25.5,0.0
input_hyperexcitable,True,1.65,1.0,1.0,memantine,5,20261204,50,0.9268452221991218,1.0,0.07315477780087822,24.5,40.329918032786885,7.941741557578173,0.9954432977487755,-0.46072089285714657,0.17941538461538256,65573.07458117345,25.5,0.039215686274509776
input_hyperexcitable,True,1.65,1.0,1.0,memantine,5,20261204,100,0.870062755069906,1.0,0.12993724493009393,23.6,41.874468085106386,7.907824939473113,0.8992017303658566,-0.45955285714286065,0.17420769230768993,39805.301230903075,25.5,0.07450980392156858
input_hyperexcitable,True,1.65,1.0,1.0,memantine,5,20261204,125,0.8450406189991146,1.0,0.15495938100088538,23.6,41.874468085106386,7.826773041417104,0.8208598191294277,-0.4609921428571465,0.16722307692307542,31477.843230100072,25.5,0.07450980392156858
input_hyperexcitable,True,1.65,1.0,1.0,memantine,5,20261204,150,0.8217846664011272,1.0,0.1782153335988728,23.4,42.23390557939914,7.820439912586291,0.7792762835815203,-0.4619387500000038,0.16563076923076794,25401.22237756094,25.5,0.08235294117647063
input_hyperexcitable,True,1.65,1.0,1.0,memantine,5,20261204,175,0.8000596497582824,1.0,0.19994035024171763,23.3,42.41594827586207,7.808934392884834,0.7474851865918356,-0.4620439285714323,0.16476538461538343,20971.139352738963,25.5,0.0862745098039216
input_hyperexcitable,True,1.65,1.0,1.0,memantine,5,20261204,200,0.7796827121197533,1.0,0.22031728788024676,23.3,42.41594827586207,7.759646319441844,0.7047828910695279,-0.46219892857143197,0.16194999999999912,16829.89053338386,25.5,0.0862745098039216
input_hyperexcitable,True,1.65,1.0,1.0,memantine,5,20261204,250,0.7424088119900276,1.0,0.2575911880099724,23.2,42.599567099567096,7.705440316477767,0.6524597820452861,-0.45925946428571734,0.1584192307692296,11720.84219971555,25.5,0.09019607843137256
input_hyperexcitable,True,1.65,1.0,1.0,memantine,5,20261204,350,0.6789546199580587,1.0,0.3210453800419412,21.3,46.41981132075472,7.831456850532972,0.5587712702746198,-0.4708069642857183,0.15262692307692297,5349.365038051197,25.5,0.16470588235294115
input_hyperexcitable,True,1.65,1.0,1.0,memantine,5,20261204,500,0.6036820500876947,1.0,0.39631794991230535,17.5,56.55747126436781,8.127990209920135,0.482661050529119,-0.48200571428571864,0.14705769230769153,2105.979577968101,25.5,0.3137254901960784
input_hyperexcitable,True,1.65,1.0,1.0,diazepam,5,20261204,0,1.0,1.0,0.0,25.5,38.74212598425197,8.01219381572096,1.106692176819092,-0.45322000000000334,0.18831538461538205,119865.00390901101,25.5,0.0
input_hyperexcitable,True,1.65,1.0,1.0,diazepam,5,20261204,2.5,1.4636363636363636,1.4636363636363636,0.4636363636363636,25.2,39.20517928286853,8.067530946201352,1.1432638793391183,-0.7037309999999931,0.18892692307692066,122725.9510374346,25.5,0.01176470588235301
input_hyperexcitable,True,1.65,1.0,1.0,diazepam,5,20261204,5,1.8499999999999999,1.8499999999999999,0.8499999999999999,25.2,39.20517928286853,8.089301780844067,1.139834402202937,-0.9220753482143415,0.1890923076923051,122609.30389985438,25.5,0.01176470588235301
input_hyperexcitable,True,1.65,1.0,1.0,diazepam,5,20261204,7.5,2.1769230769230767,2.1769230769230767,1.1769230769230767,24.8,39.840080971659916,8.149839399223145,1.1489746917556736,-1.1263784848900424,0.19006538461538214,122845.75908415146,25.5,0.027450980392156876
input_hyperexcitable,True,1.65,1.0,1.0,diazepam,5,20261204,10,2.457142857142857,2.457142857142857,1.4571428571428569,24.7,40.0020325203252,8.186421441870246,1.1480735827770354,-1.3173984591836718,0.1907307692307669,123128.46149041645,25.5,0.03137254901960784
input_hyperexcitable,True,1.65,1.0,1.0,diazepam,5,20261204,12.5,2.6999999999999997,2.6999999999999997,1.6999999999999997,24.7,40.0020325203252,8.1958173576254,1.1446529321595458,-1.4904877500000049,0.1906538461538439,122822.53327967667,25.5,0.03137254901960784
input_hyperexcitable,True,1.65,1.0,1.0,diazepam,5,20261204,15,2.9124999999999996,2.9124999999999996,1.9124999999999996,24.7,40.0020325203252,8.202885770080737,1.1383728366989314,-1.6427326941964346,0.19050769230769007,122629.80954579868,25.5,0.03137254901960784
input_hyperexcitable,True,1.65,1.0,1.0,diazepam,5,20261204,20,3.2666666666666666,3.2666666666666666,2.2666666666666666,24.6,40.16530612244898,8.284242736793685,1.1572004223965282,-1.9503055833332823,0.1922192307692287,125324.13119338894,25.5,0.03529411764705881
input_hyperexcitable,True,1.65,1.0,1.0,diazepam,5,20261204,30,3.7818181818181813,3.7818181818181813,2.7818181818181813,24.3,40.663223140495866,8.434449157801426,1.2383787371495336,-2.4329476363635427,0.19520384615384437,136808.94417712983,25.5,0.04705882352941171
input_hyperexcitable,True,1.65,1.0,1.0,diazepam,5,20261204,60,4.6,4.6,3.5999999999999996,23.7,41.69703389830509,8.656959986838324,1.2402535591622175,-3.3808422857142353,0.1976884615384602,136983.76340934786,25.5,0.07058823529411773
input_hyperexcitable,True,1.65,1.0,1.0,perampanel,6,20261205,0,1.0,1.0,0.0,25.6,38.588235294117645,8.037617698820707,1.186068767022696,-0.4517364285714315,0.1908384615384595,124947.23369747536,25.6,0.0
input_hyperexcitable,True,1.65,1.0,1.0,perampanel,6,20261205,6,0.9741421208800244,1.0,0.025857879119975637,25.0,39.51606425702811,7.896162937190206,1.0310952371495317,-0.45281589285714624,0.17782692307692122,105079.1057629713,25.6,0.0234375
input_hyperexcitable,True,1.65,1.0,1.0,perampanel,6,20261205,8,0.9676668921927091,1.0,0.03233310780729098,24.7,40.0,7.870872625087964,1.0110310433911878,-0.45294321428571777,0.17576153846153655,100774.39394764634,25.6,0.03515625000000011
input_hyperexcitable,True,1.65,1.0,1.0,perampanel,6,20261205,10,0.9615904074078002,1.0,0.03840959259219974,24.7,40.0,7.842980685381803,0.9971453396194921,-0.4534192857142895,0.1741999999999983,99550.65848739768,25.6,0.03515625000000011
input_hyperexcitable,True,1.65,1.0,1.0,perampanel,6,20261205,12,0.9558253497558058,1.0,0.044174650244194216,24.7,40.0,7.820652721260293,0.9880483237650196,-0.4538510714285751,0.1727423076923057,98332.34590371796,25.6,0.03515625000000011
input_hyperexcitable,True,1.65,1.0,1.0,perampanel,6,20261205,14,0.9503156200134328,1.0,0.049684379986567204,24.7,40.0,7.799260096070572,0.9801126438584772,-0.4540337500000037,0.17132692307692102,97457.16215632988,25.6,0.03515625000000011
input_hyperexcitable,True,1.65,1.0,1.0,perampanel,6,20261205,16,0.9450221738818855,1.0,0.05497782611811456,21.0,42.23684210526316,7.859336035962564,0.8618302212116163,-0.47530196428571764,0.1615153846153825,76371.00461646022,25.6,0.1796875
input_hyperexcitable,True,1.65,1.0,1.0,perampanel,6,20261205,18,0.9399162876906435,1.0,0.06008371230935653,21.0,42.23684210526316,7.829899780565484,0.8567644756341795,-0.4754458928571463,0.15991538461538257,75516.41521417769,25.6,0.1796875
input_hyperexcitable,True,1.65,1.0,1.0,perampanel,6,20261205,22,0.9301837569953113,1.0,0.06981624300468868,20.7,42.851941747572816,7.829066392681583,0.8519444289052078,-0.4817842857142892,0.15843461538461373,75873.32696567617,25.6,0.1914062500000001
input_hyperexcitable,True,1.65,1.0,1.0,memantine,6,20261205,0,1.0,1.0,0.0,25.6,38.588235294117645,8.037617698820707,1.186068767022696,-0.4517364285714315,0.1908384615384595,124947.23369747536,25.6,0.0
input_hyperexcitable,True,1.65,1.0,1.0,memantine,6,20261205,50,0.9268452221991218,1.0,0.07315477780087822,24.8,39.840080971659916,8.043255640808312,1.0456656362098635,-0.4585841071428603,0.18672307692307488,69694.56105273005,25.6,0.03125
input_hyperexcitable,True,1.65,1.0,1.0,memantine,6,20261205,100,0.870062755069906,1.0,0.12993724493009393,24.0,41.17364016736402,7.93633443044611,0.9348198955059245,-0.45620928571428887,0.1781538461538441,41942.08379119986,25.6,0.0625
input_hyperexcitable,True,1.65,1.0,1.0,memantine,6,20261205,125,0.8450406189991146,1.0,0.15495938100088538,23.9,41.346638655462186,7.908774773522561,0.8772829347428087,-0.45480875000000326,0.1753538461538445,33427.52595165205,25.6,0.06640625000000011
input_hyperexcitable,True,1.65,1.0,1.0,memantine,6,20261205,150,0.8217846664011272,1.0,0.1782153335988728,23.8,41.5210970464135,7.862335440628961,0.8328202972084764,-0.45503017857143185,0.17254999999999865,27110.835666085284,25.6,0.0703125
input_hyperexcitable,True,1.65,1.0,1.0,memantine,6,20261205,175,0.8000596497582824,1.0,0.19994035024171763,23.5,42.0534188034188,7.855333758002243,0.7683222948762417,-0.4569344642857176,0.16960769230769118,21151.03903510579,25.6,0.08203125
input_hyperexcitable,True,1.65,1.0,1.0,memantine,6,20261205,200,0.7796827121197533,1.0,0.22031728788024676,23.1,42.78478260869565,7.767028037742559,0.7006069695381756,-0.4602337500000035,0.15995769230769133,16216.434843814057,25.6,0.09765625
input_hyperexcitable,True,1.65,1.0,1.0,memantine,6,20261205,250,0.7424088119900276,1.0,0.2575911880099724,22.6,43.73555555555556,7.783213779012585,0.6466558793638503,-0.4656532142857177,0.1575038461538455,11080.63226278411,25.6,0.1171875
input_hyperexcitable,True,1.65,1.0,1.0,memantine,6,20261205,350,0.6789546199580587,1.0,0.3210453800419412,21.6,45.769767441860466,7.814896283558998,0.5789830557391389,-0.4688971428571462,0.1533769230769226,5857.42122293994,25.6,0.15625
input_hyperexcitable,True,1.65,1.0,1.0,memantine,6,20261205,500,0.6036820500876947,1.0,0.39631794991230535,18.1,54.672222222222224,8.08736314308095,0.5142973043112313,-0.4772837500000034,0.14759615384615354,2373.6683037871585,25.6,0.29296875
input_hyperexcitable,True,1.65,1.0,1.0,diazepam,6,20261205,0,1.0,1.0,0.0,25.6,38.588235294117645,8.037617698820707,1.186068767022696,-0.4517364285714315,0.1908384615384595,124947.23369747536,25.6,0.0
input_hyperexcitable,True,1.65,1.0,1.0,diazepam,6,20261205,2.5,1.4636363636363636,1.4636363636363636,0.4636363636363636,25.2,39.20318725099602,8.11977051719949,1.187265171478637,-0.6936031590909019,0.19201923076922886,125539.71671751862,25.6,0.01562500000000011
input_hyperexcitable,True,1.65,1.0,1.0,diazepam,6,20261205,5,1.8499999999999999,1.8499999999999999,0.8499999999999999,25.1,39.36,8.132522586467381,1.1909669001168213,-0.9102878750000531,0.19210384615384415,125334.09476528325,25.6,0.01953125
input_hyperexcitable,True,1.65,1.0,1.0,diazepam,6,20261205,7.5,2.1769230769230767,2.1769230769230767,1.1769230769230767,25.1,39.36,8.150145493889791,1.1829863749165543,-1.1112064972526812,0.19204615384615192,124809.5067984418,25.6,0.01953125
input_hyperexcitable,True,1.65,1.0,1.0,diazepam,6,20261205,10,2.457142857142857,2.457142857142857,1.4571428571428569,25.1,39.36,8.168423892053726,1.1807370380507336,-1.2881948775510197,0.1921807692307673,124405.32342698486,25.6,0.01953125
input_hyperexcitable,True,1.65,1.0,1.0,diazepam,6,20261205,12.5,2.6999999999999997,2.6999999999999997,1.6999999999999997,25.0,39.51807228915663,8.200637347851071,1.1876863042389847,-1.4742858214285721,0.1922769230769212,126319.2963226811,25.6,0.0234375
input_hyperexcitable,True,1.65,1.0,1.0,diazepam,6,20261205,15,2.9124999999999996,2.9124999999999996,1.9124999999999996,25.0,39.51807228915663,8.238942611431252,1.1953616292556726,-1.6377185133928704,0.19342307692307528,127057.98161886165,25.6,0.0234375
input_hyperexcitable,True,1.65,1.0,1.0,diazepam,6,20261205,20,3.2666666666666666,3.2666666666666666,2.2666666666666666,24.8,39.83805668016194,8.30142885388996,1.21070646804072,-1.917285416666621,0.19461153846153698,128782.85930303237,25.6,0.03125
input_hyperexcitable,True,1.65,1.0,1.0,diazepam,6,20261205,30,3.7818181818181813,3.7818181818181813,2.7818181818181813,24.3,40.66115702479339,8.467775299998898,1.2482076779038709,-2.4559762077921214,0.19769230769230609,134376.91775642778,25.6,0.05078125
input_hyperexcitable,True,1.65,1.0,1.0,diazepam,6,20261205,60,4.6,4.6,3.5999999999999996,23.9,41.34453781512605,8.648726059667386,1.2675607978137506,-3.3520167142856723,0.1997423076923065,136384.76465169722,25.6,0.06640625000000011
input_hyperexcitable,True,1.65,1.0,1.0,perampanel,7,20261206,0,1.0,1.0,0.0,25.6,38.588235294117645,8.071915994158893,1.205282800734312,-0.4544821428571472,0.19182692307692095,131319.32682249104,25.6,0.0
input_hyperexcitable,True,1.65,1.0,1.0,perampanel,7,20261206,6,0.9741421208800244,1.0,0.025857879119975637,22.8,38.892070484581495,7.821881175206749,0.9895884507676909,-0.4675519642857186,0.16989615384615211,92727.38918529463,25.6,0.109375
input_hyperexcitable,True,1.65,1.0,1.0,perampanel,7,20261206,8,0.9676668921927091,1.0,0.03233310780729098,22.5,39.408482142857146,7.747281233546203,0.9171739005340456,-0.4708900000000043,0.16173076923076743,83695.38435097365,25.6,0.12109375
input_hyperexcitable,True,1.65,1.0,1.0,perampanel,7,20261206,10,0.9615904074078002,1.0,0.03840959259219974,22.5,39.408482142857146,7.710563681700834,0.8846973737483309,-0.4709453571428615,0.15983076923076706,81387.52874126376,25.6,0.12109375
input_hyperexcitable,True,1.65,1.0,1.0,perampanel,7,20261206,12,0.9558253497558058,1.0,0.044174650244194216,19.2,40.473821989528794,7.802121422487034,0.7763773130006679,-0.4865394642857184,0.153049999999998,64035.48505043821,25.6,0.2500000000000001
input_hyperexcitable,True,1.65,1.0,1.0,perampanel,7,20261206,14,0.9503156200134328,1.0,0.049684379986567204,18.8,41.339572192513366,7.825863307408871,0.7657513175066761,-0.4870930357142898,0.15244999999999842,62221.73792747535,25.6,0.265625
input_hyperexcitable,True,1.65,1.0,1.0,perampanel,7,20261206,16,0.9450221738818855,1.0,0.05497782611811456,18.3,42.47802197802198,7.817247208786362,0.721218844375835,-0.48955642857143283,0.1484884615384599,58332.63680599674,25.6,0.28515625
input_hyperexcitable,True,1.65,1.0,1.0,perampanel,7,20261206,18,0.9399162876906435,1.0,0.06008371230935653,18.2,42.71270718232044,7.804425743429898,0.7144701393524705,-0.4900435714285757,0.14738076923076734,57974.100242650224,25.6,0.2890625000000001
input_hyperexcitable,True,1.65,1.0,1.0,perampanel,7,20261206,22,0.9301837569953113,1.0,0.06981624300468868,18.0,43.18994413407821,7.880881836260097,0.7735361425233652,-0.49120053571429023,0.1516192307692291,64062.64558278917,25.6,0.296875
input_hyperexcitable,True,1.65,1.0,1.0,memantine,7,20261206,0,1.0,1.0,0.0,25.6,38.588235294117645,8.071915994158893,1.205282800734312,-0.4544821428571472,0.19182692307692095,131319.32682249104,25.6,0.0
input_hyperexcitable,True,1.65,1.0,1.0,memantine,7,20261206,50,0.9268452221991218,1.0,0.07315477780087822,24.7,40.0,8.046677642042061,1.106356489829735,-0.4578201785714329,0.18755384615384418,74675.12662506009,25.6,0.03515625000000011
input_hyperexcitable,True,1.65,1.0,1.0,memantine,7,20261206,100,0.870062755069906,1.0,0.12993724493009393,23.7,41.69491525423729,7.98440904741227,0.9313960228678038,-0.45907125000000426,0.17833076923076696,41840.44858060998,25.6,0.07421875000000011
input_hyperexcitable,True,1.65,1.0,1.0,memantine,7,20261206,125,0.8450406189991146,1.0,0.15495938100088538,23.5,42.05128205128205,7.939307190809843,0.8530927950024466,-0.46056035714286153,0.17369615384615225,33006.49843866223,25.6,0.08203125
input_hyperexcitable,True,1.65,1.0,1.0,memantine,7,20261206,150,0.8217846664011272,1.0,0.1782153335988728,23.5,42.05128205128205,7.900554703216908,0.803445433559988,-0.461307678571433,0.17157692307692146,26772.08835092362,25.6,0.08203125
input_hyperexcitable,True,1.65,1.0,1.0,memantine,7,20261206,175,0.8000596497582824,1.0,0.19994035024171763,23.4,42.23175965665236,7.89791918812201,0.7682615024932982,-0.4614958928571471,0.17035769230769066,22147.399348184805,25.6,0.08593750000000011
input_hyperexcitable,True,1.65,1.0,1.0,memantine,7,20261206,200,0.7796827121197533,1.0,0.22031728788024676,23.3,42.41594827586207,7.871137842376089,0.7325833943493946,-0.46015625000000365,0.16817692307692145,18017.843820044513,25.6,0.08984375
input_hyperexcitable,True,1.65,1.0,1.0,memantine,7,20261206,250,0.7424088119900276,1.0,0.2575911880099724,22.8,43.35022026431718,7.868909609106497,0.6757069361627804,-0.4608925000000039,0.16476923076922967,12431.361497945696,25.6,0.109375
input_hyperexcitable,True,1.65,1.0,1.0,memantine,7,20261206,350,0.6789546199580587,1.0,0.3210453800419412,22.1,44.72954545454545,7.736600514404503,0.5554065022213349,-0.46604071428571825,0.151753846153846,5998.938911399402,25.6,0.13671875
input_hyperexcitable,True,1.65,1.0,1.0,memantine,7,20261206,500,0.6036820500876947,1.0,0.39631794991230535,18.1,54.669444444444444,8.137248829306596,0.49903406577544845,-0.4765198214285754,0.148876923076923,2245.500540636125,25.6,0.29296875
input_hyperexcitable,True,1.65,1.0,1.0,diazepam,7,20261206,0,1.0,1.0,0.0,25.6,38.588235294117645,8.071915994158893,1.205282800734312,-0.4544821428571472,0.19182692307692095,131319.32682249104,25.6,0.0
input_hyperexcitable,True,1.65,1.0,1.0,diazepam,7,20261206,2.5,1.4636363636363636,1.4636363636363636,0.4636363636363636,25.2,39.20318725099602,8.126756056704718,1.2271613466288378,-0.6931332272727195,0.19279999999999797,132381.38938524065,25.6,0.01562500000000011
input_hyperexcitable,True,1.65,1.0,1.0,diazepam,7,20261206,5,1.8499999999999999,1.8499999999999999,0.8499999999999999,25.0,39.51807228915663,8.170941931319609,1.2111496579606142,-0.915080696428627,0.19333076923076706,130728.24729254999,25.6,0.0234375
input_hyperexcitable,True,1.65,1.0,1.0,diazepam,7,20261206,7.5,2.1769230769230767,2.1769230769230767,1.1769230769230767,24.8,39.83805668016194,8.202357753786973,1.2210886469459274,-1.1046267472526818,0.1936230769230747,131595.53850731478,25.6,0.03125
input_hyperexcitable,True,1.65,1.0,1.0,diazepam,7,20261206,10,2.457142857142857,2.457142857142857,1.4571428571428569,24.8,39.83805668016194,8.21907584495262,1.2115236611315088,-1.3006407448979536,0.19402307692307474,131013.86369929991,25.6,0.03125
input_hyperexcitable,True,1.65,1.0,1.0,diazepam,7,20261206,12.5,2.6999999999999997,2.6999999999999997,1.6999999999999997,24.6,40.16326530612245,8.252938007575986,1.2128767317256341,-1.4739570000000028,0.19469999999999799,130164.6111120895,25.6,0.0390625
input_hyperexcitable,True,1.65,1.0,1.0,diazepam,7,20261206,15,2.9124999999999996,2.9124999999999996,1.9124999999999996,24.6,40.16326530612245,8.281838940822347,1.2186853302736982,-1.6254813325893007,0.1957499999999979,131246.02726130772,25.6,0.0390625
input_hyperexcitable,True,1.65,1.0,1.0,diazepam,7,20261206,20,3.2666666666666666,3.2666666666666666,2.2666666666666666,24.7,40.0,8.307618539720591,1.2282527283044062,-1.889274333333286,0.19550769230769027,132986.47640286313,25.6,0.03515625000000011
input_hyperexcitable,True,1.65,1.0,1.0,diazepam,7,20261206,30,3.7818181818181813,3.7818181818181813,2.7818181818181813,24.2,40.829875518672196,8.457398565337256,1.2560255246995988,-2.3743503896102984,0.19746923076922884,136600.22567425238,25.6,0.05468750000000011
input_hyperexcitable,True,1.65,1.0,1.0,diazepam,7,20261206,60,4.6,4.6,3.5999999999999996,23.6,41.87234042553192,8.712968054046957,1.3022073689919889,-3.341067071428521,0.20088846153846004,144449.42541840413,25.6,0.078125
input_hyperexcitable,True,1.65,1.0,1.0,perampanel,8,20261207,0,1.0,1.0,0.0,24.3,40.66115702479339,8.057089881749722,1.131491880090118,-0.4533141071428606,0.1840384615384592,114943.69453734394,24.3,0.0
input_hyperexcitable,True,1.65,1.0,1.0,perampanel,8,20261207,6,0.9741421208800244,1.0,0.025857879119975637,21.8,40.684331797235025,7.801488565176904,0.9312870836114818,-0.4694341071428614,0.16235384615384407,82730.76062763008,24.3,0.10288065843621397
input_hyperexcitable,True,1.65,1.0,1.0,perampanel,8,20261207,8,0.9676668921927091,1.0,0.03233310780729098,21.4,41.448356807511736,7.820566819221119,0.8998882510013356,-0.4707350000000043,0.1610846153846135,79906.41008772634,24.3,0.11934156378600835
input_hyperexcitable,True,1.65,1.0,1.0,perampanel,8,20261207,10,0.9615904074078002,1.0,0.03840959259219974,21.4,41.448356807511736,7.790902769717,0.8885505237817096,-0.4720469642857184,0.1594153846153826,79008.87070060782,24.3,0.11934156378600835
input_hyperexcitable,True,1.65,1.0,1.0,perampanel,8,20261207,12,0.9558253497558058,1.0,0.044174650244194216,21.2,41.84123222748815,7.713905382378974,0.8343777013518027,-0.47457678571428996,0.15222692307692096,72398.3213419827,24.3,0.12757201646090544
input_hyperexcitable,True,1.65,1.0,1.0,perampanel,8,20261207,14,0.9503156200134328,1.0,0.049684379986567204,21.0,42.24162679425837,7.719620483764426,0.8015908210113492,-0.47840196428571874,0.15022692307692118,69244.85728404217,24.3,0.13580246913580252
input_hyperexcitable,True,1.65,1.0,1.0,perampanel,8,20261207,16,0.9450221738818855,1.0,0.05497782611811456,21.0,42.24162679425837,7.795805290622131,0.8543376946762359,-0.48006821428571866,0.15691153846153624,74623.88551795162,24.3,0.13580246913580252
input_hyperexcitable,True,1.65,1.0,1.0,perampanel,8,20261207,18,0.9399162876906435,1.0,0.06008371230935653,20.0,44.3643216080402,7.927894496540331,0.8448252476635525,-0.48210535714286123,0.15816923076922831,73977.50175667781,24.3,0.17695473251028804
input_hyperexcitable,True,1.65,1.0,1.0,perampanel,8,20261207,22,0.9301837569953113,1.0,0.06981624300468868,19.4,45.74352331606217,7.855829629070158,0.7619181779038726,-0.48401517857143306,0.14873076923076747,64459.93547562351,24.3,0.2016460905349795
input_hyperexcitable,True,1.65,1.0,1.0,memantine,8,20261207,0,1.0,1.0,0.0,24.3,40.66115702479339,8.057089881749722,1.131491880090118,-0.4533141071428606,0.1840384615384592,114943.69453734394,24.3,0.0
input_hyperexcitable,True,1.65,1.0,1.0,memantine,8,20261207,50,0.9268452221991218,1.0,0.07315477780087822,23.9,41.34453781512605,7.970049490853891,0.9985197251949111,-0.4511994642857178,0.17791923076922814,64037.18184888077,24.3,0.016460905349794275
input_hyperexcitable,True,1.65,1.0,1.0,memantine,8,20261207,100,0.870062755069906,1.0,0.12993724493009393,23.3,42.41379310344828,7.954981655894117,0.9128322541513567,-0.45452642857143144,0.17400384615384415,40677.37651082658,24.3,0.04115226337448563
input_hyperexcitable,True,1.65,1.0,1.0,memantine,8,20261207,125,0.8450406189991146,1.0,0.15495938100088538,23.1,42.78260869565217,7.94031726717633,0.8817351236174352,-0.45356321428571716,0.1725884615384596,33370.91186017801,24.3,0.04938271604938271
input_hyperexcitable,True,1.65,1.0,1.0,memantine,8,20261207,150,0.8217846664011272,1.0,0.1782153335988728,22.9,43.1578947368421,7.935012818315309,0.8268124037576484,-0.45507446428571713,0.17095769230769065,26703.610648404057,24.3,0.057613168724279906
input_hyperexcitable,True,1.65,1.0,1.0,memantine,8,20261207,175,0.8000596497582824,1.0,0.19994035024171763,22.9,43.1578947368421,7.902695090577453,0.7917940614076684,-0.45534017857143144,0.16865769230769057,22097.821756652196,24.3,0.057613168724279906
input_hyperexcitable,True,1.65,1.0,1.0,memantine,8,20261207,200,0.7796827121197533,1.0,0.22031728788024676,22.8,43.348017621145374,7.928837846934514,0.7820432384198922,-0.45661339285714564,0.1694153846153829,19323.860569420398,24.3,0.06172839506172845
input_hyperexcitable,True,1.65,1.0,1.0,memantine,8,20261207,250,0.7424088119900276,1.0,0.2575911880099724,22.8,43.348017621145374,7.833055079296647,0.6934089655147221,-0.4578810714285744,0.16338076923076825,13142.975972821889,24.3,0.06172839506172845
input_hyperexcitable,True,1.65,1.0,1.0,memantine,8,20261207,350,0.6789546199580587,1.0,0.3210453800419412,21.6,45.769767441860466,7.616288224285901,0.4885706392181899,-0.46454607142857496,0.14186153846153804,5257.155642917514,24.3,0.11111111111111105
input_hyperexcitable,True,1.65,1.0,1.0,memantine,8,20261207,500,0.6036820500876947,1.0,0.39631794991230535,17.2,57.54970760233918,8.121554885485105,0.438732406537152,-0.47930982142857537,0.14383846153846133,1859.578922901113,24.3,0.29218106995884774
input_hyperexcitable,True,1.65,1.0,1.0,diazepam,8,20261207,0,1.0,1.0,0.0,24.3,40.66115702479339,8.057089881749722,1.131491880090118,-0.4533141071428606,0.1840384615384592,114943.69453734394,24.3,0.0
input_hyperexcitable,True,1.65,1.0,1.0,diazepam,8,20261207,2.5,1.4636363636363636,1.4636363636363636,0.4636363636363636,24.3,40.66115702479339,8.077867887298526,1.1313631737316403,-0.695093977272726,0.1837730769230746,115687.66767043617,24.3,0.0
input_hyperexcitable,True,1.65,1.0,1.0,diazepam,8,20261207,5,1.8499999999999999,1.8499999999999999,0.8499999999999999,24.2,40.829875518672196,8.083680560066279,1.1407198500500646,-0.9201602678571973,0.18364999999999765,115835.29100605147,24.3,0.004115226337448652
input_hyperexcitable,True,1.65,1.0,1.0,diazepam,8,20261207,7.5,2.1769230769230767,2.1769230769230767,1.1769230769230767,23.9,41.34453781512605,8.143664898209074,1.1347876254172213,-1.1350671291208139,0.1845307692307672,115235.80212422063,24.3,0.016460905349794275
input_hyperexcitable,True,1.65,1.0,1.0,diazepam,8,20261207,10,2.457142857142857,2.457142857142857,1.4571428571428569,23.9,41.34453781512605,8.157692873524393,1.1270031476134827,-1.3149228877550974,0.18455769230769037,114474.42704041085,24.3,0.016460905349794275
input_hyperexcitable,True,1.65,1.0,1.0,diazepam,8,20261207,12.5,2.6999999999999997,2.6999999999999997,1.6999999999999997,23.9,41.34453781512605,8.17745681345438,1.1260665132676884,-1.4919375535714274,0.18469615384615193,114668.14948018077,24.3,0.016460905349794275
input_hyperexcitable,True,1.65,1.0,1.0,diazepam,8,20261207,15,2.9124999999999996,2.9124999999999996,1.9124999999999996,24.1,41.0,8.251158034194473,1.1965647586782364,-1.6153078660714357,0.19146538461538287,122526.77179513517,24.3,0.008230452674897082
input_hyperexcitable,True,1.65,1.0,1.0,diazepam,8,20261207,20,3.2666666666666666,3.2666666666666666,2.2666666666666666,23.6,41.87234042553192,8.357842037570625,1.2143937782042713,-1.9122220833332708,0.19273846153845972,124238.87360205934,24.3,0.028806584362139898
input_hyperexcitable,True,1.65,1.0,1.0,diazepam,8,20261207,30,3.7818181818181813,3.7818181818181813,2.7818181818181813,23.5,42.05128205128205,8.489929593065785,1.2622586367656856,-2.4335966233765274,0.1964615384615367,132595.0459466857,24.3,0.03292181069958855
input_hyperexcitable,True,1.65,1.0,1.0,diazepam,8,20261207,60,4.6,4.6,3.5999999999999996,23.0,42.96943231441048,8.698122773113797,1.2777518451268346,-3.3571859642856623,0.19916538461538286,134213.34967876357,24.3,0.053497942386831254
input_hyperexcitable,True,1.65,1.0,1.0,perampanel,9,20261208,0,1.0,1.0,0.0,22.5,39.953125,7.956386368738854,1.063918026618826,-0.4657860714285751,0.1772692307692288,94098.04270460765,22.5,0.0
input_hyperexcitable,True,1.65,1.0,1.0,perampanel,9,20261208,6,0.9741421208800244,1.0,0.025857879119975637,22.0,40.31050228310502,7.8005323490867555,0.9411745388851812,-0.4685096428571468,0.16419999999999807,81476.92728259768,22.5,0.022222222222222254
input_hyperexcitable,True,1.65,1.0,1.0,perampanel,9,20261208,8,0.9676668921927091,1.0,0.03233310780729098,22.0,40.31050228310502,7.772546940800485,0.9307219305740999,-0.46864803571428965,0.16256923076922905,80884.227628898,22.5,0.022222222222222254
input_hyperexcitable,True,1.65,1.0,1.0,perampanel,9,20261208,10,0.9615904074078002,1.0,0.03840959259219974,22.0,40.31050228310502,7.756307190948999,0.9030774750500675,-0.4694617857142897,0.16121923076922925,79476.84165584524,22.5,0.022222222222222254
input_hyperexcitable,True,1.65,1.0,1.0,perampanel,9,20261208,12,0.9558253497558058,1.0,0.044174650244194216,21.9,40.49311926605505,7.744162303410923,0.8847676204105485,-0.4700541071428613,0.15996153846153682,78220.4572113632,22.5,0.026666666666666727
input_hyperexcitable,True,1.65,1.0,1.0,perampanel,9,20261208,14,0.9503156200134328,1.0,0.049684379986567204,21.8,40.67972350230415,7.736326819714193,0.8789834912383186,-0.4705135714285755,0.1586692307692289,77875.68803660749,22.5,0.03111111111111109
input_hyperexcitable,True,1.65,1.0,1.0,perampanel,9,20261208,16,0.9450221738818855,1.0,0.05497782611811456,21.8,40.67972350230415,7.636015711898959,0.8140818251835789,-0.46983267857143235,0.1511461538461522,71973.04384025204,22.5,0.03111111111111109
input_hyperexcitable,True,1.65,1.0,1.0,perampanel,9,20261208,18,0.9399162876906435,1.0,0.06008371230935653,21.4,41.443661971830984,7.662677515350298,0.7841975902870494,-0.47013714285714675,0.15069230769230604,69130.21485617233,22.5,0.04888888888888898
input_hyperexcitable,True,1.65,1.0,1.0,perampanel,9,20261208,22,0.9301837569953113,1.0,0.06981624300468868,20.5,43.27205882352941,7.823012272034149,0.8115633617323106,-0.47592196428571787,0.15491538461538248,72417.77951657055,22.5,0.0888888888888889
input_hyperexcitable,True,1.65,1.0,1.0,memantine,9,20261208,0,1.0,1.0,0.0,22.5,39.953125,7.956386368738854,1.063918026618826,-0.4657860714285751,0.1772692307692288,94098.04270460765,22.5,0.0
input_hyperexcitable,True,1.65,1.0,1.0,memantine,9,20261208,50,0.9268452221991218,1.0,0.07315477780087822,22.4,40.13228699551569,7.829966663084072,0.8957996972356937,-0.4662953571428613,0.16718461538461368,51732.645850039604,22.5,0.004444444444444473
input_hyperexcitable,True,1.65,1.0,1.0,memantine,9,20261208,100,0.870062755069906,1.0,0.12993724493009393,21.8,41.244239631336406,7.817798879188596,0.7932391844545911,-0.46543732142857563,0.16344999999999824,31239.046265663303,22.5,0.03111111111111109
input_hyperexcitable,True,1.65,1.0,1.0,memantine,9,20261208,125,0.8450406189991146,1.0,0.15495938100088538,21.7,41.432870370370374,7.7965230219902395,0.7385781936084037,-0.46674928571428975,0.1608923076923063,25206.823810382422,22.5,0.03555555555555556
input_hyperexcitable,True,1.65,1.0,1.0,memantine,9,20261208,150,0.8217846664011272,1.0,0.1782153335988728,21.7,41.432870370370374,7.774970385699155,0.7041771874447434,-0.46767928571428985,0.15904999999999866,20977.494684629346,22.5,0.03555555555555556
input_hyperexcitable,True,1.65,1.0,1.0,memantine,9,20261208,175,0.8000596497582824,1.0,0.19994035024171763,21.6,41.62558139534884,7.757348270086733,0.6780710313992013,-0.4688528571428612,0.157284615384614,17327.293826311296,22.5,0.039999999999999925
input_hyperexcitable,True,1.65,1.0,1.0,memantine,9,20261208,200,0.7796827121197533,1.0,0.22031728788024676,21.4,42.01643192488263,7.748657762327447,0.651670932305502,-0.47084571428571836,0.15544230769230638,13989.211721498006,22.5,0.04888888888888898
input_hyperexcitable,True,1.65,1.0,1.0,memantine,9,20261208,250,0.7424088119900276,1.0,0.2575911880099724,20.8,43.234299516908216,7.817242454526946,0.6161638390270505,-0.4752244642857182,0.1556576923076909,9956.124254387338,22.5,0.07555555555555549
input_hyperexcitable,True,1.65,1.0,1.0,memantine,9,20261208,350,0.6789546199580587,1.0,0.3210453800419412,20.0,44.36683417085427,7.764660984173104,0.5224280431336421,-0.48079339285714684,0.1463153846153839,5237.515088122637,22.5,0.11111111111111116
input_hyperexcitable,True,1.65,1.0,1.0,memantine,9,20261208,500,0.6036820500876947,1.0,0.39631794991230535,15.9,55.88291139240506,8.02718909640535,0.4373849915260414,-0.49556267857143294,0.13857692307692318,1548.6770225526213,22.5,0.29333333333333333
input_hyperexcitable,True,1.65,1.0,1.0,diazepam,9,20261208,0,1.0,1.0,0.0,22.5,39.953125,7.956386368738854,1.063918026618826,-0.4657860714285751,0.1772692307692288,94098.04270460765,22.5,0.0
input_hyperexcitable,True,1.65,1.0,1.0,diazepam,9,20261208,2.5,1.4636363636363636,1.4636363636363636,0.4636363636363636,22.3,39.76801801801802,7.98811617381496,1.0716524143858477,-0.7078145454545378,0.1776807692307675,95895.49479077506,22.5,0.008888888888888835
input_hyperexcitable,True,1.65,1.0,1.0,diazepam,9,20261208,5,1.8499999999999999,1.8499999999999999,0.8499999999999999,22.2,39.94796380090498,8.05212512656399,1.0874504026201595,-0.9490298482143449,0.17867307692307538,99308.97105110473,22.5,0.01333333333333342
input_hyperexcitable,True,1.65,1.0,1.0,diazepam,9,20261208,7.5,2.1769230769230767,2.1769230769230767,1.1769230769230767,22.4,39.58968609865471,8.075237627231912,1.0641432764519356,-1.1647603598900413,0.17912692307692143,99696.46862337372,22.5,0.004444444444444473
input_hyperexcitable,True,1.65,1.0,1.0,diazepam,9,20261208,10,2.457142857142857,2.457142857142857,1.4571428571428569,22.3,39.76801801801802,8.103395370739733,1.0681538784212283,-1.3694262653061229,0.1790269230769218,100463.13770614528,22.5,0.008888888888888835
input_hyperexcitable,True,1.65,1.0,1.0,diazepam,9,20261208,12.5,2.6999999999999997,2.6999999999999997,1.6999999999999997,22.3,39.76801801801802,8.12468408244588,1.0632008125834442,-1.5359846785714304,0.17919615384615262,100356.72350672948,22.5,0.008888888888888835
input_hyperexcitable,True,1.65,1.0,1.0,diazepam,9,20261208,15,2.9124999999999996,2.9124999999999996,1.9124999999999996,22.4,39.58968609865471,8.122242783556873,1.0642785615821095,-1.6810726361607284,0.17881923076922962,101438.49461031734,22.5,0.004444444444444473
input_hyperexcitable,True,1.65,1.0,1.0,diazepam,9,20261208,20,3.2666666666666666,3.2666666666666666,2.2666666666666666,22.2,39.94796380090498,8.179930539772103,1.064458618908545,-1.98341616666661,0.17925384615384504,101565.43816156853,22.5,0.01333333333333342
input_hyperexcitable,True,1.65,1.0,1.0,diazepam,9,20261208,30,3.7818181818181813,3.7818181818181813,2.7818181818181813,22.0,40.31050228310502,8.267748815116638,1.06947268457944,-2.5025985974024954,0.1795615384615374,103101.48978143078,22.5,0.022222222222222254
input_hyperexcitable,True,1.65,1.0,1.0,diazepam,9,20261208,60,4.6,4.6,3.5999999999999996,21.0,42.239234449760765,8.559819727301985,1.0981475219459285,-3.555883785714257,0.1837961538461532,104152.1297822777,22.5,0.06666666666666665
input_hyperexcitable,True,1.65,1.0,1.0,perampanel,10,20261209,0,1.0,1.0,0.0,25.2,39.20318725099602,8.075692639188471,1.1486234401702278,-0.44609553571428867,0.19125384615384414,119001.88163498041,25.2,0.0
input_hyperexcitable,True,1.65,1.0,1.0,perampanel,10,20261209,6,0.9741421208800244,1.0,0.025857879119975637,22.9,38.72149122807018,7.767772707350908,0.9328166114819769,-0.46491696428571777,0.1647999999999974,85465.83997349696,25.2,0.09126984126984128
input_hyperexcitable,True,1.65,1.0,1.0,perampanel,10,20261209,8,0.9676668921927091,1.0,0.03233310780729098,22.6,39.23777777777778,7.780337542156185,0.9365473049899874,-0.4667769642857179,0.164503846153844,84770.93771562689,25.2,0.10317460317460314
input_hyperexcitable,True,1.65,1.0,1.0,perampanel,10,20261209,10,0.9615904074078002,1.0,0.03840959259219974,22.2,39.94796380090498,7.767355980668138,0.9232956120660889,-0.46782321428571766,0.16199230769230577,82344.74931259507,25.2,0.11904761904761907
input_hyperexcitable,True,1.65,1.0,1.0,perampanel,10,20261209,12,0.9558253497558058,1.0,0.044174650244194216,22.2,39.94796380090498,7.729502655402588,0.9061976585447273,-0.4680335714285748,0.16021923076922873,80773.74566096537,25.2,0.11904761904761907
input_hyperexcitable,True,1.65,1.0,1.0,perampanel,10,20261209,14,0.9503156200134328,1.0,0.049684379986567204,21.9,40.49770642201835,7.737619735191472,0.8952533784212292,-0.4680335714285748,0.15891153846153663,78996.9990815854,25.2,0.13095238095238093
input_hyperexcitable,True,1.65,1.0,1.0,perampanel,10,20261209,16,0.9450221738818855,1.0,0.05497782611811456,21.7,40.87268518518518,7.736959271327918,0.8700497568424574,-0.46920714285714565,0.1574807692307675,76556.98095917553,25.2,0.13888888888888884
input_hyperexcitable,True,1.65,1.0,1.0,perampanel,10,20261209,18,0.9399162876906435,1.0,0.06008371230935653,21.7,40.87268518518518,7.709857768545218,0.857269560831109,-0.46931785714286006,0.15596153846153643,76021.68177519634,25.2,0.13888888888888884
input_hyperexcitable,True,1.65,1.0,1.0,perampanel,10,20261209,22,0.9301837569953113,1.0,0.06981624300468868,21.0,42.239234449760765,7.744810294765153,0.8326305257843807,-0.47503625000000294,0.154746153846152,71786.25455926276,25.2,0.16666666666666663
input_hyperexcitable,True,1.65,1.0,1.0,memantine,10,20261209,0,1.0,1.0,0.0,25.2,39.20318725099602,8.075692639188471,1.1486234401702278,-0.44609553571428867,0.19125384615384414,119001.88163498041,25.2,0.0
input_hyperexcitable,True,1.65,1.0,1.0,memantine,10,20261209,50,0.9268452221991218,1.0,0.07315477780087822,24.7,40.0,8.032493930801504,1.0399215342138453,-0.44952214285714615,0.18708461538461266,68251.87494485363,25.2,0.019841269841269882
input_hyperexcitable,True,1.65,1.0,1.0,memantine,10,20261209,100,0.870062755069906,1.0,0.12993724493009393,23.9,41.34453781512605,7.991658060862072,0.9638942886078677,-0.454471071428574,0.18133461538461265,42017.76118102984,25.2,0.051587301587301626
input_hyperexcitable,True,1.65,1.0,1.0,memantine,10,20261209,125,0.8450406189991146,1.0,0.15495938100088538,23.5,42.05128205128205,7.903942901441671,0.8788445503448351,-0.4530816071428598,0.17296923076922877,32456.361883744663,25.2,0.06746031746031744
input_hyperexcitable,True,1.65,1.0,1.0,memantine,10,20261209,150,0.8217846664011272,1.0,0.1782153335988728,23.3,42.41379310344828,7.892845026616521,0.8303087097986918,-0.45542875000000266,0.17098846153846006,25999.19036659103,25.2,0.07539682539682535
input_hyperexcitable,True,1.65,1.0,1.0,memantine,10,20261209,175,0.8000596497582824,1.0,0.19994035024171763,23.2,42.5974025974026,7.864561649936557,0.7800654445715657,-0.4556058928571456,0.1683076923076906,21062.95403691578,25.2,0.07936507936507942
input_hyperexcitable,True,1.65,1.0,1.0,memantine,10,20261209,200,0.7796827121197533,1.0,0.22031728788024676,23.1,42.78260869565217,7.8483069527399465,0.7314736442425553,-0.45441017857143123,0.16604230769230652,17298.77278020177,25.2,0.08333333333333326
input_hyperexcitable,True,1.65,1.0,1.0,memantine,10,20261209,250,0.7424088119900276,1.0,0.2575911880099724,22.6,43.733333333333334,7.817943943077425,0.6633384262941254,-0.4561207142857169,0.1605653846153839,11681.608520657406,25.2,0.10317460317460314
input_hyperexcitable,True,1.65,1.0,1.0,memantine,10,20261209,350,0.6789546199580587,1.0,0.3210453800419412,21.4,46.19953051643193,7.834682138849564,0.5784308987272122,-0.46389285714286005,0.15349999999999964,5755.199594599631,25.2,0.1507936507936508
input_hyperexcitable,True,1.65,1.0,1.0,memantine,10,20261209,500,0.6036820500876947,1.0,0.39631794991230535,17.4,56.88150289017341,8.139434534541001,0.47784855777536905,-0.4759275000000036,0.14675384615384593,1770.7831514256366,25.2,0.30952380952380953
input_hyperexcitable,True,1.65,1.0,1.0,diazepam,10,20261209,0,1.0,1.0,0.0,25.2,39.20318725099602,8.075692639188471,1.1486234401702278,-0.44609553571428867,0.19125384615384414,119001.88163498041,25.2,0.0
input_hyperexcitable,True,1.65,1.0,1.0,diazepam,10,20261209,2.5,1.4636363636363636,1.4636363636363636,0.4636363636363636,25.0,39.51807228915663,8.134831029406929,1.1690388672396534,-0.6851605909090912,0.19244999999999815,121341.54293404522,25.2,0.007936507936507908
input_hyperexcitable,True,1.65,1.0,1.0,diazepam,10,20261209,5,1.8499999999999999,1.8499999999999999,0.8499999999999999,24.7,40.0,8.185548362595284,1.1963314681241666,-0.9010913928571961,0.19360769230769045,123777.623615835,25.2,0.019841269841269882
input_hyperexcitable,True,1.65,1.0,1.0,diazepam,10,20261209,7.5,2.1769230769230767,2.1769230769230767,1.1769230769230767,24.4,40.49382716049383,8.254148647086357,1.2039157867990664,-1.1013007197801532,0.194892307692306,124781.08597021797,25.2,0.031746031746031744
input_hyperexcitable,True,1.65,1.0,1.0,diazepam,10,20261209,10,2.457142857142857,2.457142857142857,1.4571428571428569,24.4,40.49382716049383,8.265222682359825,1.196798122329774,-1.2809857959183633,0.1949115384615369,124204.2659366411,25.2,0.031746031746031744
input_hyperexcitable,True,1.65,1.0,1.0,diazepam,10,20261209,12.5,2.6999999999999997,2.6999999999999997,1.6999999999999997,24.3,40.66115702479339,8.296216274857152,1.2132423652369835,-1.4452299642857183,0.19651153846153674,125221.85740342423,25.2,0.0357142857142857
input_hyperexcitable,True,1.65,1.0,1.0,diazepam,10,20261209,15,2.9124999999999996,2.9124999999999996,1.9124999999999996,24.3,40.66115702479339,8.316908570491664,1.2112101278371168,-1.604457243303582,0.19676538461538298,125252.04637659826,25.2,0.0357142857142857
input_hyperexcitable,True,1.65,1.0,1.0,diazepam,10,20261209,20,3.2666666666666666,3.2666666666666666,2.2666666666666666,24.1,41.0,8.38829694455387,1.2225181043891868,-1.8837046666666057,0.19732692307692165,126768.45299166095,25.2,0.04365079365079361
input_hyperexcitable,True,1.65,1.0,1.0,diazepam,10,20261209,30,3.7818181818181813,3.7818181818181813,2.7818181818181813,23.7,41.69491525423729,8.554383518431866,1.2671529687917245,-2.341649818181727,0.2016999999999986,135563.91946736453,25.2,0.059523809523809534
input_hyperexcitable,True,1.65,1.0,1.0,diazepam,10,20261209,60,4.6,4.6,3.5999999999999996,23.2,42.5974025974026,8.769827307803144,1.3120268436248343,-3.327290892857083,0.20391153846153734,139698.69283241406,25.2,0.07936507936507942
input_hyperexcitable,True,1.65,1.0,1.0,perampanel,11,20261210,0,1.0,1.0,0.0,24.6,40.16326530612245,7.863425682960765,1.0070363766688917,-0.45079535714286,0.17418076923076745,97734.46670417595,24.6,0.0
input_hyperexcitable,True,1.65,1.0,1.0,perampanel,11,20261210,6,0.9741421208800244,1.0,0.025857879119975637,22.1,40.12954545454546,7.829848805991202,0.9231432952269691,-0.4683435714285749,0.16541923076922868,84384.04501036153,24.6,0.10162601626016254
input_hyperexcitable,True,1.65,1.0,1.0,perampanel,11,20261210,8,0.9676668921927091,1.0,0.03233310780729098,22.0,40.31278538812786,7.818671467776821,0.89548208210948,-0.47137714285714655,0.16344999999999824,81262.69664693034,24.6,0.10569105691056913
input_hyperexcitable,True,1.65,1.0,1.0,perampanel,11,20261210,10,0.9615904074078002,1.0,0.03840959259219974,21.9,40.49770642201835,7.8003923302414595,0.8780838990320441,-0.4716650000000035,0.1621730769230752,79535.00498266419,24.6,0.10975609756097571
input_hyperexcitable,True,1.65,1.0,1.0,perampanel,11,20261210,12,0.9558253497558058,1.0,0.044174650244194216,21.7,40.87268518518518,7.717241511468966,0.8246012263017374,-0.4700375000000034,0.15456538461538277,72479.97377771266,24.6,0.11788617886178865
input_hyperexcitable,True,1.65,1.0,1.0,perampanel,11,20261210,14,0.9503156200134328,1.0,0.049684379986567204,21.6,41.062790697674416,7.707795520327658,0.8137785438084129,-0.4736966071428604,0.1531038461538443,71250.57580330022,24.6,0.12195121951219512
input_hyperexcitable,True,1.65,1.0,1.0,perampanel,11,20261210,16,0.9450221738818855,1.0,0.05497782611811456,21.5,41.254672897196265,7.704790850161685,0.809691226051403,-0.4751248214285746,0.1521884615384598,70528.7151146816,24.6,0.1260162601626017
input_hyperexcitable,True,1.65,1.0,1.0,perampanel,11,20261210,18,0.9399162876906435,1.0,0.06008371230935653,21.3,41.64150943396226,7.713201922822843,0.8167878019025379,-0.4747871428571463,0.1511384615384598,71282.6081615159,24.6,0.13414634146341464
input_hyperexcitable,True,1.65,1.0,1.0,perampanel,11,20261210,22,0.9301837569953113,1.0,0.06981624300468868,20.3,43.70049504950495,7.810931996070825,0.7932373342790402,-0.4766139285714322,0.1510461538461523,68005.56090977007,24.6,0.17479674796747968
input_hyperexcitable,True,1.65,1.0,1.0,memantine,11,20261210,0,1.0,1.0,0.0,24.6,40.16326530612245,7.863425682960765,1.0070363766688917,-0.45079535714286,0.17418076923076745,97734.46670417595,24.6,0.0
input_hyperexcitable,True,1.65,1.0,1.0,memantine,11,20261210,50,0.9268452221991218,1.0,0.07315477780087822,24.2,40.829875518672196,7.8536101968443255,0.882783933213534,-0.4511275000000024,0.1717230769230754,54893.2591476426,24.6,0.016260162601626105
input_hyperexcitable,True,1.65,1.0,1.0,memantine,11,20261210,100,0.870062755069906,1.0,0.12993724493009393,23.6,41.87234042553192,7.863034572366641,0.8174609130404262,-0.45468696428571675,0.1688846153846141,35368.42216729408,24.6,0.04065040650406504
input_hyperexcitable,True,1.65,1.0,1.0,memantine,11,20261210,125,0.8450406189991146,1.0,0.15495938100088538,23.4,42.23175965665236,7.8617225497174905,0.7923181298174548,-0.4556557142857168,0.1674192307692295,29094.520909631192,24.6,0.0487804878048782
input_hyperexcitable,True,1.65,1.0,1.0,memantine,11,20261210,150,0.8217846664011272,1.0,0.1782153335988728,23.2,42.599567099567096,7.835408261293433,0.7599457121618479,-0.4576928571428602,0.16370769230769108,23758.863001486145,24.6,0.056910569105691144
input_hyperexcitable,True,1.65,1.0,1.0,memantine,11,20261210,175,0.8000596497582824,1.0,0.19994035024171763,22.9,43.16008771929825,7.861453500634189,0.7338280710334302,-0.456690892857146,0.16316923076922946,20155.710583868105,24.6,0.06910569105691067
input_hyperexcitable,True,1.65,1.0,1.0,memantine,11,20261210,200,0.7796827121197533,1.0,0.22031728788024676,22.9,43.16008771929825,7.82025025968582,0.70311710468039,-0.45695107142857466,0.16086538461538324,16734.503015965194,24.6,0.06910569105691067
input_hyperexcitable,True,1.65,1.0,1.0,memantine,11,20261210,250,0.7424088119900276,1.0,0.2575911880099724,22.9,43.16008771929825,7.7494806253240505,0.6526160337626591,-0.4572167857142888,0.15759230769230656,11762.744142879348,24.6,0.06910569105691067
input_hyperexcitable,True,1.65,1.0,1.0,memantine,11,20261210,350,0.6789546199580587,1.0,0.3210453800419412,21.5,45.98364485981308,7.826597847721273,0.562397550469841,-0.46238714285714577,0.15288846153846106,5531.459315774179,24.6,0.1260162601626017
input_hyperexcitable,True,1.65,1.0,1.0,memantine,11,20261210,500,0.6036820500876947,1.0,0.39631794991230535,17.7,55.91193181818182,8.117654474075374,0.48127086481602954,-0.4707792857142891,0.14564615384615384,1887.6616376790212,24.6,0.2804878048780488
input_hyperexcitable,True,1.65,1.0,1.0,diazepam,11,20261210,0,1.0,1.0,0.0,24.6,40.16326530612245,7.863425682960765,1.0070363766688917,-0.45079535714286,0.17418076923076745,97734.46670417595,24.6,0.0
input_hyperexcitable,True,1.65,1.0,1.0,diazepam,11,20261210,2.5,1.4636363636363636,1.4636363636363636,0.4636363636363636,24.5,40.32786885245902,7.932874289880495,1.0050278776702266,-0.6899490340909012,0.17486923076922878,99319.00882135345,24.6,0.004065040650406582
input_hyperexcitable,True,1.65,1.0,1.0,diazepam,11,20261210,5,1.8499999999999999,1.8499999999999999,0.8499999999999999,24.4,40.49382716049383,7.975754298614437,1.007845492489986,-0.9143126160714837,0.17549615384615191,100002.63296181297,24.6,0.008130081300813163
input_hyperexcitable,True,1.65,1.0,1.0,diazepam,11,20261210,7.5,2.1769230769230767,2.1769230769230767,1.1769230769230767,24.4,40.49382716049383,7.983279386867633,1.0007161689753001,-1.1296924615383945,0.17517692307692118,99831.64082251485,24.6,0.008130081300813163
input_hyperexcitable,True,1.65,1.0,1.0,diazepam,11,20261210,10,2.457142857142857,2.457142857142857,1.4571428571428569,24.7,40.0,8.07666124959267,1.0890002515854447,-1.3056054897959186,0.18278846153845996,110436.15545044844,24.6,-0.00406504065040636
input_hyperexcitable,True,1.65,1.0,1.0,diazepam,11,20261210,12.5,2.6999999999999997,2.6999999999999997,1.6999999999999997,24.7,40.0,8.089499677904401,1.0869039259846436,-1.4668275535714357,0.1827499999999984,110337.51455060723,24.6,-0.00406504065040636
input_hyperexcitable,True,1.65,1.0,1.0,diazepam,11,20261210,15,2.9124999999999996,2.9124999999999996,1.9124999999999996,24.6,40.16326530612245,8.119680488098558,1.1028993870160186,-1.64357107812501,0.1827846153846138,112661.01733188667,24.6,0.0
input_hyperexcitable,True,1.65,1.0,1.0,diazepam,11,20261210,20,3.2666666666666666,3.2666666666666666,2.2666666666666666,24.4,40.49382716049383,8.181110582254359,1.0865300507343099,-1.913198583333279,0.18359230769230622,110691.293676581,24.6,0.008130081300813163
input_hyperexcitable,True,1.65,1.0,1.0,diazepam,11,20261210,30,3.7818181818181813,3.7818181818181813,2.7818181818181813,24.1,41.0,8.281859373782941,1.106891988734978,-2.4124522077921107,0.18524999999999853,112002.39146022484,24.6,0.020325203252032464
input_hyperexcitable,True,1.65,1.0,1.0,diazepam,11,20261210,60,4.6,4.6,3.5999999999999996,23.7,41.69491525423729,8.544972194888013,1.204286098548062,-3.304474892857072,0.19291153846153714,127087.5120185266,24.6,0.03658536585365857
input_hyperexcitable,True,1.65,1.0,1.0,perampanel,12,20261211,0,1.0,1.0,0.0,22.6,39.23777777777778,7.768993721891435,0.8798538627336442,-0.46678250000000426,0.16095769230769022,77718.22964871026,22.6,0.0
input_hyperexcitable,True,1.65,1.0,1.0,perampanel,12,20261211,6,0.9741421208800244,1.0,0.025857879119975637,22.3,39.76801801801802,7.7040495128477104,0.8389144223130841,-0.4701814285714323,0.15616153846153671,73674.38595389875,22.6,0.013274336283185861
input_hyperexcitable,True,1.65,1.0,1.0,perampanel,12,20261211,8,0.9676668921927091,1.0,0.03233310780729098,22.4,39.58968609865471,7.749992938135303,0.8892573762516691,-0.4689912500000036,0.16121538461538262,79005.69873425295,22.6,0.008849557522124019
input_hyperexcitable,True,1.65,1.0,1.0,perampanel,12,20261211,10,0.9615904074078002,1.0,0.03840959259219974,22.3,39.76801801801802,7.789399428488862,0.9268830893691591,-0.4685262500000037,0.16388076923076703,85406.3690080329,22.6,0.013274336283185861
input_hyperexcitable,True,1.65,1.0,1.0,perampanel,12,20261211,12,0.9558253497558058,1.0,0.044174650244194216,22.2,39.94796380090498,7.761170119917962,0.9306775238651535,-0.46942303571428967,0.16221153846153658,84618.2403633874,22.6,0.017699115044247926
input_hyperexcitable,True,1.65,1.0,1.0,perampanel,12,20261211,14,0.9503156200134328,1.0,0.049684379986567204,22.1,40.12954545454546,7.711480608131198,0.8761007831275048,-0.4701758928571468,0.15703461538461375,79622.59058822363,22.6,0.02212389380530977
input_hyperexcitable,True,1.65,1.0,1.0,perampanel,12,20261211,16,0.9450221738818855,1.0,0.05497782611811456,21.0,42.24162679425837,7.834231651248154,0.8896504213117498,-0.47454357142857534,0.1585807692307674,78407.36077979978,22.6,0.07079646017699126
input_hyperexcitable,True,1.65,1.0,1.0,perampanel,12,20261211,18,0.9399162876906435,1.0,0.06008371230935653,20.9,42.44471153846154,7.823992847146979,0.8833519783878515,-0.4750750000000042,0.1574807692307674,78138.7767482006,22.6,0.07522123893805321
input_hyperexcitable,True,1.65,1.0,1.0,perampanel,12,20261211,22,0.9301837569953113,1.0,0.06981624300468868,20.5,43.27696078431372,7.846005978144911,0.8613825175233656,-0.47735017857143275,0.1561730769230753,76454.80895489675,22.6,0.09292035398230092
input_hyperexcitable,True,1.65,1.0,1.0,memantine,12,20261211,0,1.0,1.0,0.0,22.6,39.23777777777778,7.768993721891435,0.8798538627336442,-0.46678250000000426,0.16095769230769022,77718.22964871026,22.6,0.0
input_hyperexcitable,True,1.65,1.0,1.0,memantine,12,20261211,50,0.9268452221991218,1.0,0.07315477780087822,22.2,39.94796380090498,7.760463278489998,0.8128438618075814,-0.4691241071428609,0.15953461538461344,45622.92132660258,22.6,0.017699115044247926
input_hyperexcitable,True,1.65,1.0,1.0,memantine,12,20261211,100,0.870062755069906,1.0,0.12993724493009393,21.6,41.062790697674416,7.783136731036375,0.7946681194311873,-0.4681221428571461,0.16004615384615212,30540.877235212527,22.6,0.04424778761061943
input_hyperexcitable,True,1.65,1.0,1.0,memantine,12,20261211,125,0.8450406189991146,1.0,0.15495938100088538,21.5,41.254672897196265,7.776926353305692,0.7595594884734003,-0.46770696428571756,0.15949230769230582,24872.475857994745,22.6,0.04867256637168149
input_hyperexcitable,True,1.65,1.0,1.0,memantine,12,20261211,150,0.8217846664011272,1.0,0.1782153335988728,21.6,41.062790697674416,7.777637175529555,0.7464271597194203,-0.4672751785714319,0.16031923076922955,22087.02160196797,22.6,0.04424778761061943
input_hyperexcitable,True,1.65,1.0,1.0,memantine,12,20261211,175,0.8000596497582824,1.0,0.19994035024171763,21.5,41.254672897196265,7.733671585510842,0.6994116725524293,-0.46792839285714616,0.1566769230769221,18070.929612422966,22.6,0.04867256637168149
input_hyperexcitable,True,1.65,1.0,1.0,memantine,12,20261211,200,0.7796827121197533,1.0,0.22031728788024676,21.4,41.448356807511736,7.704586881797091,0.660541353114028,-0.4680003571428605,0.15421923076922972,14647.836806821872,22.6,0.053097345132743445
input_hyperexcitable,True,1.65,1.0,1.0,memantine,12,20261211,250,0.7424088119900276,1.0,0.2575911880099724,21.2,41.838862559241704,7.723048302975485,0.6364355762268902,-0.4723126785714321,0.15265384615384509,10766.065485396251,22.6,0.06194690265486735
input_hyperexcitable,True,1.65,1.0,1.0,memantine,12,20261211,350,0.6789546199580587,1.0,0.3210453800419412,19.5,45.50773195876289,7.884929324475248,0.5644244835986073,-0.47301571428571776,0.15175384615384516,5557.573599262394,22.6,0.13716814159292046
input_hyperexcitable,True,1.65,1.0,1.0,memantine,12,20261211,500,0.6036820500876947,1.0,0.39631794991230535,16.2,54.83540372670807,8.073782800781059,0.44099340683142746,-0.4835058928571468,0.14198076923076847,1800.799989362196,22.6,0.2831858407079647
input_hyperexcitable,True,1.65,1.0,1.0,diazepam,12,20261211,0,1.0,1.0,0.0,22.6,39.23777777777778,7.768993721891435,0.8798538627336442,-0.46678250000000426,0.16095769230769022,77718.22964871026,22.6,0.0
input_hyperexcitable,True,1.65,1.0,1.0,diazepam,12,20261211,2.5,1.4636363636363636,1.4636363636363636,0.4636363636363636,22.5,39.41294642857143,7.787696642635469,0.8774002367323095,-0.7207133636363585,0.16086923076922885,76744.37406876034,22.6,0.004424778761062065
input_hyperexcitable,True,1.65,1.0,1.0,diazepam,12,20261211,5,1.8499999999999999,1.8499999999999999,0.8499999999999999,22.3,39.76801801801802,7.917348300524859,0.9438496684746324,-0.9550720803572005,0.16623846153845992,86102.6114111074,22.6,0.013274336283185861
input_hyperexcitable,True,1.65,1.0,1.0,diazepam,12,20261211,7.5,2.1769230769230767,2.1769230769230767,1.1769230769230767,22.4,39.58968609865471,8.036301186248531,1.0348314312416556,-1.168508166208724,0.1753346153846138,94753.48490774793,22.6,0.008849557522124019
input_hyperexcitable,True,1.65,1.0,1.0,diazepam,12,20261211,10,2.457142857142857,2.457142857142857,1.4571428571428569,22.4,39.58968609865471,8.069553112624376,1.0362061752336449,-1.365400061224489,0.17591923076922938,96033.41375469304,22.6,0.008849557522124019
input_hyperexcitable,True,1.65,1.0,1.0,diazepam,12,20261211,12.5,2.6999999999999997,2.6999999999999997,1.6999999999999997,22.3,39.76801801801802,8.108391373239083,1.0366513936081447,-1.5283918928571427,0.17659615384615227,96365.89761803318,22.6,0.013274336283185861
input_hyperexcitable,True,1.65,1.0,1.0,diazepam,12,20261211,15,2.9124999999999996,2.9124999999999996,1.9124999999999996,22.3,39.76801801801802,8.105693263189671,1.0331767056909216,-1.6916975401785788,0.17570384615384466,96898.4999952377,22.6,0.013274336283185861
input_hyperexcitable,True,1.65,1.0,1.0,diazepam,12,20261211,20,3.2666666666666666,3.2666666666666666,2.2666666666666666,22.0,40.31278538812786,8.186377779972675,1.0274221078938583,-2.0104145833332736,0.17708076923076763,96509.53689100225,22.6,0.026548672566371723
input_hyperexcitable,True,1.65,1.0,1.0,diazepam,12,20261211,30,3.7818181818181813,3.7818181818181813,2.7818181818181813,21.9,40.4954128440367,8.281507205867442,1.0666625074265694,-2.5492628571427507,0.17886923076922964,100206.23948286203,22.6,0.030973451327433787
input_hyperexcitable,True,1.65,1.0,1.0,diazepam,12,20261211,60,4.6,4.6,3.5999999999999996,21.3,41.64150943396226,8.496743336438968,1.07351438951936,-3.5012628928570884,0.18075769230769084,101473.75726673749,22.6,0.05752212389380529
input_hyperexcitable,True,1.65,1.0,1.0,perampanel,13,20261212,0,1.0,1.0,0.0,24.6,40.16326530612245,7.906289333894018,1.0147615176068083,-0.4580637500000029,0.17478846153845998,100317.40256501187,24.6,0.0
input_hyperexcitable,True,1.65,1.0,1.0,perampanel,13,20261212,6,0.9741421208800244,1.0,0.025857879119975637,23.9,41.34453781512605,7.885298161376872,0.9543007965620811,-0.45894392857143185,0.16949999999999896,94267.115363642,24.6,0.028455284552845628
input_hyperexcitable,True,1.65,1.0,1.0,perampanel,13,20261212,8,0.9676668921927091,1.0,0.03233310780729098,21.3,41.6438679245283,7.804839587126343,0.8287765716789054,-0.4715985714285752,0.1554423076923062,71976.31154425473,24.6,0.13414634146341464
input_hyperexcitable,True,1.65,1.0,1.0,perampanel,13,20261212,10,0.9615904074078002,1.0,0.03840959259219974,21.2,41.838862559241704,7.7806766730973935,0.8184686963451272,-0.4718033928571466,0.1537038461538446,70731.87378615583,24.6,0.13821138211382122
input_hyperexcitable,True,1.65,1.0,1.0,perampanel,13,20261212,12,0.9558253497558058,1.0,0.044174650244194216,21.3,41.64150943396226,7.851552771228456,0.8842090461448612,-0.4725230357142893,0.1599615384615369,77619.24330650124,24.6,0.13414634146341464
input_hyperexcitable,True,1.65,1.0,1.0,perampanel,13,20261212,14,0.9503156200134328,1.0,0.049684379986567204,21.1,42.03809523809524,7.84301165525331,0.8850071607977312,-0.47459339285714625,0.15823461538461397,77926.83337972316,24.6,0.14227642276422758
input_hyperexcitable,True,1.65,1.0,1.0,perampanel,13,20261212,16,0.9450221738818855,1.0,0.05497782611811456,21.1,42.03809523809524,7.817894229843072,0.8806491448598143,-0.4747705357142891,0.1567615384615369,77578.65924040931,24.6,0.14227642276422758
input_hyperexcitable,True,1.65,1.0,1.0,perampanel,13,20261212,18,0.9399162876906435,1.0,0.06008371230935653,21.1,42.03809523809524,7.794193583708433,0.8661449634512696,-0.476630535714289,0.15551153846153684,77260.0186057368,24.6,0.14227642276422758
input_hyperexcitable,True,1.65,1.0,1.0,perampanel,13,20261212,22,0.9301837569953113,1.0,0.06981624300468868,20.6,43.06341463414634,7.731336344326109,0.787948129756342,-0.4789721428571465,0.14792307692307569,69449.54676398348,24.6,0.16260162601626016
input_hyperexcitable,True,1.65,1.0,1.0,memantine,13,20261212,0,1.0,1.0,0.0,24.6,40.16326530612245,7.906289333894018,1.0147615176068083,-0.4580637500000029,0.17478846153845998,100317.40256501187,24.6,0.0
input_hyperexcitable,True,1.65,1.0,1.0,memantine,13,20261212,50,0.9268452221991218,1.0,0.07315477780087822,24.2,40.829875518672196,7.859969823904909,0.9143076178127065,-0.45960267857143144,0.17115769230769112,56938.11839204916,24.6,0.016260162601626105
input_hyperexcitable,True,1.65,1.0,1.0,memantine,13,20261212,100,0.870062755069906,1.0,0.12993724493009393,23.7,41.69491525423729,7.833106131604617,0.8447079687477661,-0.4572333928571462,0.16761923076922977,36043.939595771255,24.6,0.03658536585365857
input_hyperexcitable,True,1.65,1.0,1.0,memantine,13,20261212,125,0.8450406189991146,1.0,0.15495938100088538,23.7,41.69491525423729,7.789965230184379,0.8083708167288886,-0.45747696428571755,0.16531153846153762,29267.341007258558,24.6,0.03658536585365857
input_hyperexcitable,True,1.65,1.0,1.0,memantine,13,20261212,150,0.8217846664011272,1.0,0.1782153335988728,23.5,42.05128205128205,7.788854629447122,0.7758848754319148,-0.45862285714286033,0.1637807692307684,24294.890788741894,24.6,0.04471544715447162
input_hyperexcitable,True,1.65,1.0,1.0,memantine,13,20261212,175,0.8000596497582824,1.0,0.19994035024171763,23.2,42.5974025974026,7.8227086805306065,0.7373805948429247,-0.4606489285714314,0.16385384615384535,20260.089745129728,24.6,0.056910569105691144
input_hyperexcitable,True,1.65,1.0,1.0,memantine,13,20261212,200,0.7796827121197533,1.0,0.22031728788024676,23.0,42.96943231441048,7.809447008831828,0.7039461508590418,-0.4613851785714314,0.16218846153846095,16707.940359253247,24.6,0.06504065040650409
input_hyperexcitable,True,1.65,1.0,1.0,memantine,13,20261212,250,0.7424088119900276,1.0,0.2575911880099724,22.8,43.348017621145374,7.812347203861845,0.6711305666181192,-0.46442982142857425,0.16091538461538363,12204.131280265185,24.6,0.07317073170731714
input_hyperexcitable,True,1.65,1.0,1.0,memantine,13,20261212,350,0.6789546199580587,1.0,0.3210453800419412,21.1,46.85952380952381,7.90419558812669,0.541728934547767,-0.4737021428571461,0.15444615384615323,5142.683268452081,24.6,0.14227642276422758
input_hyperexcitable,True,1.65,1.0,1.0,memantine,13,20261212,500,0.6036820500876947,1.0,0.39631794991230535,16.9,58.57440476190476,8.142249259647633,0.44812900951373924,-0.4857810714285748,0.14335000000000014,1678.193198498128,24.6,0.3130081300813009
input_hyperexcitable,True,1.65,1.0,1.0,diazepam,13,20261212,0,1.0,1.0,0.0,24.6,40.16326530612245,7.906289333894018,1.0147615176068083,-0.4580637500000029,0.17478846153845998,100317.40256501187,24.6,0.0
input_hyperexcitable,True,1.65,1.0,1.0,diazepam,13,20261212,2.5,1.4636363636363636,1.4636363636363636,0.4636363636363636,24.5,40.32786885245902,7.942603806099456,1.0111909806408539,-0.7017216363636302,0.17508461538461378,100489.47569319421,24.6,0.004065040650406582
input_hyperexcitable,True,1.65,1.0,1.0,diazepam,13,20261212,5,1.8499999999999999,1.8499999999999999,0.8499999999999999,24.4,40.49382716049383,7.969256491299125,1.0112517977303066,-0.9275952857143426,0.17544615384615242,100296.42474744462,24.6,0.008130081300813163
input_hyperexcitable,True,1.65,1.0,1.0,diazepam,13,20261212,7.5,2.1769230769230767,2.1769230769230767,1.1769230769230767,24.3,40.66115702479339,7.9925616713400425,1.0102323074098787,-1.1288971071427893,0.17544615384615247,100338.83020746308,24.6,0.012195121951219523
input_hyperexcitable,True,1.65,1.0,1.0,diazepam,13,20261212,10,2.457142857142857,2.457142857142857,1.4571428571428569,24.9,39.67741935483871,8.051644458654753,1.1084365015854458,-1.3029802959183652,0.18385384615384479,112103.0970564563,24.6,-0.012195121951219301
input_hyperexcitable,True,1.65,1.0,1.0,diazepam,13,20261212,12.5,2.6999999999999997,2.6999999999999997,1.6999999999999997,24.9,39.67741935483871,8.077472833265519,1.1155521558744979,-1.4855703750000018,0.1840653846153833,113978.73315613055,24.6,-0.012195121951219301
input_hyperexcitable,True,1.65,1.0,1.0,diazepam,13,20261212,15,2.9124999999999996,2.9124999999999996,1.9124999999999996,24.8,39.83805668016194,8.112271325511228,1.1215023259345778,-1.6300279531250128,0.18455769230769106,115189.52095237475,24.6,-0.008130081300812941
input_hyperexcitable,True,1.65,1.0,1.0,diazepam,13,20261212,20,3.2666666666666666,3.2666666666666666,2.2666666666666666,24.7,40.0,8.166838099365112,1.1180094732977288,-1.9280630833332768,0.18505384615384496,114540.91978302304,24.6,-0.00406504065040636
input_hyperexcitable,True,1.65,1.0,1.0,diazepam,13,20261212,30,3.7818181818181813,3.7818181818181813,2.7818181818181813,24.3,40.66115702479339,8.368766413925782,1.1951397236315073,-2.364280623376521,0.192511538461537,127223.11138661638,24.6,0.012195121951219523
input_hyperexcitable,True,1.65,1.0,1.0,diazepam,13,20261212,60,4.6,4.6,3.5999999999999996,23.3,42.41379310344828,8.657583112227005,1.249463163384511,-3.328716892857072,0.19651923076922972,131269.6558718632,24.6,0.05284552845528456
input_hyperexcitable,True,1.65,1.0,1.0,perampanel,14,20261213,0,1.0,1.0,0.0,25.7,38.4375,8.111247811457723,1.217293335280372,-0.44962732142857464,0.1936999999999976,132449.8604406471,25.7,0.0
input_hyperexcitable,True,1.65,1.0,1.0,perampanel,14,20261213,6,0.9741421208800244,1.0,0.025857879119975637,22.7,39.0641592920354,7.860843321674596,0.9939596059746324,-0.46796160714286117,0.17100769230769003,93045.45816614132,25.7,0.11673151750972766
input_hyperexcitable,True,1.65,1.0,1.0,perampanel,14,20261213,8,0.9676668921927091,1.0,0.03233310780729098,22.5,39.41294642857143,7.698193022036916,0.8747489734646188,-0.4679505357142897,0.15731923076922866,77884.64800989108,25.7,0.1245136186770428
input_hyperexcitable,True,1.65,1.0,1.0,perampanel,14,20261213,10,0.9615904074078002,1.0,0.03840959259219974,22.3,39.76801801801802,7.691504344168803,0.8746944793057393,-0.47018142857143275,0.15631923076922874,76490.00523927697,25.7,0.13229571984435795
input_hyperexcitable,True,1.65,1.0,1.0,perampanel,14,20261213,12,0.9558253497558058,1.0,0.044174650244194216,22.0,40.31278538812786,7.709044572800625,0.8656688431241644,-0.471006250000004,0.15581538461538283,75473.13054069856,25.7,0.14396887159533067
input_hyperexcitable,True,1.65,1.0,1.0,perampanel,14,20261213,14,0.9503156200134328,1.0,0.049684379986567204,19.0,40.8994708994709,7.800747183326659,0.7803190571595453,-0.48662250000000395,0.15226923076922858,62816.34407484787,25.7,0.2607003891050583
input_hyperexcitable,True,1.65,1.0,1.0,perampanel,14,20261213,16,0.9450221738818855,1.0,0.05497782611811456,18.7,41.55913978494624,7.80585964332305,0.777982204355807,-0.487535892857147,0.15097692307692104,62078.04017366999,25.7,0.27237354085603116
input_hyperexcitable,True,1.65,1.0,1.0,perampanel,14,20261213,18,0.9399162876906435,1.0,0.06008371230935653,18.5,42.01086956521739,7.8083247427673514,0.7682618864319086,-0.4883828571428613,0.14984230769230583,61214.21814685756,25.7,0.2801556420233463
input_hyperexcitable,True,1.65,1.0,1.0,perampanel,14,20261213,22,0.9301837569953113,1.0,0.06981624300468868,18.3,42.472527472527474,7.8633809373107315,0.8064024798064086,-0.4912448214285751,0.15268076923076726,66186.39778297173,25.7,0.28793774319066145
input_hyperexcitable,True,1.65,1.0,1.0,memantine,14,20261213,0,1.0,1.0,0.0,25.7,38.4375,8.111247811457723,1.217293335280372,-0.44962732142857464,0.1936999999999976,132449.8604406471,25.7,0.0
input_hyperexcitable,True,1.65,1.0,1.0,memantine,14,20261213,50,0.9268452221991218,1.0,0.07315477780087822,24.9,39.67741935483871,8.06717178748367,1.0833660067759752,-0.4543658928571462,0.1888038461538439,73110.05927774518,25.7,0.0311284046692607
input_hyperexcitable,True,1.65,1.0,1.0,memantine,14,20261213,100,0.870062755069906,1.0,0.12993724493009393,24.0,41.17154811715481,8.006279090430144,0.9794006602152904,-0.45201875000000336,0.18152307692307457,44999.416081400916,25.7,0.06614785992217898
input_hyperexcitable,True,1.65,1.0,1.0,memantine,14,20261213,125,0.8450406189991146,1.0,0.15495938100088538,23.8,41.51898734177215,7.980559158194317,0.9160737572353915,-0.4523121428571463,0.1785730769230744,35876.22902819924,25.7,0.07392996108949412
input_hyperexcitable,True,1.65,1.0,1.0,memantine,14,20261213,150,0.8217846664011272,1.0,0.1782153335988728,23.8,41.51898734177215,7.925207048673802,0.874822734487514,-0.4523453571428605,0.17558846153845956,29269.38405078458,25.7,0.07392996108949412
input_hyperexcitable,True,1.65,1.0,1.0,memantine,14,20261213,175,0.8000596497582824,1.0,0.19994035024171763,23.6,41.87234042553192,7.870273134506446,0.8162774552985426,-0.453961785714289,0.1710730769230754,23429.14298070794,25.7,0.08171206225680927
input_hyperexcitable,True,1.65,1.0,1.0,memantine,14,20261213,200,0.7796827121197533,1.0,0.22031728788024676,23.3,42.41379310344828,7.880648793844197,0.775011947688147,-0.45698428571428895,0.16947692307692164,19143.46783907239,25.7,0.0933852140077821
input_hyperexcitable,True,1.65,1.0,1.0,memantine,14,20261213,250,0.7424088119900276,1.0,0.2575911880099724,23.1,42.78260869565217,7.821922864225804,0.6924753625209428,-0.4540891071428604,0.1634538461538451,12781.075543982706,25.7,0.10116731517509725
input_hyperexcitable,True,1.65,1.0,1.0,memantine,14,20261213,350,0.6789546199580587,1.0,0.3210453800419412,22.1,44.72954545454545,7.6756561557894285,0.5386819340831844,-0.46106964285714613,0.14670384615384627,5672.632437520236,25.7,0.1400778210116731
input_hyperexcitable,True,1.65,1.0,1.0,memantine,14,20261213,500,0.6036820500876947,1.0,0.39631794991230535,17.9,55.28370786516854,8.12989514232429,0.5135244640927613,-0.47235142857143203,0.14770384615384555,2280.3501595317225,25.7,0.30350194552529186
input_hyperexcitable,True,1.65,1.0,1.0,diazepam,14,20261213,0,1.0,1.0,0.0,25.7,38.4375,8.111247811457723,1.217293335280372,-0.44962732142857464,0.1936999999999976,132449.8604406471,25.7,0.0
input_hyperexcitable,True,1.65,1.0,1.0,diazepam,14,20261213,2.5,1.4636363636363636,1.4636363636363636,0.4636363636363636,25.5,38.74015748031496,8.14660568727452,1.2252871459445913,-0.6898761136363555,0.1941807692307669,132915.08238112973,25.7,0.0077821011673151474
input_hyperexcitable,True,1.65,1.0,1.0,diazepam,14,20261213,5,1.8499999999999999,1.8499999999999999,0.8499999999999999,25.2,39.20318725099602,8.209140645258676,1.2362160573264336,-0.9140565892857683,0.19498461538461306,133219.3799800215,25.7,0.01945525291828798
input_hyperexcitable,True,1.65,1.0,1.0,diazepam,14,20261213,7.5,2.1769230769230767,2.1769230769230767,1.1769230769230767,25.0,39.51807228915663,8.22081907323146,1.2436410783544711,-1.107808164835102,0.1947884615384591,132109.27008209628,25.7,0.027237354085603127
input_hyperexcitable,True,1.65,1.0,1.0,diazepam,14,20261213,10,2.457142857142857,2.457142857142857,1.4571428571428569,24.8,39.83805668016194,8.280164847785395,1.2402873667389838,-1.2940709591836712,0.19588461538461305,132860.65601332122,25.7,0.035019455252918275
input_hyperexcitable,True,1.65,1.0,1.0,diazepam,14,20261213,12.5,2.6999999999999997,2.6999999999999997,1.6999999999999997,24.7,40.0,8.295752703533385,1.2330905011682223,-1.4451103928571434,0.19611153846153628,131371.8351925752,25.7,0.03891050583657585
input_hyperexcitable,True,1.65,1.0,1.0,diazepam,14,20261213,15,2.9124999999999996,2.9124999999999996,1.9124999999999996,24.7,40.0,8.300253417406172,1.237211334112148,-1.5755813660714382,0.1957384615384595,132229.8844976296,25.7,0.03891050583657585
input_hyperexcitable,True,1.65,1.0,1.0,diazepam,14,20261213,20,3.2666666666666666,3.2666666666666666,2.2666666666666666,24.7,40.0,8.343904957871894,1.2440366270026688,-1.8492739999999486,0.1962923076923056,133456.02949112054,25.7,0.03891050583657585
input_hyperexcitable,True,1.65,1.0,1.0,diazepam,14,20261213,30,3.7818181818181813,3.7818181818181813,2.7818181818181813,24.4,40.49382716049383,8.453559570701797,1.2510260054238982,-2.3525569870129037,0.19694999999999774,134813.7007058419,25.7,0.05058365758754868
input_hyperexcitable,True,1.65,1.0,1.0,diazepam,14,20261213,60,4.6,4.6,3.5999999999999996,23.7,41.69491525423729,8.733869810222755,1.296539391688918,-3.297344892857093,0.20170769230769056,141464.82313726444,25.7,0.07782101167315181
input_hyperexcitable,True,1.65,1.0,1.0,perampanel,15,20261214,0,1.0,1.0,0.0,25.2,39.20318725099602,8.120584799098767,1.1321198603971971,-0.44324464285714593,0.19250769230769,119929.10183619757,25.2,0.0
input_hyperexcitable,True,1.65,1.0,1.0,perampanel,15,20261214,6,0.9741421208800244,1.0,0.025857879119975637,24.7,40.0,8.022310865232207,1.0398360125166888,-0.44661035714286046,0.1839038461538433,108230.09206125514,25.2,0.019841269841269882
input_hyperexcitable,True,1.65,1.0,1.0,perampanel,15,20261214,8,0.9676668921927091,1.0,0.03233310780729098,24.7,40.0,7.994029381424506,1.0401907179572758,-0.446660178571432,0.1817307692307666,108205.55455382871,25.2,0.019841269841269882
input_hyperexcitable,True,1.65,1.0,1.0,perampanel,15,20261214,10,0.9615904074078002,1.0,0.03840959259219974,24.5,40.32786885245902,7.93760862099347,0.9951111103137514,-0.447767321428575,0.17755384615384381,99851.98067759456,25.2,0.02777777777777779
input_hyperexcitable,True,1.65,1.0,1.0,perampanel,15,20261214,12,0.9558253497558058,1.0,0.044174650244194216,22.4,39.58968609865471,7.74992332880001,0.8640432651869169,-0.4621435714285749,0.1599961538461521,78987.2903219174,25.2,0.11111111111111116
input_hyperexcitable,True,1.65,1.0,1.0,perampanel,15,20261214,14,0.9503156200134328,1.0,0.049684379986567204,22.4,39.58968609865471,7.7219340101959855,0.8477512294726312,-0.4622321428571463,0.15834999999999835,77306.25484953132,25.2,0.11111111111111116
input_hyperexcitable,True,1.65,1.0,1.0,perampanel,15,20261214,16,0.9450221738818855,1.0,0.05497782611811456,22.3,39.76801801801802,7.706273028345361,0.8385765841121513,-0.46250339285714626,0.15694230769230605,76255.52161547578,25.2,0.115079365079365
input_hyperexcitable,True,1.65,1.0,1.0,perampanel,15,20261214,18,0.9399162876906435,1.0,0.06008371230935653,21.8,40.684331797235025,7.707373275181449,0.8039715505674245,-0.4654428571428607,0.15371153846153732,71096.67214689839,25.2,0.13492063492063489
input_hyperexcitable,True,1.65,1.0,1.0,perampanel,15,20261214,22,0.9301837569953113,1.0,0.06981624300468868,21.6,41.062790697674416,7.7608612840700415,0.8208231656375183,-0.4692182142857179,0.15679230769230623,73744.87675953897,25.2,0.1428571428571428
input_hyperexcitable,True,1.65,1.0,1.0,memantine,15,20261214,0,1.0,1.0,0.0,25.2,39.20318725099602,8.120584799098767,1.1321198603971971,-0.44324464285714593,0.19250769230769,119929.10183619757,25.2,0.0
input_hyperexcitable,True,1.65,1.0,1.0,memantine,15,20261214,50,0.9268452221991218,1.0,0.07315477780087822,24.4,40.49382716049383,8.052512591325463,0.9808897603787639,-0.4471362500000032,0.18364230769230516,63793.6382404172,25.2,0.031746031746031744
input_hyperexcitable,True,1.65,1.0,1.0,memantine,15,20261214,100,0.870062755069906,1.0,0.12993724493009393,24.0,41.17154811715481,7.984574147833117,0.9078081893053582,-0.4478392857142897,0.17808076923076704,40320.775900781766,25.2,0.04761904761904756
input_hyperexcitable,True,1.65,1.0,1.0,memantine,15,20261214,125,0.8450406189991146,1.0,0.15495938100088538,23.8,41.51898734177215,7.952136285444872,0.8815559124602298,-0.4484482142857183,0.17591923076922902,32903.24478235651,25.2,0.05555555555555547
input_hyperexcitable,True,1.65,1.0,1.0,memantine,15,20261214,150,0.8217846664011272,1.0,0.1782153335988728,23.7,41.69491525423729,7.93422191741165,0.8394958428364642,-0.44964392857143276,0.1737923076923061,26976.658056355034,25.2,0.059523809523809534
input_hyperexcitable,True,1.65,1.0,1.0,memantine,15,20261214,175,0.8000596497582824,1.0,0.19994035024171763,23.3,42.41379310344828,7.944946105368155,0.7892441148169214,-0.45162571428571857,0.1720576923076906,21722.45872663507,25.2,0.07539682539682535
input_hyperexcitable,True,1.65,1.0,1.0,memantine,15,20261214,200,0.7796827121197533,1.0,0.22031728788024676,23.2,42.5974025974026,7.926656817245321,0.7485753825298875,-0.45147071428571856,0.17004615384615218,17898.08527376969,25.2,0.07936507936507942
input_hyperexcitable,True,1.65,1.0,1.0,memantine,15,20261214,250,0.7424088119900276,1.0,0.2575911880099724,23.0,42.97161572052402,7.911282996446739,0.7083327750239414,-0.4524062500000041,0.16741153846153753,12713.52039422052,25.2,0.08730158730158732
input_hyperexcitable,True,1.65,1.0,1.0,memantine,15,20261214,350,0.6789546199580587,1.0,0.3210453800419412,21.7,45.557870370370374,7.910156305197947,0.5955611537517724,-0.4557442857142896,0.15881923076923068,5942.109234063577,25.2,0.13888888888888884
input_hyperexcitable,True,1.65,1.0,1.0,memantine,15,20261214,500,0.6036820500876947,1.0,0.39631794991230535,17.6,56.23142857142857,8.216004267955732,0.5179183401177944,-0.4703530357142895,0.15516153846153882,1984.1042024586245,25.2,0.3015873015873015
input_hyperexcitable,True,1.65,1.0,1.0,diazepam,15,20261214,0,1.0,1.0,0.0,25.2,39.20318725099602,8.120584799098767,1.1321198603971971,-0.44324464285714593,0.19250769230769,119929.10183619757,25.2,0.0
input_hyperexcitable,True,1.65,1.0,1.0,diazepam,15,20261214,2.5,1.4636363636363636,1.4636363636363636,0.4636363636363636,25.0,39.51807228915663,8.179316304425841,1.1247098608978645,-0.6810770454545426,0.1933230769230747,120487.21765914667,25.2,0.007936507936507908
input_hyperexcitable,True,1.65,1.0,1.0,diazepam,15,20261214,5,1.8499999999999999,1.8499999999999999,0.8499999999999999,24.9,39.67741935483871,8.209729563226313,1.1362592418224304,-0.8965955625000537,0.19356153846153623,122620.31782218022,25.2,0.011904761904761973
input_hyperexcitable,True,1.65,1.0,1.0,diazepam,15,20261214,7.5,2.1769230769230767,2.1769230769230767,1.1769230769230767,24.7,40.0,8.24008717326546,1.1359210381341796,-1.0959622046702668,0.19369999999999776,121921.88196314278,25.2,0.019841269841269882
input_hyperexcitable,True,1.65,1.0,1.0,diazepam,15,20261214,10,2.457142857142857,2.457142857142857,1.4571428571428569,24.7,40.0,8.257600491149413,1.135624445176903,-1.2832301326530557,0.19367307692307476,122152.42236746738,25.2,0.019841269841269882
input_hyperexcitable,True,1.65,1.0,1.0,diazepam,15,20261214,12.5,2.6999999999999997,2.6999999999999997,1.6999999999999997,24.7,40.0,8.260623375066212,1.1373241804906546,-1.4404022678571442,0.193396153846152,122273.22252402038,25.2,0.019841269841269882
input_hyperexcitable,True,1.65,1.0,1.0,diazepam,15,20261214,15,2.9124999999999996,2.9124999999999996,1.9124999999999996,24.7,40.0,8.29155992372969,1.1627819436749,-1.5781126406250106,0.1947846153846134,124582.95795770995,25.2,0.019841269841269882
input_hyperexcitable,True,1.65,1.0,1.0,diazepam,15,20261214,20,3.2666666666666666,3.2666666666666666,2.2666666666666666,24.5,40.32786885245902,8.35185223537587,1.174773034295728,-1.858785833333273,0.195096153846152,126078.99906633921,25.2,0.02777777777777779
input_hyperexcitable,True,1.65,1.0,1.0,diazepam,15,20261214,30,3.7818181818181813,3.7818181818181813,2.7818181818181813,24.4,40.49382716049383,8.481641197793083,1.1906292812082788,-2.3369184935063987,0.19806153846153662,129974.92205197844,25.2,0.031746031746031744
input_hyperexcitable,True,1.65,1.0,1.0,diazepam,15,20261214,60,4.6,4.6,3.5999999999999996,24.0,41.17154811715481,8.642084857131676,1.2258260752670234,-3.2250263214285173,0.19938846153845996,134523.16959968844,25.2,0.04761904761904756
input_hyperexcitable,True,1.65,1.0,1.0,perampanel,16,20261215,0,1.0,1.0,0.0,24.4,40.49588477366255,7.868473575263965,0.9822496116488654,-0.4551741071428603,0.17150384615384448,92930.65990240962,24.4,0.0
input_hyperexcitable,True,1.65,1.0,1.0,perampanel,16,20261215,6,0.9741421208800244,1.0,0.025857879119975637,23.8,41.5210970464135,7.876037597668896,0.9414703643190935,-0.4550578571428604,0.16722692307692133,90895.37578678953,24.4,0.024590163934426146
input_hyperexcitable,True,1.65,1.0,1.0,perampanel,16,20261215,8,0.9676668921927091,1.0,0.03233310780729098,23.2,42.599567099567096,7.922992459110899,0.9277949619492665,-0.4576208928571456,0.1673807692307677,89565.42005912501,24.4,0.0491803278688524
input_hyperexcitable,True,1.65,1.0,1.0,perampanel,16,20261215,10,0.9615904074078002,1.0,0.03840959259219974,23.2,42.599567099567096,7.872187137508462,0.9005249481809089,-0.4578146428571456,0.1646923076923064,87652.01432245795,24.4,0.0491803278688524
input_hyperexcitable,True,1.65,1.0,1.0,perampanel,16,20261215,12,0.9558253497558058,1.0,0.044174650244194216,23.0,42.97161572052402,7.865416163332567,0.8837209012850479,-0.45701750000000263,0.16303076923076795,85070.41001621512,24.4,0.05737704918032782
input_hyperexcitable,True,1.65,1.0,1.0,perampanel,16,20261215,14,0.9503156200134328,1.0,0.049684379986567204,23.0,42.97161572052402,7.847270156222106,0.8785298849299079,-0.45799178571428856,0.16191153846153722,85590.58237855032,24.4,0.05737704918032782
input_hyperexcitable,True,1.65,1.0,1.0,perampanel,16,20261215,16,0.9450221738818855,1.0,0.05497782611811456,21.3,41.6438679245283,7.65814468558637,0.7552506293391198,-0.47492000000000323,0.14801153846153683,66839.17499736142,24.4,0.12704918032786883
input_hyperexcitable,True,1.65,1.0,1.0,perampanel,16,20261215,18,0.9399162876906435,1.0,0.06008371230935653,21.1,42.04047619047619,7.662864755690561,0.7489946012182922,-0.47539053571428924,0.14686538461538293,65975.64283964301,24.4,0.13524590163934413
input_hyperexcitable,True,1.65,1.0,1.0,perampanel,16,20261215,22,0.9301837569953113,1.0,0.06981624300468868,18.7,43.10752688172043,7.830398556318133,0.7283538329439262,-0.4833675000000032,0.14833076923076766,61686.541467128336,24.4,0.23360655737704916
input_hyperexcitable,True,1.65,1.0,1.0,memantine,16,20261215,0,1.0,1.0,0.0,24.4,40.49588477366255,7.868473575263965,0.9822496116488654,-0.4551741071428603,0.17150384615384448,92930.65990240962,24.4,0.0
input_hyperexcitable,True,1.65,1.0,1.0,memantine,16,20261215,50,0.9268452221991218,1.0,0.07315477780087822,24.2,40.83195020746888,7.825882413085832,0.881763126504709,-0.45661339285714575,0.1687115384615367,54070.94445471679,24.4,0.008196721311475419
input_hyperexcitable,True,1.65,1.0,1.0,memantine,16,20261215,100,0.870062755069906,1.0,0.12993724493009393,23.6,41.874468085106386,7.839315033712439,0.8299839649170253,-0.45649160714286063,0.16618461538461396,35828.96436644964,24.4,0.032786885245901565
input_hyperexcitable,True,1.65,1.0,1.0,memantine,16,20261215,125,0.8450406189991146,1.0,0.15495938100088538,23.3,42.41594827586207,7.842015404732966,0.7919351229134411,-0.4569123214285742,0.1654076923076908,28758.796866047756,24.4,0.04508196721311464
input_hyperexcitable,True,1.65,1.0,1.0,memantine,16,20261215,150,0.8217846664011272,1.0,0.1782153335988728,23.3,42.418103448275865,7.797044933890482,0.7418424385631792,-0.4572942857142886,0.16228461538461408,23570.596894179595,24.4,0.04508196721311464
input_hyperexcitable,True,1.65,1.0,1.0,memantine,16,20261215,175,0.8000596497582824,1.0,0.19994035024171763,23.1,42.78695652173913,7.802730907447747,0.6928893867400121,-0.458606250000003,0.16094230769230655,19286.070219696976,24.4,0.05327868852459006
input_hyperexcitable,True,1.65,1.0,1.0,memantine,16,20261215,200,0.7796827121197533,1.0,0.22031728788024676,22.8,43.352422907488986,7.838565832223541,0.6773205119924878,-0.45973000000000264,0.16156153846153737,16498.657423705678,24.4,0.06557377049180324
input_hyperexcitable,True,1.65,1.0,1.0,memantine,16,20261215,250,0.7424088119900276,1.0,0.2575911880099724,22.5,43.933035714285715,7.813729101332146,0.6360521713877008,-0.46228196428571716,0.15805384615384557,11571.497498621362,24.4,0.07786885245901631
input_hyperexcitable,True,1.65,1.0,1.0,memantine,16,20261215,350,0.6789546199580587,1.0,0.3210453800419412,21.0,47.08612440191388,7.926570490650685,0.5599279438012006,-0.46569750000000304,0.15498846153846085,5925.888202308334,24.4,0.1393442622950819
input_hyperexcitable,True,1.65,1.0,1.0,memantine,16,20261215,500,0.6036820500876947,1.0,0.39631794991230535,17.7,55.91477272727273,8.137605227448326,0.5056999078099423,-0.4788116071428604,0.14846538461538425,2191.1082030529756,24.4,0.27459016393442626
input_hyperexcitable,True,1.65,1.0,1.0,diazepam,16,20261215,0,1.0,1.0,0.0,24.4,40.49588477366255,7.868473575263965,0.9822496116488654,-0.4551741071428603,0.17150384615384448,92930.65990240962,24.4,0.0
input_hyperexcitable,True,1.65,1.0,1.0,diazepam,16,20261215,2.5,1.4636363636363636,1.4636363636363636,0.4636363636363636,24.3,40.663223140495866,7.906658975650375,0.9922036769859814,-0.7045169204545391,0.17215769230769062,93864.4963104046,24.4,0.004098360655737654
input_hyperexcitable,True,1.65,1.0,1.0,diazepam,16,20261215,5,1.8499999999999999,1.8499999999999999,0.8499999999999999,24.1,41.00208333333333,7.9824941472092625,0.9914786232476638,-0.9304115803571987,0.1731846153846142,94227.4345294451,24.4,0.012295081967212962
input_hyperexcitable,True,1.65,1.0,1.0,diazepam,16,20261215,7.5,2.1769230769230767,2.1769230769230767,1.1769230769230767,24.0,41.17364016736402,8.012737433365045,0.9748972860480645,-1.1465515645603712,0.17376923076922948,92766.1023842257,24.4,0.016393442622950727
input_hyperexcitable,True,1.65,1.0,1.0,diazepam,16,20261215,10,2.457142857142857,2.457142857142857,1.4571428571428569,23.9,41.346638655462186,8.054758581639577,0.9956717678571438,-1.3342921938775496,0.17454999999999887,95466.80434102232,24.4,0.020491803278688492
input_hyperexcitable,True,1.65,1.0,1.0,diazepam,16,20261215,12.5,2.6999999999999997,2.6999999999999997,1.6999999999999997,24.1,41.00208333333333,8.14287213766199,1.0889033060747682,-1.4784259821428585,0.18244615384615254,106050.09438266713,24.4,0.012295081967212962
input_hyperexcitable,True,1.65,1.0,1.0,diazepam,16,20261215,15,2.9124999999999996,2.9124999999999996,1.9124999999999996,24.0,41.17364016736402,8.175190497536379,1.0858759563584797,-1.657452781250013,0.18265384615384478,105751.99884541228,24.4,0.016393442622950727
input_hyperexcitable,True,1.65,1.0,1.0,diazepam,16,20261215,20,3.2666666666666666,3.2666666666666666,2.2666666666666666,23.9,41.346638655462186,8.27230334674213,1.0970318536381862,-1.9706131666666094,0.18483461538461385,109227.20103083718,24.4,0.020491803278688492
input_hyperexcitable,True,1.65,1.0,1.0,diazepam,16,20261215,30,3.7818181818181813,3.7818181818181813,2.7818181818181813,23.7,41.69703389830509,8.379551183468257,1.1225637193758362,-2.481537922077824,0.1862884615384603,111344.52482315424,24.4,0.02868852459016391
input_hyperexcitable,True,1.65,1.0,1.0,diazepam,16,20261215,60,4.6,4.6,3.5999999999999996,22.7,43.54203539823009,8.673523839711786,1.1234347121996,-3.394440214285661,0.19011923076922965,111341.25569339223,24.4,0.069672131147541
input_hyperexcitable,True,1.65,1.0,1.0,perampanel,17,20261216,0,1.0,1.0,0.0,22.6,39.23777777777778,7.864915885046398,0.9909001847463289,-0.4640201785714322,0.17094230769230606,87233.47363069344,22.6,0.0
input_hyperexcitable,True,1.65,1.0,1.0,perampanel,17,20261216,6,0.9741421208800244,1.0,0.025857879119975637,22.5,39.41294642857143,7.810882376398871,0.9398144692089463,-0.4633171428571464,0.16506153846153698,85162.05690528089,22.6,0.004424778761062065
input_hyperexcitable,True,1.65,1.0,1.0,perampanel,17,20261216,8,0.9676668921927091,1.0,0.03233310780729098,22.5,39.41294642857143,7.773886032315069,0.929553083861817,-0.4637212500000037,0.16318461538461385,84136.83561037794,22.6,0.004424778761062065
input_hyperexcitable,True,1.65,1.0,1.0,perampanel,17,20261216,10,0.9615904074078002,1.0,0.03840959259219974,22.0,40.30821917808219,7.754892543291756,0.8872664937416568,-0.47199714285714645,0.15886153846153694,76948.21787935462,22.6,0.026548672566371723
input_hyperexcitable,True,1.65,1.0,1.0,perampanel,17,20261216,12,0.9558253497558058,1.0,0.044174650244194216,21.6,41.05813953488372,7.785985458114443,0.8872837630173579,-0.4727721428571465,0.15833076923076775,76905.48788168469,22.6,0.04424778761061943
input_hyperexcitable,True,1.65,1.0,1.0,perampanel,17,20261216,14,0.9503156200134328,1.0,0.049684379986567204,21.7,40.86805555555556,7.78690930952583,0.8963262116154889,-0.4738073214285751,0.16017692307692127,77805.50847964187,22.6,0.039823008849557584
input_hyperexcitable,True,1.65,1.0,1.0,perampanel,17,20261216,16,0.9450221738818855,1.0,0.05497782611811456,21.5,41.25,7.805870580757919,0.8843989716288401,-0.4741560714285752,0.1593461538461521,76829.85204946176,22.6,0.04867256637168149
input_hyperexcitable,True,1.65,1.0,1.0,perampanel,17,20261216,18,0.9399162876906435,1.0,0.06008371230935653,21.3,41.639150943396224,7.8142619135076,0.8677375013351147,-0.474333214285718,0.15866153846153683,76028.03983426582,22.6,0.05752212389380529
input_hyperexcitable,True,1.65,1.0,1.0,perampanel,17,20261216,22,0.9301837569953113,1.0,0.06981624300468868,20.7,42.851941747572816,7.851467288220163,0.8592566970961294,-0.47809196428571804,0.1574807692307679,74256.29160508301,22.6,0.08407079646017712
input_hyperexcitable,True,1.65,1.0,1.0,memantine,17,20261216,0,1.0,1.0,0.0,22.6,39.23777777777778,7.864915885046398,0.9909001847463289,-0.4640201785714322,0.17094230769230606,87233.47363069344,22.6,0.0
input_hyperexcitable,True,1.65,1.0,1.0,memantine,17,20261216,50,0.9268452221991218,1.0,0.07315477780087822,22.5,39.41294642857143,7.773538267448052,0.8245126027043196,-0.4643689285714323,0.16321538461538285,45709.9495144288,22.6,0.004424778761062065
input_hyperexcitable,True,1.65,1.0,1.0,memantine,17,20261216,100,0.870062755069906,1.0,0.12993724493009393,21.7,40.87268518518518,7.7754613693566546,0.7709347227870939,-0.4672751785714322,0.16003076923076748,28902.64448768305,22.6,0.039823008849557584
input_hyperexcitable,True,1.65,1.0,1.0,memantine,17,20261216,125,0.8450406189991146,1.0,0.15495938100088538,21.4,41.448356807511736,7.778139404667007,0.7176963798528178,-0.4692458928571466,0.15781538461538328,23268.15233748519,22.6,0.053097345132743445
input_hyperexcitable,True,1.65,1.0,1.0,memantine,17,20261216,150,0.8217846664011272,1.0,0.1782153335988728,21.1,42.04047619047619,7.807849304159629,0.6930158715848769,-0.4705633928571465,0.15624230769230668,19247.694281627108,22.6,0.0663716814159292
input_hyperexcitable,True,1.65,1.0,1.0,memantine,17,20261216,175,0.8000596497582824,1.0,0.19994035024171763,20.9,42.44471153846154,7.835740696852912,0.6785545194491156,-0.47324267857143215,0.15662307692307595,16292.483549393508,22.6,0.07522123893805321
input_hyperexcitable,True,1.65,1.0,1.0,memantine,17,20261216,200,0.7796827121197533,1.0,0.22031728788024676,21.0,42.24162679425837,7.84499443077178,0.685256435641577,-0.47305446428571796,0.15819615384615307,15079.16735849345,22.6,0.07079646017699126
input_hyperexcitable,True,1.65,1.0,1.0,memantine,17,20261216,250,0.7424088119900276,1.0,0.2575911880099724,20.2,43.9228855721393,7.899196574639697,0.6450414953571296,-0.4750916071428608,0.15669999999999878,10831.868761995755,22.6,0.10619469026548678
input_hyperexcitable,True,1.65,1.0,1.0,memantine,17,20261216,350,0.6789546199580587,1.0,0.3210453800419412,18.9,46.95744680851064,7.972924798894764,0.5650956157933863,-0.47888910714286087,0.15286538461538415,5651.050015815543,22.6,0.16371681415929218
input_hyperexcitable,True,1.65,1.0,1.0,memantine,17,20261216,500,0.6036820500876947,1.0,0.39631794991230535,16.0,55.5251572327044,8.085798207780046,0.4456780397874162,-0.4895619642857182,0.14045000000000132,1718.8778766519724,22.6,0.2920353982300885
input_hyperexcitable,True,1.65,1.0,1.0,diazepam,17,20261216,0,1.0,1.0,0.0,22.6,39.23777777777778,7.864915885046398,0.9909001847463289,-0.4640201785714322,0.17094230769230606,87233.47363069344,22.6,0.0
input_hyperexcitable,True,1.65,1.0,1.0,diazepam,17,20261216,2.5,1.4636363636363636,1.4636363636363636,0.4636363636363636,22.6,39.23777777777778,7.885283728734874,0.9986109985814424,-0.7088111249999911,0.1705730769230753,87756.10557850504,22.6,0.0
input_hyperexcitable,True,1.65,1.0,1.0,diazepam,17,20261216,5,1.8499999999999999,1.8499999999999999,0.8499999999999999,22.5,39.41294642857143,7.992374521233163,1.0388646751502002,-0.9441550982143428,0.17438461538461364,95650.08471677548,22.6,0.004424778761062065
input_hyperexcitable,True,1.65,1.0,1.0,diazepam,17,20261216,7.5,2.1769230769230767,2.1769230769230767,1.1769230769230767,22.4,39.58968609865471,8.025007609835093,1.0409054284045394,-1.153986923076854,0.17458076923076768,96100.66408668084,22.6,0.008849557522124019
input_hyperexcitable,True,1.65,1.0,1.0,diazepam,17,20261216,10,2.457142857142857,2.457142857142857,1.4571428571428569,22.5,39.41294642857143,8.101460720153476,1.0990395302903873,-1.3441672755102012,0.1790423076923064,103150.17955589066,22.6,0.004424778761062065
input_hyperexcitable,True,1.65,1.0,1.0,diazepam,17,20261216,12.5,2.6999999999999997,2.6999999999999997,1.6999999999999997,22.5,39.41294642857143,8.12089224306075,1.0948548101635514,-1.5110091964285732,0.17913076923076804,103123.307793089,22.6,0.004424778761062065
input_hyperexcitable,True,1.65,1.0,1.0,diazepam,17,20261216,15,2.9124999999999996,2.9124999999999996,1.9124999999999996,22.4,39.58968609865471,8.145946469425823,1.1041775144359145,-1.6589360758928728,0.17912307692307586,104397.92950024943,22.6,0.008849557522124019
input_hyperexcitable,True,1.65,1.0,1.0,diazepam,17,20261216,20,3.2666666666666666,3.2666666666666666,2.2666666666666666,22.1,40.12954545454546,8.218921113203637,1.101066248831776,-1.9851883333332774,0.17985769230769122,104710.55534620868,22.6,0.02212389380530977
input_hyperexcitable,True,1.65,1.0,1.0,diazepam,17,20261216,30,3.7818181818181813,3.7818181818181813,2.7818181818181813,22.1,40.12954545454546,8.280339052674694,1.1132928046562083,-2.5083138701297734,0.17977692307692228,106256.30847394692,22.6,0.02212389380530977
input_hyperexcitable,True,1.65,1.0,1.0,diazepam,17,20261216,60,4.6,4.6,3.5999999999999996,21.1,42.035714285714285,8.566033016889383,1.1252187837116163,-3.4598324999999446,0.18396923076923016,108394.50531227936,22.6,0.0663716814159292
input_hyperexcitable,True,1.65,1.0,1.0,perampanel,18,20261217,0,1.0,1.0,0.0,24.9,39.67943548387097,8.072035842923459,1.0826961253337797,-0.4559214285714328,0.18610384615384395,112701.03969719983,24.9,0.0
input_hyperexcitable,True,1.65,1.0,1.0,perampanel,18,20261217,6,0.9741421208800244,1.0,0.025857879119975637,24.4,40.49588477366255,8.000465118190824,1.0376767682743666,-0.4559491071428609,0.18086538461538215,106322.24240584207,24.9,0.02008032128514059
input_hyperexcitable,True,1.65,1.0,1.0,perampanel,18,20261217,8,0.9676668921927091,1.0,0.03233310780729098,21.9,40.5,7.919969642695169,0.9105571547062762,-0.46717553571429,0.16727692307692096,84646.41162867454,24.9,0.12048192771084343
input_hyperexcitable,True,1.65,1.0,1.0,perampanel,18,20261217,10,0.9615904074078002,1.0,0.03840959259219974,21.7,40.875,7.925442610145002,0.888584861315088,-0.4704692857142904,0.165819230769229,81852.73848462265,24.9,0.12851405622489953
input_hyperexcitable,True,1.65,1.0,1.0,perampanel,18,20261217,12,0.9558253497558058,1.0,0.044174650244194216,21.4,41.45305164319249,7.945606097074406,0.8832559100467302,-0.47190857142857623,0.16507307692307496,81733.88100906266,24.9,0.1405622489959839
input_hyperexcitable,True,1.65,1.0,1.0,perampanel,18,20261217,14,0.9503156200134328,1.0,0.049684379986567204,21.2,41.845971563981045,7.8966549723358765,0.8673201513684918,-0.4720967857142903,0.16229230769230574,78355.00928167527,24.9,0.14859437751004012
input_hyperexcitable,True,1.65,1.0,1.0,perampanel,18,20261217,16,0.9450221738818855,1.0,0.05497782611811456,21.2,41.845971563981045,7.869546779381773,0.8540173084946604,-0.4719860714285762,0.1608423076923056,77642.05169346397,24.9,0.14859437751004012
input_hyperexcitable,True,1.65,1.0,1.0,perampanel,18,20261217,18,0.9399162876906435,1.0,0.06008371230935653,21.0,42.24401913875598,7.851608251451147,0.8452725310413894,-0.47315410714286127,0.1591307692307673,75970.5963042294,24.9,0.15662650602409633
input_hyperexcitable,True,1.65,1.0,1.0,perampanel,18,20261217,22,0.9301837569953113,1.0,0.06981624300468868,20.6,43.06829268292683,7.86649048778747,0.8210863165053415,-0.4744992857142903,0.15715384615384445,73832.17593124129,24.9,0.17269076305220876
input_hyperexcitable,True,1.65,1.0,1.0,memantine,18,20261217,0,1.0,1.0,0.0,24.9,39.67943548387097,8.072035842923459,1.0826961253337797,-0.4559214285714328,0.18610384615384395,112701.03969719983,24.9,0.0
input_hyperexcitable,True,1.65,1.0,1.0,memantine,18,20261217,50,0.9268452221991218,1.0,0.07315477780087822,23.8,41.5210970464135,8.066981595598083,1.0060083567068558,-0.4565525000000046,0.18305769230768973,63671.956055282295,24.9,0.04417670682730912
input_hyperexcitable,True,1.65,1.0,1.0,memantine,18,20261217,100,0.870062755069906,1.0,0.12993724493009393,23.2,42.6017316017316,8.020364736669354,0.9355178351052664,-0.45618160714286093,0.17898846153845924,40298.45508592351,24.9,0.06827309236947787
input_hyperexcitable,True,1.65,1.0,1.0,memantine,18,20261217,125,0.8450406189991146,1.0,0.15495938100088538,23.1,42.78695652173913,8.001831723996016,0.903474927195898,-0.4571226785714324,0.17668461538461314,33555.09499632836,24.9,0.07228915662650592
input_hyperexcitable,True,1.65,1.0,1.0,memantine,18,20261217,150,0.8217846664011272,1.0,0.1782153335988728,22.8,43.352422907488986,8.008580210170056,0.8456762884379817,-0.46039428571429014,0.17428846153845948,26955.68377790764,24.9,0.0843373493975903
input_hyperexcitable,True,1.65,1.0,1.0,memantine,18,20261217,175,0.8000596497582824,1.0,0.19994035024171763,22.8,43.352422907488986,7.963797039404025,0.8075435431794821,-0.4610475000000041,0.17123076923076766,22102.91444359112,24.9,0.0843373493975903
input_hyperexcitable,True,1.65,1.0,1.0,memantine,18,20261217,200,0.7796827121197533,1.0,0.22031728788024676,22.8,43.352422907488986,7.91459232299876,0.7667556815987036,-0.4608703571428617,0.1681923076923062,18121.822267780324,24.9,0.0843373493975903
input_hyperexcitable,True,1.65,1.0,1.0,memantine,18,20261217,250,0.7424088119900276,1.0,0.2575911880099724,22.3,44.328828828828826,7.902618050825547,0.6962968749584613,-0.46373232142857607,0.16419999999999924,12216.348189783113,24.9,0.10441767068273089
input_hyperexcitable,True,1.65,1.0,1.0,memantine,18,20261217,350,0.6789546199580587,1.0,0.3210453800419412,20.8,47.54106280193237,7.980715099790247,0.5837502395727937,-0.47334785714286126,0.1585961538461532,5626.643973897536,24.9,0.16465863453815255
input_hyperexcitable,True,1.65,1.0,1.0,memantine,18,20261217,500,0.6036820500876947,1.0,0.39631794991230535,17.2,57.54970760233918,8.120962745325183,0.4699903431454436,-0.4829800000000042,0.14476538461538463,1810.1445895635643,24.9,0.3092369477911646
input_hyperexcitable,True,1.65,1.0,1.0,diazepam,18,20261217,0,1.0,1.0,0.0,24.9,39.67943548387097,8.072035842923459,1.0826961253337797,-0.4559214285714328,0.18610384615384395,112701.03969719983,24.9,0.0
input_hyperexcitable,True,1.65,1.0,1.0,diazepam,18,20261217,2.5,1.4636363636363636,1.4636363636363636,0.4636363636363636,24.5,40.329918032786885,8.114717284756862,1.0958356136515368,-0.7007169545454502,0.18619615384615176,111984.67433180263,24.9,0.016064257028112428
input_hyperexcitable,True,1.65,1.0,1.0,diazepam,18,20261217,5,1.8499999999999999,1.8499999999999999,0.8499999999999999,24.4,40.49588477366255,8.148762318469286,1.0979311351802419,-0.9205699107143411,0.18645769230769021,112467.53568011954,24.9,0.02008032128514059
input_hyperexcitable,True,1.65,1.0,1.0,diazepam,18,20261217,7.5,2.1769230769230767,2.1769230769230767,1.1769230769230767,24.1,41.00208333333333,8.186268227640628,1.1038620988818433,-1.1292827335164157,0.18706153846153656,112471.21393973031,24.9,0.032128514056224744
input_hyperexcitable,True,1.65,1.0,1.0,diazepam,18,20261217,10,2.457142857142857,2.457142857142857,1.4571428571428569,24.0,41.17364016736402,8.219152585304352,1.1057913602303078,-1.3314629693877504,0.18724615384615206,112859.31687256954,24.9,0.036144578313252906
input_hyperexcitable,True,1.65,1.0,1.0,diazepam,18,20261217,12.5,2.6999999999999997,2.6999999999999997,1.6999999999999997,23.9,41.346638655462186,8.249889946627489,1.1162855792723638,-1.5158667857142862,0.18718846153845992,114092.61066239829,24.9,0.04016064257028118
input_hyperexcitable,True,1.65,1.0,1.0,diazepam,18,20261217,15,2.9124999999999996,2.9124999999999996,1.9124999999999996,23.9,41.346638655462186,8.282272962018716,1.139328768775034,-1.6568239933035795,0.1892653846153828,116666.78201074323,24.9,0.04016064257028118
input_hyperexcitable,True,1.65,1.0,1.0,diazepam,18,20261217,20,3.2666666666666666,3.2666666666666666,2.2666666666666666,23.7,41.69703389830509,8.350120857211502,1.137145018608145,-1.9431445833332717,0.19024615384615215,116165.82920766236,24.9,0.04819277108433728
input_hyperexcitable,True,1.65,1.0,1.0,diazepam,18,20261217,30,3.7818181818181813,3.7818181818181813,2.7818181818181813,23.3,42.41594827586207,8.46675847075161,1.161343275951269,-2.452521922077831,0.19202692307692146,118893.2837127117,24.9,0.06425702811244971
input_hyperexcitable,True,1.65,1.0,1.0,diazepam,18,20261217,60,4.6,4.6,3.5999999999999996,22.9,43.16008771929825,8.696417300311891,1.23518099724633,-3.3616422142856694,0.19758461538461367,129802.74410593741,24.9,0.08032128514056225
input_hyperexcitable,True,1.65,1.0,1.0,perampanel,19,20261218,0,1.0,1.0,0.0,25.6,38.590196078431376,8.093965508822157,1.195903318007342,-0.45080642857143194,0.1931923076923053,129596.08746433478,25.6,0.0
input_hyperexcitable,True,1.65,1.0,1.0,perampanel,19,20261218,6,0.9741421208800244,1.0,0.025857879119975637,24.9,39.67741935483871,8.02417360588567,1.1196599957443252,-0.45244500000000343,0.18642692307692085,120306.60376337769,25.6,0.02734375000000011
input_hyperexcitable,True,1.65,1.0,1.0,perampanel,19,20261218,8,0.9676668921927091,1.0,0.03233310780729098,24.8,39.83805668016194,8.005233276547962,1.0951485888684904,-0.4547201785714324,0.18468076923076682,117863.43690834031,25.6,0.03125
input_hyperexcitable,True,1.65,1.0,1.0,perampanel,19,20261218,10,0.9615904074078002,1.0,0.03840959259219974,24.3,40.66115702479339,7.833845231094063,0.949866814085447,-0.45725000000000365,0.16908076923076787,96969.09776031357,25.6,0.05078125
input_hyperexcitable,True,1.65,1.0,1.0,perampanel,19,20261218,12,0.9558253497558058,1.0,0.044174650244194216,24.0,41.17154811715481,7.755420647753059,0.9160542484145524,-0.4575655357142894,0.16274230769230624,90856.51082263449,25.6,0.0625
input_hyperexcitable,True,1.65,1.0,1.0,perampanel,19,20261218,14,0.9503156200134328,1.0,0.049684379986567204,20.5,43.27450980392157,7.792984468865018,0.819958568841789,-0.47296589285714674,0.15239230769230577,71039.76712300687,25.6,0.19921875
input_hyperexcitable,True,1.65,1.0,1.0,perampanel,19,20261218,16,0.9450221738818855,1.0,0.05497782611811456,20.3,43.7029702970297,7.80497508218058,0.8034891804072097,-0.4734973214285752,0.15158076923076733,70507.20224053568,25.6,0.20703125
input_hyperexcitable,True,1.65,1.0,1.0,perampanel,19,20261218,18,0.9399162876906435,1.0,0.06008371230935653,20.3,43.7029702970297,7.778420472092522,0.8002855013351137,-0.47446053571428964,0.1499846153846134,70671.19126689858,25.6,0.20703125
input_hyperexcitable,True,1.65,1.0,1.0,perampanel,19,20261218,22,0.9301837569953113,1.0,0.06981624300468868,20.0,44.36180904522613,7.770615345426858,0.7674323033210945,-0.47490339285714683,0.1477192307692289,67519.72245484279,25.6,0.21875
input_hyperexcitable,True,1.65,1.0,1.0,memantine,19,20261218,0,1.0,1.0,0.0,25.6,38.590196078431376,8.093965508822157,1.195903318007342,-0.45080642857143194,0.1931923076923053,129596.08746433478,25.6,0.0
input_hyperexcitable,True,1.65,1.0,1.0,memantine,19,20261218,50,0.9268452221991218,1.0,0.07315477780087822,24.5,40.329918032786885,8.075222096045477,1.0885376040421195,-0.4569621428571463,0.18906153846153637,72430.33754200363,25.6,0.04296875
input_hyperexcitable,True,1.65,1.0,1.0,memantine,19,20261218,100,0.870062755069906,1.0,0.12993724493009393,24.1,41.00208333333333,7.925716907492964,0.9018956570164981,-0.45809142857143226,0.17568846153845982,42280.82089462655,25.6,0.05859375
input_hyperexcitable,True,1.65,1.0,1.0,memantine,19,20261218,125,0.8450406189991146,1.0,0.15495938100088538,24.0,41.17364016736402,7.900697031303399,0.8506657153681432,-0.4575433928571464,0.17367307692307535,33680.551146152655,25.6,0.0625
input_hyperexcitable,True,1.65,1.0,1.0,memantine,19,20261218,150,0.8217846664011272,1.0,0.1782153335988728,23.6,41.874468085106386,7.908093781561062,0.8309105698981984,-0.458927321428575,0.1727038461538447,27707.138436056663,25.6,0.078125
input_hyperexcitable,True,1.65,1.0,1.0,memantine,19,20261218,175,0.8000596497582824,1.0,0.19994035024171763,23.6,41.874468085106386,7.8468196708470135,0.7725391341027124,-0.4591155357142892,0.16858461538461425,22468.091999879496,25.6,0.078125
input_hyperexcitable,True,1.65,1.0,1.0,memantine,19,20261218,200,0.7796827121197533,1.0,0.22031728788024676,23.5,42.0534188034188,7.822434818624663,0.7372208723017312,-0.45938125000000357,0.16630769230769143,18395.647811692725,25.6,0.08203125
input_hyperexcitable,True,1.65,1.0,1.0,memantine,19,20261218,250,0.7424088119900276,1.0,0.2575911880099724,23.1,42.78478260869565,7.837215193421367,0.6738519133863209,-0.45951410714286056,0.16371153846153752,13037.634783128347,25.6,0.09765625
input_hyperexcitable,True,1.65,1.0,1.0,memantine,19,20261218,350,0.6789546199580587,1.0,0.3210453800419412,21.9,45.142201834862384,7.70042954597816,0.5158994211094525,-0.46596875000000354,0.1453346153846164,5521.467488311115,25.6,0.1445312500000001
input_hyperexcitable,True,1.65,1.0,1.0,memantine,19,20261218,500,0.6036820500876947,1.0,0.39631794991230535,16.9,58.57738095238095,8.207731053127862,0.4636248227049461,-0.4890250000000044,0.1464846153846157,1725.8418650953163,25.6,0.3398437500000001
input_hyperexcitable,True,1.65,1.0,1.0,diazepam,19,20261218,0,1.0,1.0,0.0,25.6,38.590196078431376,8.093965508822157,1.195903318007342,-0.45080642857143194,0.1931923076923053,129596.08746433478,25.6,0.0
input_hyperexcitable,True,1.65,1.0,1.0,diazepam,19,20261218,2.5,1.4636363636363636,1.4636363636363636,0.4636363636363636,25.4,38.89525691699605,8.137047942904434,1.2192902666054732,-0.6951506931818137,0.19314615384615158,132223.56649520743,25.6,0.007812500000000111
input_hyperexcitable,True,1.65,1.0,1.0,diazepam,19,20261218,5,1.8499999999999999,1.8499999999999999,0.8499999999999999,25.0,39.52008032128514,8.189559223015214,1.220392777369826,-0.9142716517857696,0.19417307692307495,130683.86091435714,25.6,0.0234375
input_hyperexcitable,True,1.65,1.0,1.0,diazepam,19,20261218,7.5,2.1769230769230767,2.1769230769230767,1.1769230769230767,25.0,39.52008032128514,8.199129754986538,1.227973989402536,-1.1164124532966386,0.1940346153846134,130985.56086494496,25.6,0.0234375
input_hyperexcitable,True,1.65,1.0,1.0,diazepam,19,20261218,10,2.457142857142857,2.457142857142857,1.4571428571428569,24.8,39.840080971659916,8.219166310572657,1.2452894078771684,-1.2934860714285645,0.1942961538461519,131438.08361623628,25.6,0.03125
input_hyperexcitable,True,1.65,1.0,1.0,diazepam,19,20261218,12.5,2.6999999999999997,2.6999999999999997,1.6999999999999997,24.8,39.840080971659916,8.238542012615763,1.2461335191088108,-1.4736132321428568,0.1944884615384596,132128.11686843817,25.6,0.03125
input_hyperexcitable,True,1.65,1.0,1.0,diazepam,19,20261218,15,2.9124999999999996,2.9124999999999996,1.9124999999999996,24.6,40.16530612244898,8.28886917484221,1.2572593367823752,-1.611986575892871,0.1947576923076904,133419.2139572631,25.6,0.0390625
input_hyperexcitable,True,1.65,1.0,1.0,diazepam,19,20261218,20,3.2666666666666666,3.2666666666666666,2.2666666666666666,24.6,40.16530612244898,8.332337592303416,1.2628946577937241,-1.8909379999999396,0.19556923076922902,134231.17991268565,25.6,0.0390625
input_hyperexcitable,True,1.65,1.0,1.0,diazepam,19,20261218,30,3.7818181818181813,3.7818181818181813,2.7818181818181813,24.1,41.00208333333333,8.507726876001213,1.3141774075433899,-2.3999958441557476,0.19927692307692127,142155.8445389795,25.6,0.05859375
input_hyperexcitable,True,1.65,1.0,1.0,diazepam,19,20261218,60,4.6,4.6,3.5999999999999996,23.6,41.874468085106386,8.708838894453425,1.3575617205440573,-3.34954667857136,0.20048076923076777,143681.13539741587,25.6,0.078125
input_hyperexcitable,True,1.65,1.0,1.0,perampanel,20,20261219,0,1.0,1.0,0.0,25.5,38.74015748031496,8.07487707682399,1.2452499352469961,-0.45105553571428875,0.1914615384615366,133458.0403602492,25.5,0.0
input_hyperexcitable,True,1.65,1.0,1.0,perampanel,20,20261219,6,0.9741421208800244,1.0,0.025857879119975637,22.1,40.12954545454546,7.800854433807518,0.9226368029038718,-0.4688362500000033,0.16395769230769053,79153.92070274813,25.5,0.1333333333333333
input_hyperexcitable,True,1.65,1.0,1.0,perampanel,20,20261219,8,0.9676668921927091,1.0,0.03233310780729098,22.0,40.31278538812786,7.78295720319121,0.9032180597463283,-0.468841785714289,0.162361538461537,77524.99722575287,25.5,0.13725490196078427
input_hyperexcitable,True,1.65,1.0,1.0,perampanel,20,20261219,10,0.9615904074078002,1.0,0.03840959259219974,22.0,40.31050228310502,7.826184353534707,0.9351869977469965,-0.46742464285714624,0.1645999999999984,84881.64087391131,25.5,0.13725490196078427
input_hyperexcitable,True,1.65,1.0,1.0,perampanel,20,20261219,12,0.9558253497558058,1.0,0.044174650244194216,21.8,40.68202764976959,7.816780547089808,0.9100352936415224,-0.46704267857143184,0.16254615384615217,81594.11207924326,25.5,0.1450980392156862
input_hyperexcitable,True,1.65,1.0,1.0,perampanel,20,20261219,14,0.9503156200134328,1.0,0.049684379986567204,21.8,40.68202764976959,7.790847032961614,0.8869454131341792,-0.46743017857143193,0.16090769230769061,79836.49539993159,25.5,0.1450980392156862
input_hyperexcitable,True,1.65,1.0,1.0,perampanel,20,20261219,16,0.9450221738818855,1.0,0.05497782611811456,21.2,41.838862559241704,7.672551651833055,0.7886124029539382,-0.4674191071428605,0.14871153846153684,66814.11147817511,25.5,0.16862745098039222
input_hyperexcitable,True,1.65,1.0,1.0,perampanel,20,20261219,18,0.9399162876906435,1.0,0.06008371230935653,21.0,42.24162679425837,7.687930595211975,0.7787536018858474,-0.47054678571428904,0.1483730769230753,66502.60545265026,25.5,0.17647058823529416
input_hyperexcitable,True,1.65,1.0,1.0,perampanel,20,20261219,22,0.9301837569953113,1.0,0.06981624300468868,20.5,43.27696078431372,7.831449455556853,0.8623878817590132,-0.47372982142857484,0.15518076923076718,75795.44288936113,25.5,0.196078431372549
input_hyperexcitable,True,1.65,1.0,1.0,memantine,20,20261219,0,1.0,1.0,0.0,25.5,38.74015748031496,8.07487707682399,1.2452499352469961,-0.45105553571428875,0.1914615384615366,133458.0403602492,25.5,0.0
input_hyperexcitable,True,1.65,1.0,1.0,memantine,20,20261219,50,0.9268452221991218,1.0,0.07315477780087822,24.6,40.16326530612245,7.980304671364295,1.0571655948329055,-0.45420535714286026,0.183073076923075,71376.87861684746,25.5,0.03529411764705881
input_hyperexcitable,True,1.65,1.0,1.0,memantine,20,20261219,100,0.870062755069906,1.0,0.12993724493009393,24.1,41.00208333333333,7.909933004383503,0.9270720600000766,-0.45584392857143163,0.17656538461538282,42795.23918770914,25.5,0.05490196078431364
input_hyperexcitable,True,1.65,1.0,1.0,memantine,20,20261219,125,0.8450406189991146,1.0,0.15495938100088538,23.9,41.346638655462186,7.904501138674767,0.8822262131487071,-0.4584789285714315,0.17454230769230564,34483.151001088874,25.5,0.0627450980392158
input_hyperexcitable,True,1.65,1.0,1.0,memantine,20,20261219,150,0.8217846664011272,1.0,0.1782153335988728,23.5,42.0534188034188,7.936287533879708,0.8306713095966456,-0.46071535714286027,0.17314615384615217,27680.735731152505,25.5,0.07843137254901966
input_hyperexcitable,True,1.65,1.0,1.0,memantine,20,20261219,175,0.8000596497582824,1.0,0.19994035024171763,23.3,42.41594827586207,7.932225063031951,0.7948677611331354,-0.4621380357142889,0.17135384615384466,22575.47095984039,25.5,0.0862745098039216
input_hyperexcitable,True,1.65,1.0,1.0,memantine,20,20261219,200,0.7796827121197533,1.0,0.22031728788024676,23.1,42.78478260869565,7.933256444437729,0.737597167451389,-0.4616232142857173,0.16936153846153715,18383.40703022133,25.5,0.09411764705882353
input_hyperexcitable,True,1.65,1.0,1.0,memantine,20,20261219,250,0.7424088119900276,1.0,0.2575911880099724,22.8,43.35022026431718,7.895569793231357,0.6718027868223787,-0.46233732142857453,0.16485384615384527,12291.874796755277,25.5,0.10588235294117643
input_hyperexcitable,True,1.65,1.0,1.0,memantine,20,20261219,350,0.6789546199580587,1.0,0.3210453800419412,21.8,45.3479262672811,7.8499947441970725,0.5556997402515338,-0.46931785714286045,0.1562615384615383,5580.907426801326,25.5,0.1450980392156862
input_hyperexcitable,True,1.65,1.0,1.0,memantine,20,20261219,500,0.6036820500876947,1.0,0.39631794991230535,17.6,56.23428571428571,8.114930265926109,0.4575747596343324,-0.48008482142857517,0.14628076923076913,1659.3736530004114,25.5,0.30980392156862735
input_hyperexcitable,True,1.65,1.0,1.0,diazepam,20,20261219,0,1.0,1.0,0.0,25.5,38.74015748031496,8.07487707682399,1.2452499352469961,-0.45105553571428875,0.1914615384615366,133458.0403602492,25.5,0.0
input_hyperexcitable,True,1.65,1.0,1.0,diazepam,20,20261219,2.5,1.4636363636363636,1.4636363636363636,0.4636363636363636,25.2,39.20318725099602,8.115599762949406,1.250195526869159,-0.6930441022727205,0.19194615384615207,132250.30076333176,25.5,0.01176470588235301
input_hyperexcitable,True,1.65,1.0,1.0,diazepam,20,20261219,5,1.8499999999999999,1.8499999999999999,0.8499999999999999,25.1,39.36,8.165567097864766,1.2454290057576765,-0.9127252500000544,0.19270769230769044,132507.89073584025,25.5,0.015686274509803866
input_hyperexcitable,True,1.65,1.0,1.0,diazepam,20,20261219,7.5,2.1769230769230767,2.1769230769230767,1.1769230769230767,24.9,39.67741935483871,8.181840420539652,1.258177806408544,-1.1077720123625752,0.19271923076922884,132443.90446111208,25.5,0.02352941176470591
input_hyperexcitable,True,1.65,1.0,1.0,diazepam,20,20261219,10,2.457142857142857,2.457142857142857,1.4571428571428569,24.8,39.83805668016194,8.211580071112405,1.2643169516855806,-1.2920850612244814,0.19294615384615207,133772.8590356045,25.5,0.027450980392156876
input_hyperexcitable,True,1.65,1.0,1.0,diazepam,20,20261219,12.5,2.6999999999999997,2.6999999999999997,1.6999999999999997,25.0,39.51807228915663,8.2389510423564,1.257060566505341,-1.4671264821428605,0.19426153846153674,134715.41444235703,25.5,0.019607843137254943
input_hyperexcitable,True,1.65,1.0,1.0,diazepam,20,20261219,15,2.9124999999999996,2.9124999999999996,1.9124999999999996,25.0,39.51807228915663,8.251358840753118,1.259247478137517,-1.614888674107149,0.19394999999999826,134823.80839091016,25.5,0.019607843137254943
input_hyperexcitable,True,1.65,1.0,1.0,diazepam,20,20261219,20,3.2666666666666666,3.2666666666666666,2.2666666666666666,24.9,39.67741935483871,8.290323129071131,1.2547345321261683,-1.9209744166666107,0.19413846153845996,134594.95832339555,25.5,0.02352941176470591
input_hyperexcitable,True,1.65,1.0,1.0,diazepam,20,20261219,30,3.7818181818181813,3.7818181818181813,2.7818181818181813,24.4,40.49382716049383,8.451366327876352,1.3129665846128173,-2.4092491428570426,0.19740769230769062,143547.3702899738,25.5,0.04313725490196085
input_hyperexcitable,True,1.65,1.0,1.0,diazepam,20,20261219,60,4.6,4.6,3.5999999999999996,23.4,42.23175965665236,8.74306770125083,1.3204283553905212,-3.3605217857142438,0.20136538461538295,144982.33128037257,25.5,0.08235294117647063
nmda_excitotoxic,True,1.0,4.1,1.0,perampanel,1,20261200,0,1.0,1.0,0.0,23.0,42.68122270742358,6.403165893420136,0.4474917366738987,-0.5224551785714325,0.1043576923076904,184769797321913.28,23.0,0.0
nmda_excitotoxic,True,1.0,4.1,1.0,perampanel,1,20261200,6,0.9741421208800244,1.0,0.025857879119975637,22.0,44.63013698630137,6.51539333037499,0.4394121351718961,-0.5191448214285762,0.10579230769230576,182663371811714.1,23.0,0.04347826086956519
nmda_excitotoxic,True,1.0,4.1,1.0,perampanel,1,20261200,8,0.9676668921927091,1.0,0.03233310780729098,21.7,45.25,6.543952161007968,0.4379301206525368,-0.5202408928571479,0.10649615384615195,182601833812091.4,23.0,0.05652173913043479
nmda_excitotoxic,True,1.0,4.1,1.0,perampanel,1,20261200,10,0.9615904074078002,1.0,0.03840959259219974,21.4,45.88732394366197,6.57315962390216,0.43788741345961296,-0.5215417857142909,0.10710769230769024,182575171930525.4,23.0,0.06956521739130439
nmda_excitotoxic,True,1.0,4.1,1.0,perampanel,1,20261200,12,0.9558253497558058,1.0,0.044174650244194216,19.0,51.714285714285715,6.621882224794594,0.40712369912383206,-0.5295298214285766,0.1045884615384582,176464997900254.3,23.0,0.17391304347826086
nmda_excitotoxic,True,1.0,4.1,1.0,perampanel,1,20261200,14,0.9503156200134328,1.0,0.049684379986567204,20.2,48.62686567164179,6.578900351412409,0.43562610505674276,-0.5247635714285765,0.10588846153845907,178225730907216.38,23.0,0.12173913043478268
nmda_excitotoxic,True,1.0,4.1,1.0,perampanel,1,20261200,16,0.9450221738818855,1.0,0.05497782611811456,7.2,43.014084507042256,5.0651290788694725,0.16454586929239,-0.7177053571428602,0.05480000000000034,21435619704527.812,23.0,0.6869565217391305
nmda_excitotoxic,True,1.0,4.1,1.0,perampanel,1,20261200,18,0.9399162876906435,1.0,0.06008371230935653,7.1,43.628571428571426,5.061681363016609,0.16454586929239,-0.7211541071428588,0.05473076923076959,21435619704527.812,23.0,0.691304347826087
nmda_excitotoxic,True,1.0,4.1,1.0,perampanel,1,20261200,22,0.9301837569953113,1.0,0.06981624300468868,7.1,43.628571428571426,5.019670330281916,0.16454586929239,-0.724580714285719,0.05346153846153893,21435619704527.812,23.0,0.691304347826087
nmda_excitotoxic,True,1.0,4.1,1.0,memantine,1,20261200,0,1.0,1.0,0.0,23.0,42.68122270742358,6.403165893420136,0.4474917366738987,-0.5224551785714325,0.1043576923076904,184769797321913.28,23.0,0.0
nmda_excitotoxic,True,1.0,4.1,1.0,memantine,1,20261200,50,0.9268452221991218,1.0,0.07315477780087822,21.3,46.10377358490566,6.563955062911539,0.42748267955953195,-0.5209660714285764,0.10829999999999793,19601479070156.08,23.0,0.07391304347826089
nmda_excitotoxic,True,1.0,4.1,1.0,memantine,1,20261200,100,0.870062755069906,1.0,0.12993724493009393,21.0,46.76555023923445,6.490515236287317,0.4032635619091004,-0.5212760714285765,0.10624615384615192,3412928394090.9194,23.0,0.08695652173913049
nmda_excitotoxic,True,1.0,4.1,1.0,memantine,1,20261200,125,0.8450406189991146,1.0,0.15495938100088538,20.5,47.911764705882355,6.462853580736917,0.38440696087323434,-0.5215085714285765,0.10464230769230534,1553506236138.3547,23.0,0.10869565217391308
nmda_excitotoxic,True,1.0,4.1,1.0,memantine,1,20261200,150,0.8217846664011272,1.0,0.1782153335988728,20.4,48.14778325123153,6.4202445122543805,0.37611941364248613,-0.5219791071428622,0.10332692307692092,763211536719.4285,23.0,0.11304347826086958
nmda_excitotoxic,True,1.0,4.1,1.0,memantine,1,20261200,175,0.8000596497582824,1.0,0.19994035024171763,20.9,46.99038461538461,6.3646881068501155,0.4027327818097346,-0.521420000000005,0.10718076923076697,402667304796.96814,23.0,0.09130434782608698
nmda_excitotoxic,True,1.0,4.1,1.0,memantine,1,20261200,200,0.7796827121197533,1.0,0.22031728788024676,20.8,47.21739130434783,6.3438163377962224,0.3782286327895312,-0.5216026785714336,0.10618461538461292,215230839120.44894,23.0,0.09565217391304348
nmda_excitotoxic,True,1.0,4.1,1.0,memantine,1,20261200,250,0.7424088119900276,1.0,0.2575911880099724,20.0,49.11557788944724,6.298094643478077,0.32907399517463576,-0.5252507142857192,0.10373076923076689,65526030475.82579,23.0,0.13043478260869568
nmda_excitotoxic,True,1.0,4.1,1.0,memantine,1,20261200,350,0.6789546199580587,1.0,0.3210453800419412,19.0,51.714285714285715,6.2436628079796535,0.31480684989841795,-0.5261032142857193,0.101003846153844,9335479149.490276,23.0,0.17391304347826086
nmda_excitotoxic,True,1.0,4.1,1.0,memantine,1,20261200,500,0.6036820500876947,1.0,0.39631794991230535,18.9,51.99202127659574,6.280044469516731,0.3233116450187829,-0.5244092857142909,0.10250384615384396,1041911501.4795699,23.0,0.17826086956521747
nmda_excitotoxic,True,1.0,4.1,1.0,diazepam,1,20261200,0,1.0,1.0,0.0,23.0,42.68122270742358,6.403165893420136,0.4474917366738987,-0.5224551785714325,0.1043576923076904,184769797321913.28,23.0,0.0
nmda_excitotoxic,True,1.0,4.1,1.0,diazepam,1,20261200,2.5,1.4636363636363636,1.4636363636363636,0.4636363636363636,22.9,42.86842105263158,6.426652774052181,0.4474917366738987,-0.8446052159090818,0.10471923076922893,184769797321913.28,23.0,0.004347826086956608
nmda_excitotoxic,True,1.0,4.1,1.0,diazepam,1,20261200,5,1.8499999999999999,1.8499999999999999,0.8499999999999999,22.7,43.24778761061947,6.468881596141669,0.4474917366738987,-1.149560267857214,0.10563461538461368,184769797321913.28,23.0,0.013043478260869601
nmda_excitotoxic,True,1.0,4.1,1.0,diazepam,1,20261200,7.5,2.1769230769230767,2.1769230769230767,1.1769230769230767,23.6,41.59148936170213,6.381084071265475,0.4487355649365822,-1.6475886813185783,0.10223461538461365,184270095967492.28,23.0,-0.026086956521739202
nmda_excitotoxic,True,1.0,4.1,1.0,diazepam,1,20261200,10,2.457142857142857,2.457142857142857,1.4571428571428569,11.4,27.030973451327434,5.1006484042003075,0.31824073996161556,-2.6326613979592026,0.060530769230769194,42902877068731.19,23.0,0.5043478260869565
nmda_excitotoxic,True,1.0,4.1,1.0,diazepam,1,20261200,12.5,2.6999999999999997,2.6999999999999997,1.6999999999999997,11.2,27.51801801801802,5.135249984578378,0.3264713900617491,-3.043033071428317,0.06108461538461529,43197483064612.64,23.0,0.5130434782608696
nmda_excitotoxic,True,1.0,4.1,1.0,diazepam,1,20261200,15,2.9124999999999996,2.9124999999999996,1.9124999999999996,11.2,27.51801801801802,5.1415002271146655,0.3264713900617491,-3.529144901785729,0.06081538461538455,43197483064612.64,23.0,0.5130434782608696
nmda_excitotoxic,True,1.0,4.1,1.0,diazepam,1,20261200,20,3.2666666666666666,3.2666666666666666,2.2666666666666666,10.9,28.27777777777778,5.193695236488743,0.3187653641104806,-4.122294750000018,0.062057692307692106,40262436880871.55,23.0,0.5260869565217391
nmda_excitotoxic,True,1.0,4.1,1.0,diazepam,1,20261200,30,3.7818181818181813,3.7818181818181813,2.7818181818181813,10.6,29.085714285714285,5.274969701968491,0.30905697021028034,-5.432733090909025,0.06357307692307657,39373235374284.29,23.0,0.5391304347826087
nmda_excitotoxic,True,1.0,4.1,1.0,diazepam,1,20261200,60,4.6,4.6,3.5999999999999996,10.5,29.360576923076923,5.319251397408808,0.31090386899198935,-8.288599535714287,0.06314615384615352,40356656883978.03,23.0,0.5434782608695652
nmda_excitotoxic,True,1.0,4.1,1.0,perampanel,2,20261201,0,1.0,1.0,0.0,23.9,41.069327731092436,6.2043588366364455,0.4275371379422567,-0.5318492857142894,0.09901538461538384,168172049939457.75,23.9,0.0
nmda_excitotoxic,True,1.0,4.1,1.0,perampanel,2,20261201,6,0.9741421208800244,1.0,0.025857879119975637,18.6,52.832432432432434,6.704686831952901,0.4333402962116158,-0.5285832142857189,0.1070884615384582,173643146309609.28,23.9,0.22175732217573207
nmda_excitotoxic,True,1.0,4.1,1.0,perampanel,2,20261201,8,0.9676668921927091,1.0,0.03233310780729098,18.6,52.832432432432434,6.680748168806656,0.432708904080441,-0.5285389285714331,0.10628846153845828,173580481709989.78,23.9,0.22175732217573207
nmda_excitotoxic,True,1.0,4.1,1.0,perampanel,2,20261201,10,0.9615904074078002,1.0,0.03840959259219974,18.6,52.832432432432434,6.654092743894037,0.4222638485647535,-0.528621964285719,0.10558461538461211,172262369981002.97,23.9,0.22175732217573207
nmda_excitotoxic,True,1.0,4.1,1.0,perampanel,2,20261201,12,0.9558253497558058,1.0,0.044174650244194216,6.0,51.771186440677965,4.994595613113788,0.1263678865654206,-0.7161996428571481,0.04782692307692324,19021817573708.375,23.9,0.7489539748953975
nmda_excitotoxic,True,1.0,4.1,1.0,perampanel,2,20261201,14,0.9503156200134328,1.0,0.049684379986567204,6.0,51.771186440677965,4.972587668699738,0.1263678865654206,-0.719565357142862,0.047234615384615514,19021817573708.375,23.9,0.7489539748953975
nmda_excitotoxic,True,1.0,4.1,1.0,perampanel,2,20261201,16,0.9450221738818855,1.0,0.05497782611811456,6.0,51.771186440677965,4.949316246973691,0.12313412788718296,-0.7219900000000048,0.0465884615384617,18769041050685.215,23.9,0.7489539748953975
nmda_excitotoxic,True,1.0,4.1,1.0,perampanel,2,20261201,18,0.9399162876906435,1.0,0.06008371230935653,6.0,51.771186440677965,4.9268895810941835,0.12313412788718296,-0.7209326785714315,0.04589615384615399,18769041050685.215,23.9,0.7489539748953975
nmda_excitotoxic,True,1.0,4.1,1.0,perampanel,2,20261201,22,0.9301837569953113,1.0,0.06981624300468868,6.0,51.771186440677965,4.885426680091151,0.11632974818090795,-0.7247412500000024,0.04470769230769248,17700449409873.81,23.9,0.7489539748953975
nmda_excitotoxic,True,1.0,4.1,1.0,memantine,2,20261201,0,1.0,1.0,0.0,23.9,41.069327731092436,6.2043588366364455,0.4275371379422567,-0.5318492857142894,0.09901538461538384,168172049939457.75,23.9,0.0
nmda_excitotoxic,True,1.0,4.1,1.0,memantine,2,20261201,50,0.9268452221991218,1.0,0.07315477780087822,18.9,51.99202127659574,6.633451483455604,0.39082129134277865,-0.5290592857142904,0.10570384615384291,18507463054661.86,23.9,0.20920502092050208
nmda_excitotoxic,True,1.0,4.1,1.0,memantine,2,20261201,100,0.870062755069906,1.0,0.12993724493009393,18.8,52.27005347593583,6.531608591495878,0.3526846983046249,-0.5299505357142895,0.10297307692307374,3163528472463.012,23.9,0.21338912133891208
nmda_excitotoxic,True,1.0,4.1,1.0,memantine,2,20261201,125,0.8450406189991146,1.0,0.15495938100088538,18.6,52.83513513513513,6.488624146028724,0.3470523694872163,-0.5314673214285752,0.10173846153845853,1470733931008.737,23.9,0.22175732217573207
nmda_excitotoxic,True,1.0,4.1,1.0,memantine,2,20261201,150,0.8217846664011272,1.0,0.1782153335988728,18.4,53.41256830601093,6.450239061522956,0.3203051363246591,-0.5332276785714327,0.1007115384615356,691727642393.1166,23.9,0.2301255230125523
nmda_excitotoxic,True,1.0,4.1,1.0,memantine,2,20261201,175,0.8000596497582824,1.0,0.19994035024171763,18.4,53.41256830601093,6.411751223782706,0.3115479546505502,-0.5333107142857184,0.09944230769230496,357580171933.8311,23.9,0.2301255230125523
nmda_excitotoxic,True,1.0,4.1,1.0,memantine,2,20261201,200,0.7796827121197533,1.0,0.22031728788024676,18.4,53.41256830601093,6.38013055372523,0.30247706513492517,-0.533377142857147,0.09840769230768977,192977450962.81216,23.9,0.2301255230125523
nmda_excitotoxic,True,1.0,4.1,1.0,memantine,2,20261201,250,0.7424088119900276,1.0,0.2575911880099724,18.3,53.706043956043956,6.313957619503536,0.28899052110956586,-0.5336594642857183,0.09645384615384384,61534817322.9977,23.9,0.2343096234309623
nmda_excitotoxic,True,1.0,4.1,1.0,memantine,2,20261201,350,0.6789546199580587,1.0,0.3210453800419412,17.4,56.50289017341041,6.216244538733275,0.31370097377470935,-0.5339417857142897,0.09341923076922876,8791401655.658014,23.9,0.2719665271966527
nmda_excitotoxic,True,1.0,4.1,1.0,memantine,2,20261201,500,0.6036820500876947,1.0,0.39631794991230535,16.7,58.8855421686747,6.149034921149039,0.28461934956173357,-0.5348053571428617,0.09034999999999868,900453909.7502943,23.9,0.301255230125523
nmda_excitotoxic,True,1.0,4.1,1.0,diazepam,2,20261201,0,1.0,1.0,0.0,23.9,41.069327731092436,6.2043588366364455,0.4275371379422567,-0.5318492857142894,0.09901538461538384,168172049939457.75,23.9,0.0
nmda_excitotoxic,True,1.0,4.1,1.0,diazepam,2,20261201,2.5,1.4636363636363636,1.4636363636363636,0.4636363636363636,23.6,41.59148936170213,6.267664446645335,0.4275371379422567,-0.8430252727272626,0.10050384615384533,168172049939457.75,23.9,0.012552301255229992
nmda_excitotoxic,True,1.0,4.1,1.0,diazepam,2,20261201,5,1.8499999999999999,1.8499999999999999,0.8499999999999999,23.4,41.94849785407725,6.31577640077268,0.4278510732726972,-1.135509517857214,0.10158846153846067,168109385339823.38,23.9,0.02092050209205021
nmda_excitotoxic,True,1.0,4.1,1.0,diazepam,2,20261201,7.5,2.1769230769230767,2.1769230769230767,1.1769230769230767,25.3,38.785714285714285,6.309025649312502,0.6073350944759677,-1.601771447802084,0.10714999999999873,191945820313525.8,23.9,-0.05857740585774063
nmda_excitotoxic,True,1.0,4.1,1.0,diazepam,2,20261201,10,2.457142857142857,2.457142857142857,1.4571428571428569,7.2,43.014084507042256,5.4488055965863165,0.18866749125500676,-2.6221606224490506,0.06061153846153831,30916371074587.973,23.9,0.698744769874477
nmda_excitotoxic,True,1.0,4.1,1.0,diazepam,2,20261201,12.5,2.6999999999999997,2.6999999999999997,1.6999999999999997,7.2,43.014084507042256,5.457266374674963,0.18837041402703614,-3.0446024464283115,0.060438461538461434,30913518788114.094,23.9,0.698744769874477
nmda_excitotoxic,True,1.0,4.1,1.0,diazepam,2,20261201,15,2.9124999999999996,2.9124999999999996,1.9124999999999996,7.2,43.00704225352113,5.465174610853464,0.18866411963451277,-3.4685232946428775,0.060246153846153734,31642780952055.94,23.9,0.698744769874477
nmda_excitotoxic,True,1.0,4.1,1.0,diazepam,2,20261201,20,3.2666666666666666,3.2666666666666666,2.2666666666666666,7.2,43.00704225352113,5.47445791842602,0.18866411963451277,-4.090486166666704,0.05990769230769222,31642780952055.94,23.9,0.698744769874477
nmda_excitotoxic,True,1.0,4.1,1.0,diazepam,2,20261201,30,3.7818181818181813,3.7818181818181813,2.7818181818181813,5.9,43.56896551724138,5.428431928436346,0.17514384652870496,-5.596591844155758,0.05691538461538474,23221473076202.277,23.9,0.7531380753138075
nmda_excitotoxic,True,1.0,4.1,1.0,diazepam,2,20261201,60,4.6,4.6,3.5999999999999996,5.8,44.31578947368421,5.510464551351599,0.17100117389018693,-8.861927928571498,0.056526923076923245,22976971159283.555,23.9,0.7573221757322176
nmda_excitotoxic,True,1.0,4.1,1.0,perampanel,3,20261202,0,1.0,1.0,0.0,19.3,50.90625,5.899660569337717,0.4144849956108147,-0.5293471428571478,0.08255769230769214,127779732328065.0,19.3,0.0
nmda_excitotoxic,True,1.0,4.1,1.0,perampanel,3,20261202,6,0.9741421208800244,1.0,0.025857879119975637,17.8,55.220338983050844,5.967972036272931,0.39216067214619527,-0.5317773214285776,0.08356538461538433,122361864137522.8,19.3,0.07772020725388595
nmda_excitotoxic,True,1.0,4.1,1.0,perampanel,3,20261202,8,0.9676668921927091,1.0,0.03233310780729098,17.7,55.53409090909091,5.9604732901282,0.39216067214619527,-0.5317773214285776,0.08309230769230747,122361864137522.8,19.3,0.08290155440414515
nmda_excitotoxic,True,1.0,4.1,1.0,perampanel,3,20261202,10,0.9615904074078002,1.0,0.03840959259219974,25.7,38.1796875,6.146790085663056,0.6776961688417892,-0.5145225000000039,0.10906538461538298,210338739473110.34,19.3,-0.33160621761658016
nmda_excitotoxic,True,1.0,4.1,1.0,perampanel,3,20261202,12,0.9558253497558058,1.0,0.044174650244194216,8.3,37.24390243902439,5.197894895217888,0.2201401449933247,-0.7123800000000047,0.05904615384615429,31792706238416.44,19.3,0.5699481865284974
nmda_excitotoxic,True,1.0,4.1,1.0,perampanel,3,20261202,14,0.9503156200134328,1.0,0.049684379986567204,7.8,39.66233766233766,5.186439034921616,0.2116151898865155,-0.7175060714285775,0.058238461538461954,28822869481785.32,19.3,0.5958549222797928
nmda_excitotoxic,True,1.0,4.1,1.0,perampanel,3,20261202,16,0.9450221738818855,1.0,0.05497782611811456,7.8,39.66233766233766,5.1615776485157125,0.20680261371829112,-0.7177441071428643,0.057607692307692776,28677025429553.152,19.3,0.5958549222797928
nmda_excitotoxic,True,1.0,4.1,1.0,perampanel,3,20261202,18,0.9399162876906435,1.0,0.06008371230935653,7.8,39.66233766233766,5.138033374724101,0.20680261371829112,-0.719006250000006,0.05701923076923125,28677025429553.152,19.3,0.5958549222797928
nmda_excitotoxic,True,1.0,4.1,1.0,perampanel,3,20261202,22,0.9301837569953113,1.0,0.06981624300468868,7.5,41.270270270270274,5.106802122252506,0.2042825147112817,-0.7234292857142886,0.05545769230769282,26004643669422.926,19.3,0.6113989637305699
nmda_excitotoxic,True,1.0,4.1,1.0,memantine,3,20261202,0,1.0,1.0,0.0,19.3,50.90625,5.899660569337717,0.4144849956108147,-0.5293471428571478,0.08255769230769214,127779732328065.0,19.3,0.0
nmda_excitotoxic,True,1.0,4.1,1.0,memantine,3,20261202,50,0.9268452221991218,1.0,0.07315477780087822,17.9,54.91011235955056,5.968130651182238,0.37562567165111266,-0.5310189285714341,0.08408461538461504,13566635399382.39,19.3,0.07253886010362709
nmda_excitotoxic,True,1.0,4.1,1.0,memantine,3,20261202,100,0.870062755069906,1.0,0.12993724493009393,23.7,41.41525423728814,6.335785514202476,0.5403363918147864,-0.5219126785714325,0.11436153846153714,3982495186956.4375,19.3,-0.22797927461139889
nmda_excitotoxic,True,1.0,4.1,1.0,memantine,3,20261202,125,0.8450406189991146,1.0,0.15495938100088538,23.3,42.12931034482759,6.324023574035028,0.5144722741718102,-0.5220953571428613,0.11339230769230613,1843425923311.6848,19.3,-0.20725388601036276
nmda_excitotoxic,True,1.0,4.1,1.0,memantine,3,20261202,150,0.8217846664011272,1.0,0.1782153335988728,16.7,58.87951807228916,5.980605026776161,0.30782471108343706,-0.5329121428571486,0.08213076923076915,495994191485.9282,19.3,0.13471502590673579
nmda_excitotoxic,True,1.0,4.1,1.0,memantine,3,20261202,175,0.8000596497582824,1.0,0.19994035024171763,16.7,58.88253012048193,5.96042179905078,0.2750370261098959,-0.53234196428572,0.0810153846153846,252443498553.8404,19.3,0.13471502590673579
nmda_excitotoxic,True,1.0,4.1,1.0,memantine,3,20261202,200,0.7796827121197533,1.0,0.22031728788024676,16.5,59.60060975609756,5.949813461529745,0.2698207814223762,-0.53234196428572,0.08038076923076919,133207661060.77687,19.3,0.14507772020725396
nmda_excitotoxic,True,1.0,4.1,1.0,memantine,3,20261202,250,0.7424088119900276,1.0,0.2575911880099724,16.0,61.4748427672956,5.8803172134656805,0.23070618846021398,-0.5329010714285772,0.0762961538461544,40183101808.27337,19.3,0.17098445595854928
nmda_excitotoxic,True,1.0,4.1,1.0,memantine,3,20261202,350,0.6789546199580587,1.0,0.3210453800419412,14.6,67.4103448275862,5.849697419989277,0.2785574219528567,-0.5372687500000058,0.07345000000000064,5548487474.460767,19.3,0.24352331606217625
nmda_excitotoxic,True,1.0,4.1,1.0,memantine,3,20261202,500,0.6036820500876947,1.0,0.39631794991230535,14.0,70.32014388489209,5.798711591131231,0.2416750406764865,-0.5423062500000059,0.06976153846153921,513303832.4128625,19.3,0.27461139896373055
nmda_excitotoxic,True,1.0,4.1,1.0,diazepam,3,20261202,0,1.0,1.0,0.0,19.3,50.90625,5.899660569337717,0.4144849956108147,-0.5293471428571478,0.08255769230769214,127779732328065.0,19.3,0.0
nmda_excitotoxic,True,1.0,4.1,1.0,diazepam,3,20261202,2.5,1.4636363636363636,1.4636363636363636,0.4636363636363636,19.2,51.17277486910995,5.924851248015871,0.41084491920060107,-0.8488832159090831,0.0828961538461537,126959890711157.17,19.3,0.005181347150259086
nmda_excitotoxic,True,1.0,4.1,1.0,diazepam,3,20261202,5,1.8499999999999999,1.8499999999999999,0.8499999999999999,19.2,51.17277486910995,5.937940253051484,0.4076111605223635,-1.1684550446429307,0.08263846153846142,124786909304821.78,19.3,0.005181347150259086
nmda_excitotoxic,True,1.0,4.1,1.0,diazepam,3,20261202,7.5,2.1769230769230767,2.1769230769230767,1.1769230769230767,18.8,52.26737967914438,6.010061983130186,0.4100982925734316,-1.6151478626372546,0.08407307692307675,124903753399378.84,19.3,0.025906735751295318
nmda_excitotoxic,True,1.0,4.1,1.0,diazepam,3,20261202,10,2.457142857142857,2.457142857142857,1.4571428571428569,9.1,33.92777777777778,5.2852875165461555,0.23181479304072117,-2.593215479591899,0.05975769230769276,33061013657388.133,19.3,0.528497409326425
nmda_excitotoxic,True,1.0,4.1,1.0,diazepam,3,20261202,12.5,2.6999999999999997,2.6999999999999997,1.6999999999999997,9.1,33.92777777777778,5.288874251357247,0.23181479304072117,-3.068696089285445,0.05954615384615424,33061013657388.133,19.3,0.528497409326425
nmda_excitotoxic,True,1.0,4.1,1.0,diazepam,3,20261202,15,2.9124999999999996,2.9124999999999996,1.9124999999999996,9.1,33.92777777777778,5.295015713802825,0.23181479304072117,-3.4924172366071637,0.05928461538461586,33061013657388.133,19.3,0.528497409326425
nmda_excitotoxic,True,1.0,4.1,1.0,diazepam,3,20261202,20,3.2666666666666666,3.2666666666666666,2.2666666666666666,9.1,33.92777777777778,5.307231128887385,0.23181479304072117,-4.14547758333337,0.0591076923076928,33061013657388.133,19.3,0.528497409326425
nmda_excitotoxic,True,1.0,4.1,1.0,diazepam,3,20261202,30,3.7818181818181813,3.7818181818181813,2.7818181818181813,5.4,43.905660377358494,5.183105744719794,0.12123388257676906,-5.88151807792197,0.04841153846153856,16342316347031.389,19.3,0.7202072538860104
nmda_excitotoxic,True,1.0,4.1,1.0,diazepam,3,20261202,60,4.6,4.6,3.5999999999999996,5.2,45.61764705882353,5.2555744823815145,0.1208264409712951,-9.34251539285722,0.04771923076923085,15234890650823.58,19.3,0.7305699481865284
nmda_excitotoxic,True,1.0,4.1,1.0,perampanel,4,20261203,0,1.0,1.0,0.0,28.6,34.296491228070174,5.893408782614432,0.5162367558744999,-0.5062798214285739,0.10075769230769117,221657710723019.38,28.6,0.0
nmda_excitotoxic,True,1.0,4.1,1.0,perampanel,4,20261203,6,0.9741421208800244,1.0,0.025857879119975637,23.1,42.49782608695652,6.343272378878852,0.4528140269359149,-0.5182203571428594,0.10300769230769125,179819178977670.4,28.6,0.1923076923076923
nmda_excitotoxic,True,1.0,4.1,1.0,perampanel,4,20261203,8,0.9676668921927091,1.0,0.03233310780729098,20.5,47.91421568627451,6.078777879761541,0.3935378667306414,-0.5251344642857163,0.08903076923076816,134861651325425.28,28.6,0.28321678321678323
nmda_excitotoxic,True,1.0,4.1,1.0,perampanel,4,20261203,10,0.9615904074078002,1.0,0.03840959259219974,20.1,48.87,6.129689457752094,0.3920648431992662,-0.5228371428571456,0.09005384615384511,134844634942326.4,28.6,0.2972027972027972
nmda_excitotoxic,True,1.0,4.1,1.0,perampanel,4,20261203,12,0.9558253497558058,1.0,0.044174650244194216,17.7,55.53409090909091,6.24654288920677,0.34672456451935957,-0.523933214285718,0.08909230769230501,130219673164294.94,28.6,0.38111888111888115
nmda_excitotoxic,True,1.0,4.1,1.0,perampanel,4,20261203,14,0.9503156200134328,1.0,0.049684379986567204,0.0,nan,4.53560517836622,0.0,-0.804438928571426,0.030165384615384584,0.0,28.6,1.0
nmda_excitotoxic,True,1.0,4.1,1.0,perampanel,4,20261203,16,0.9450221738818855,1.0,0.05497782611811456,0.0,nan,4.511449457791293,0.0,-0.808950535714282,0.029499999999999933,0.0,28.6,1.0
nmda_excitotoxic,True,1.0,4.1,1.0,perampanel,4,20261203,18,0.9399162876906435,1.0,0.06008371230935653,0.0,nan,4.488199073559794,0.0,-0.8130524999999962,0.028861538461538397,0.0,28.6,1.0
nmda_excitotoxic,True,1.0,4.1,1.0,perampanel,4,20261203,22,0.9301837569953113,1.0,0.06981624300468868,0.0,nan,4.443777261168809,0.0,-0.8181121428571391,0.027773076923076827,0.0,28.6,1.0
nmda_excitotoxic,True,1.0,4.1,1.0,memantine,4,20261203,0,1.0,1.0,0.0,28.6,34.296491228070174,5.893408782614432,0.5162367558744999,-0.5062798214285739,0.10075769230769117,221657710723019.38,28.6,0.0
nmda_excitotoxic,True,1.0,4.1,1.0,memantine,4,20261203,50,0.9268452221991218,1.0,0.07315477780087822,22.3,44.02927927927928,6.524966890475449,0.4422313590479455,-0.5107969642857173,0.10861538461538325,20008151209469.727,28.6,0.22027972027972031
nmda_excitotoxic,True,1.0,4.1,1.0,memantine,4,20261203,100,0.870062755069906,1.0,0.12993724493009393,21.6,45.46279069767442,6.477826937022011,0.4158941969074225,-0.5121587500000031,0.1068499999999989,3494276915209.136,28.6,0.2447552447552448
nmda_excitotoxic,True,1.0,4.1,1.0,memantine,4,20261203,125,0.8450406189991146,1.0,0.15495938100088538,21.4,45.889671361502344,6.42733744266882,0.4012676978435386,-0.5128451785714317,0.10517692307692175,1600776675814.362,28.6,0.2517482517482519
nmda_excitotoxic,True,1.0,4.1,1.0,memantine,4,20261203,150,0.8217846664011272,1.0,0.1782153335988728,21.1,46.5452380952381,6.431818067066791,0.3703415461748943,-0.5132216071428604,0.10505769230769113,766078864414.5405,28.6,0.2622377622377622
nmda_excitotoxic,True,1.0,4.1,1.0,memantine,4,20261203,175,0.8000596497582824,1.0,0.19994035024171763,18.8,52.27005347593583,6.4155584181150145,0.3234460167300666,-0.5207003571428604,0.09998461538461277,378722809985.9226,28.6,0.3426573426573427
nmda_excitotoxic,True,1.0,4.1,1.0,memantine,4,20261203,200,0.7796827121197533,1.0,0.22031728788024676,18.6,52.83513513513513,6.382422331427812,0.31701523180410934,-0.5204291071428605,0.09896538461538212,196029402239.20956,28.6,0.3496503496503496
nmda_excitotoxic,True,1.0,4.1,1.0,memantine,4,20261203,250,0.7424088119900276,1.0,0.2575911880099724,18.1,54.30277777777778,6.369887054620601,0.3232408894176051,-0.5213591071428607,0.0981307692307669,63640673505.997475,28.6,0.3671328671328671
nmda_excitotoxic,True,1.0,4.1,1.0,memantine,4,20261203,350,0.6789546199580587,1.0,0.3210453800419412,17.2,57.16081871345029,6.247228372558575,0.33332212295578295,-0.5235291071428606,0.09380384615384431,8913343361.45345,28.6,0.39860139860139865
nmda_excitotoxic,True,1.0,4.1,1.0,memantine,4,20261203,500,0.6036820500876947,1.0,0.39631794991230535,17.1,57.497058823529414,6.202190067231389,0.3101724997128953,-0.5225492857142894,0.09287692307692184,913206700.6149508,28.6,0.4020979020979021
nmda_excitotoxic,True,1.0,4.1,1.0,diazepam,4,20261203,0,1.0,1.0,0.0,28.6,34.296491228070174,5.893408782614432,0.5162367558744999,-0.5062798214285739,0.10075769230769117,221657710723019.38,28.6,0.0
nmda_excitotoxic,True,1.0,4.1,1.0,diazepam,4,20261203,2.5,1.4636363636363636,1.4636363636363636,0.4636363636363636,28.4,34.53886925795053,5.945512257957975,0.5162367558744999,-0.7899148749999888,0.10197307692307575,221657710723019.38,28.6,0.006993006993007089
nmda_excitotoxic,True,1.0,4.1,1.0,diazepam,4,20261203,5,1.8499999999999999,1.8499999999999999,0.8499999999999999,28.0,35.03225806451613,6.033887676040526,0.5165506912049406,-1.0275481428572095,0.1042769230769219,221595049914349.94,28.6,0.020979020979021046
nmda_excitotoxic,True,1.0,4.1,1.0,diazepam,4,20261203,7.5,2.1769230769230767,2.1769230769230767,1.1769230769230767,0.0,nan,4.872443780882387,0.021325124999999993,-2.559028666208542,0.038707692307692596,565729702416.0453,28.6,1.0
nmda_excitotoxic,True,1.0,4.1,1.0,diazepam,4,20261203,10,2.457142857142857,2.457142857142857,1.4571428571428569,0.0,nan,4.8767174147064685,0.021325124999999993,-3.018061622449026,0.038434615384615685,565729702416.0453,28.6,1.0
nmda_excitotoxic,True,1.0,4.1,1.0,diazepam,4,20261203,12.5,2.6999999999999997,2.6999999999999997,1.6999999999999997,0.0,nan,4.882333833722421,0.021325124999999993,-3.628125964285401,0.03806923076923107,565729702416.0453,28.6,1.0
nmda_excitotoxic,True,1.0,4.1,1.0,diazepam,4,20261203,15,2.9124999999999996,2.9124999999999996,1.9124999999999996,0.0,nan,4.885839119149786,0.021325124999999993,-4.063920988839292,0.03781923076923107,565729702416.0453,28.6,1.0
nmda_excitotoxic,True,1.0,4.1,1.0,diazepam,4,20261203,20,3.2666666666666666,3.2666666666666666,2.2666666666666666,0.0,nan,4.892157691664247,0.021325124999999993,-4.795085166666682,0.03746923076923102,565729702416.0453,28.6,1.0
nmda_excitotoxic,True,1.0,4.1,1.0,diazepam,4,20261203,30,3.7818181818181813,3.7818181818181813,2.7818181818181813,0.0,nan,4.905413487609764,0.021325124999999993,-6.851502441558303,0.03664615384615408,565729702416.0453,28.6,1.0
nmda_excitotoxic,True,1.0,4.1,1.0,diazepam,4,20261203,60,4.6,4.6,3.5999999999999996,0.0,nan,4.929901461410137,0.021325124999999993,-11.188370535714391,0.03492692307692328,565729702416.0453,28.6,1.0
nmda_excitotoxic,True,1.0,4.1,1.0,perampanel,5,20261204,0,1.0,1.0,0.0,19.4,50.64248704663213,6.73974351031001,0.42566798646528753,-0.5287382142857201,0.10857692307691993,183477479790902.88,19.4,0.0
nmda_excitotoxic,True,1.0,4.1,1.0,perampanel,5,20261204,6,0.9741421208800244,1.0,0.025857879119975637,19.0,51.714285714285715,6.670631958584757,0.42731371189085476,-0.5292087500000059,0.10582692307691978,176338289349809.22,19.4,0.020618556701030855
nmda_excitotoxic,True,1.0,4.1,1.0,perampanel,5,20261204,8,0.9676668921927091,1.0,0.03233310780729098,18.9,51.986702127659576,6.6446600062726775,0.41664702852136226,-0.5298675000000062,0.10502307692307379,173561384341284.3,19.4,0.02577319587628868
nmda_excitotoxic,True,1.0,4.1,1.0,perampanel,5,20261204,10,0.9615904074078002,1.0,0.03840959259219974,18.9,51.986702127659576,6.61859657535608,0.4056863398447936,-0.5299117857142919,0.10429999999999684,172376928311176.5,19.4,0.02577319587628868
nmda_excitotoxic,True,1.0,4.1,1.0,perampanel,5,20261204,12,0.9558253497558058,1.0,0.044174650244194216,6.7,46.28030303030303,5.244075069047874,0.17849621132343127,-0.7123800000000047,0.05668461538461555,27014917509887.68,19.4,0.6546391752577319
nmda_excitotoxic,True,1.0,4.1,1.0,perampanel,5,20261204,14,0.9503156200134328,1.0,0.049684379986567204,6.2,50.07377049180328,4.955574877140576,0.15050988810080115,-0.7185301785714333,0.0466115384615386,21853994213460.535,19.4,0.6804123711340206
nmda_excitotoxic,True,1.0,4.1,1.0,perampanel,5,20261204,16,0.9450221738818855,1.0,0.05497782611811456,6.2,50.07377049180328,4.932411964789451,0.15050988810080115,-0.7212703571428615,0.04604615384615397,21853994213460.535,19.4,0.6804123711340206
nmda_excitotoxic,True,1.0,4.1,1.0,perampanel,5,20261204,18,0.9399162876906435,1.0,0.06008371230935653,6.2,50.07377049180328,4.910906729668039,0.15054705085113493,-0.719908571428576,0.045526923076923215,21855012683114.09,19.4,0.6804123711340206
nmda_excitotoxic,True,1.0,4.1,1.0,perampanel,5,20261204,22,0.9301837569953113,1.0,0.06981624300468868,6.2,50.07377049180328,4.868343411804409,0.15054705085113493,-0.7269167857142891,0.044403846153846266,21855012683114.09,19.4,0.6804123711340206
nmda_excitotoxic,True,1.0,4.1,1.0,memantine,5,20261204,0,1.0,1.0,0.0,19.4,50.64248704663213,6.73974351031001,0.42566798646528753,-0.5287382142857201,0.10857692307691993,183477479790902.88,19.4,0.0
nmda_excitotoxic,True,1.0,4.1,1.0,memantine,5,20261204,50,0.9268452221991218,1.0,0.07315477780087822,19.1,51.44210526315789,6.624319986337183,0.3745997091646525,-0.5293194642857201,0.10554230769230469,18931174121899.32,19.4,0.01546391752577303
nmda_excitotoxic,True,1.0,4.1,1.0,memantine,5,20261204,100,0.870062755069906,1.0,0.12993724493009393,18.8,52.26737967914438,6.528935440938311,0.3448443733999875,-0.5295796428571488,0.10292692307692011,3312754309077.0063,19.4,0.030927835051546282
nmda_excitotoxic,True,1.0,4.1,1.0,memantine,5,20261204,125,0.8450406189991146,1.0,0.15495938100088538,18.9,51.98936170212766,6.4941861040699855,0.34538200413841647,-0.5283673214285773,0.1018769230769201,1576748852569.186,19.4,0.02577319587628868
nmda_excitotoxic,True,1.0,4.1,1.0,memantine,5,20261204,150,0.8217846664011272,1.0,0.1782153335988728,18.8,52.26737967914438,6.455546926419005,0.32654319392058556,-0.5285223214285774,0.10081538461538181,755346858777.1016,19.4,0.030927835051546282
nmda_excitotoxic,True,1.0,4.1,1.0,memantine,5,20261204,175,0.8000596497582824,1.0,0.19994035024171763,18.8,52.26737967914438,6.414849611947938,0.31251455792551924,-0.5277473214285773,0.09960384615384357,384402000962.54095,19.4,0.030927835051546282
nmda_excitotoxic,True,1.0,4.1,1.0,memantine,5,20261204,200,0.7796827121197533,1.0,0.22031728788024676,18.7,52.54838709677419,6.382735064343524,0.30571194245567657,-0.5277694642857202,0.09861923076922824,207274533011.68167,19.4,0.03608247422680411
nmda_excitotoxic,True,1.0,4.1,1.0,memantine,5,20261204,250,0.7424088119900276,1.0,0.2575911880099724,18.7,52.54838709677419,6.320986889305088,0.2901257698140452,-0.5281348214285775,0.09668461538461301,67154469726.36106,19.4,0.03608247422680411
nmda_excitotoxic,True,1.0,4.1,1.0,memantine,5,20261204,350,0.6789546199580587,1.0,0.3210453800419412,17.7,55.53409090909091,6.21696891427124,0.30414365850069497,-0.5307532142857202,0.09313846153845971,9393271750.368921,19.4,0.08762886597938147
nmda_excitotoxic,True,1.0,4.1,1.0,memantine,5,20261204,500,0.6036820500876947,1.0,0.39631794991230535,17.1,57.49411764705882,6.156887006236729,0.2700490107394583,-0.533133571428577,0.0903999999999986,934449181.9975109,19.4,0.11855670103092775
nmda_excitotoxic,True,1.0,4.1,1.0,diazepam,5,20261204,0,1.0,1.0,0.0,19.4,50.64248704663213,6.73974351031001,0.42566798646528753,-0.5287382142857201,0.10857692307691993,183477479790902.88,19.4,0.0
nmda_excitotoxic,True,1.0,4.1,1.0,diazepam,5,20261204,2.5,1.4636363636363636,1.4636363636363636,0.4636363636363636,19.3,50.90625,6.767171025147927,0.41953291088951983,-0.8342586136363485,0.10897692307692004,182207079685118.4,19.4,0.005154639175257603
nmda_excitotoxic,True,1.0,4.1,1.0,diazepam,5,20261204,5,1.8499999999999999,1.8499999999999999,0.8499999999999999,19.2,51.17015706806283,6.801494928118614,0.4191176021695598,-1.1611019553572177,0.10949230769230471,182123571735084.34,19.4,0.010309278350515427
nmda_excitotoxic,True,1.0,4.1,1.0,diazepam,5,20261204,7.5,2.1769230769230767,2.1769230769230767,1.1769230769230767,7.2,43.014084507042256,5.4468717907954645,0.19023784223130843,-2.2430801579668582,0.060780769230769076,30988931270791.3,19.4,0.6288659793814433
nmda_excitotoxic,True,1.0,4.1,1.0,diazepam,5,20261204,10,2.457142857142857,2.457142857142857,1.4571428571428569,7.2,43.014084507042256,5.4520145652358005,0.19023784223130843,-2.6112109795918843,0.06056153846153836,30988931270791.3,19.4,0.6288659793814433
nmda_excitotoxic,True,1.0,4.1,1.0,diazepam,5,20261204,12.5,2.6999999999999997,2.6999999999999997,1.6999999999999997,7.2,43.014084507042256,5.4601314636993665,0.19023784223130843,-3.0101210357140284,0.0603499999999999,30988931270791.3,19.4,0.6288659793814433
nmda_excitotoxic,True,1.0,4.1,1.0,diazepam,5,20261204,15,2.9124999999999996,2.9124999999999996,1.9124999999999996,7.2,43.014084507042256,5.463893704704033,0.19023784223130843,-3.4549479241071395,0.060046153846153826,30988931270791.3,19.4,0.6288659793814433
nmda_excitotoxic,True,1.0,4.1,1.0,diazepam,5,20261204,20,3.2666666666666666,3.2666666666666666,2.2666666666666666,7.2,43.014084507042256,5.470011367343896,0.1899454852720294,-4.096562166666692,0.05975,30981575376508.11,19.4,0.6288659793814433
nmda_excitotoxic,True,1.0,4.1,1.0,diazepam,5,20261204,30,3.7818181818181813,3.7818181818181813,2.7818181818181813,5.4,43.905660377358494,5.191441574334228,0.1165348925567424,-5.80514696103892,0.04850769230769243,16677828475078.967,19.4,0.7216494845360824
nmda_excitotoxic,True,1.0,4.1,1.0,diazepam,5,20261204,60,4.6,4.6,3.5999999999999996,5.3,44.74038461538461,5.22884861063403,0.11631596199933253,-9.320234142857212,0.04718076923076933,15829782622735.709,19.4,0.7268041237113402
nmda_excitotoxic,True,1.0,4.1,1.0,perampanel,6,20261205,0,1.0,1.0,0.0,24.3,40.39049586776859,6.289828196683103,0.47205706389352525,-0.5294301785714335,0.10174999999999862,181825378951682.34,24.3,0.0
nmda_excitotoxic,True,1.0,4.1,1.0,perampanel,6,20261205,6,0.9741421208800244,1.0,0.025857879119975637,22.3,44.02927927927928,6.3835970544471685,0.4761219644859819,-0.5278746428571477,0.10177307692307583,163683690882731.1,24.3,0.08230452674897115
nmda_excitotoxic,True,1.0,4.1,1.0,perampanel,6,20261205,8,0.9676668921927091,1.0,0.03233310780729098,21.6,45.46046511627907,6.4636439227117535,0.47557516256675625,-0.522217142857148,0.10381538461538348,162094423660376.66,24.3,0.11111111111111105
nmda_excitotoxic,True,1.0,4.1,1.0,perampanel,6,20261205,10,0.9615904074078002,1.0,0.03840959259219974,21.0,46.76555023923445,6.495590043943028,0.47219132931408614,-0.5222614285714338,0.10451538461538339,160199969470325.5,24.3,0.13580246913580252
nmda_excitotoxic,True,1.0,4.1,1.0,perampanel,6,20261205,12,0.9558253497558058,1.0,0.044174650244194216,21.0,46.76555023923445,6.489576368761465,0.4839873556992664,-0.5210380357142909,0.10414615384615243,162823784461622.84,24.3,0.13580246913580252
nmda_excitotoxic,True,1.0,4.1,1.0,perampanel,6,20261205,14,0.9503156200134328,1.0,0.049684379986567204,20.7,47.44660194174757,6.542665929666175,0.4995336730223641,-0.5214366071428623,0.10544230769230625,165566932370293.66,24.3,0.14814814814814825
nmda_excitotoxic,True,1.0,4.1,1.0,perampanel,6,20261205,16,0.9450221738818855,1.0,0.05497782611811456,18.9,51.98936170212766,6.555925158615986,0.4685322969042063,-0.5201357142857194,0.10337307692307458,153946291613631.78,24.3,0.22222222222222232
nmda_excitotoxic,True,1.0,4.1,1.0,perampanel,6,20261205,18,0.9399162876906435,1.0,0.06008371230935653,0.0,nan,4.486931650894941,0.0,-0.8207360714285663,0.02894230769230768,0.0,24.3,1.0
nmda_excitotoxic,True,1.0,4.1,1.0,perampanel,6,20261205,22,0.9301837569953113,1.0,0.06981624300468868,0.0,nan,4.442558707874714,0.0,-0.8282037499999897,0.027884615384615313,0.0,24.3,1.0
nmda_excitotoxic,True,1.0,4.1,1.0,memantine,6,20261205,0,1.0,1.0,0.0,24.3,40.39049586776859,6.289828196683103,0.47205706389352525,-0.5294301785714335,0.10174999999999862,181825378951682.34,24.3,0.0
nmda_excitotoxic,True,1.0,4.1,1.0,memantine,6,20261205,50,0.9268452221991218,1.0,0.07315477780087822,22.2,44.22850678733032,6.552773548818822,0.4801632907635669,-0.518192678571433,0.10892307692307543,20399007584247.082,24.3,0.0864197530864198
nmda_excitotoxic,True,1.0,4.1,1.0,memantine,6,20261205,100,0.870062755069906,1.0,0.12993724493009393,21.6,45.46279069767442,6.501288191947077,0.4393626289933043,-0.5113782142857186,0.1071499999999986,3482908435697.782,24.3,0.11111111111111105
nmda_excitotoxic,True,1.0,4.1,1.0,memantine,6,20261205,125,0.8450406189991146,1.0,0.15495938100088538,19.9,49.36616161616162,6.472107467307651,0.40927984184565297,-0.5179103571428618,0.10387692307692088,1502706231496.9307,24.3,0.1810699588477367
nmda_excitotoxic,True,1.0,4.1,1.0,memantine,6,20261205,150,0.8217846664011272,1.0,0.1782153335988728,19.9,49.36616161616162,6.430421951864905,0.39555810572918326,-0.5179103571428618,0.10258461538461315,742259479220.6934,24.3,0.1810699588477367
nmda_excitotoxic,True,1.0,4.1,1.0,memantine,6,20261205,175,0.8000596497582824,1.0,0.19994035024171763,19.8,49.61675126903553,6.398152502652557,0.3808400118948455,-0.5181650000000048,0.1012807692307671,379547935023.9681,24.3,0.18518518518518523
nmda_excitotoxic,True,1.0,4.1,1.0,memantine,6,20261205,200,0.7796827121197533,1.0,0.22031728788024676,19.6,50.12820512820513,6.371062629163998,0.37112417039019663,-0.5183864285714332,0.10031153846153648,203469581103.7208,24.3,0.1934156378600823
nmda_excitotoxic,True,1.0,4.1,1.0,memantine,6,20261205,250,0.7424088119900276,1.0,0.2575911880099724,19.0,51.71957671957672,6.357588526972481,0.35170554438843893,-0.527636607142862,0.0998999999999981,64315919174.653564,24.3,0.21810699588477367
nmda_excitotoxic,True,1.0,4.1,1.0,memantine,6,20261205,350,0.6789546199580587,1.0,0.3210453800419412,17.7,55.53977272727273,6.275534851203897,0.35884863741110395,-0.5315337500000049,0.0966961538461522,8750398574.357841,24.3,0.27160493827160503
nmda_excitotoxic,True,1.0,4.1,1.0,memantine,6,20261205,500,0.6036820500876947,1.0,0.39631794991230535,16.7,58.8855421686747,6.283389226290764,0.32640982030138205,-0.5327073214285766,0.09539615384615228,919679306.0181881,24.3,0.31275720164609055
nmda_excitotoxic,True,1.0,4.1,1.0,diazepam,6,20261205,0,1.0,1.0,0.0,24.3,40.39049586776859,6.289828196683103,0.47205706389352525,-0.5294301785714335,0.10174999999999862,181825378951682.34,24.3,0.0
nmda_excitotoxic,True,1.0,4.1,1.0,diazepam,6,20261205,2.5,1.4636363636363636,1.4636363636363636,0.4636363636363636,24.0,40.89748953974895,6.348280110083639,0.47005402162049487,-0.8366001704545293,0.10298846153846021,181544722972560.78,24.3,0.012345679012345734
nmda_excitotoxic,True,1.0,4.1,1.0,diazepam,6,20261205,5,1.8499999999999999,1.8499999999999999,0.8499999999999999,24.0,40.89539748953975,6.354026603139964,0.4701329924649541,-1.1172906517857835,0.10297307692307563,181498025481189.16,24.3,0.012345679012345734
nmda_excitotoxic,True,1.0,4.1,1.0,diazepam,6,20261205,7.5,2.1769230769230767,2.1769230769230767,1.1769230769230767,23.8,41.24050632911393,6.436847774286902,0.5193861491154884,-1.621546850274611,0.10470769230769081,188078092805633.1,24.3,0.020576131687242816
nmda_excitotoxic,True,1.0,4.1,1.0,diazepam,6,20261205,10,2.457142857142857,2.457142857142857,1.4571428571428569,8.9,34.71022727272727,5.317937079048814,0.20533476000500678,-2.6386735000000625,0.06001153846153869,29772496225997.363,24.3,0.6337448559670782
nmda_excitotoxic,True,1.0,4.1,1.0,diazepam,6,20261205,12.5,2.6999999999999997,2.6999999999999997,1.6999999999999997,8.9,34.70454545454545,5.324445511167517,0.20562846561248338,-3.084883071428312,0.059819230769231,30501876911337.42,24.3,0.6337448559670782
nmda_excitotoxic,True,1.0,4.1,1.0,diazepam,6,20261205,15,2.9124999999999996,2.9124999999999996,1.9124999999999996,8.9,34.70454545454545,5.331734480910184,0.20562846561248338,-3.52138985044643,0.059619230769231056,30501876911337.42,24.3,0.6337448559670782
nmda_excitotoxic,True,1.0,4.1,1.0,diazepam,6,20261205,20,3.2666666666666666,3.2666666666666666,2.2666666666666666,8.7,35.51162790697674,5.348606318253024,0.21092520648364488,-4.149998416666687,0.059553846153846506,30382831755455.47,24.3,0.6419753086419753
nmda_excitotoxic,True,1.0,4.1,1.0,diazepam,6,20261205,30,3.7818181818181813,3.7818181818181813,2.7818181818181813,7.1,33.24285714285714,5.285665771314809,0.1504009472963953,-5.79273246753243,0.05226538461538515,16779437461344.607,24.3,0.7078189300411523
nmda_excitotoxic,True,1.0,4.1,1.0,diazepam,6,20261205,60,4.6,4.6,3.5999999999999996,7.1,33.24285714285714,5.312151783113882,0.1552597521278372,-9.167295642857155,0.05108076923076989,17329174916194.916,24.3,0.7078189300411523
nmda_excitotoxic,True,1.0,4.1,1.0,perampanel,7,20261206,0,1.0,1.0,0.0,24.6,39.89387755102041,6.230829165584507,0.5271183987817092,-0.5125683928571448,0.10663076923076725,185757291009661.5,24.6,0.0
nmda_excitotoxic,True,1.0,4.1,1.0,perampanel,7,20261206,6,0.9741421208800244,1.0,0.025857879119975637,23.7,41.41525423728814,6.223264793450892,0.5664559941839122,-0.5161832142857167,0.10461153846153666,181714515065032.0,24.6,0.03658536585365857
nmda_excitotoxic,True,1.0,4.1,1.0,perampanel,7,20261206,8,0.9676668921927091,1.0,0.03233310780729098,23.3,42.12931034482759,6.271284226477985,0.5673481998915225,-0.511422500000003,0.10541538461538277,182147799007812.66,24.6,0.05284552845528456
nmda_excitotoxic,True,1.0,4.1,1.0,perampanel,7,20261206,10,0.9615904074078002,1.0,0.03840959259219974,21.5,45.67289719626168,5.938966976248306,0.49959039117156273,-0.5166094642857172,0.09012692307692165,134300077876582.1,24.6,0.1260162601626017
nmda_excitotoxic,True,1.0,4.1,1.0,perampanel,7,20261206,12,0.9558253497558058,1.0,0.044174650244194216,8.2,37.70987654320987,5.210430461993147,0.21475754018691592,-0.7091250000000043,0.05933461538461587,32757929007704.082,24.6,0.6666666666666667
nmda_excitotoxic,True,1.0,4.1,1.0,perampanel,7,20261206,14,0.9503156200134328,1.0,0.049684379986567204,8.2,37.70987654320987,5.186579551478638,0.21475754018691592,-0.7073480357142912,0.058626923076923604,32757929007704.082,24.6,0.6666666666666667
nmda_excitotoxic,True,1.0,4.1,1.0,perampanel,7,20261206,16,0.9450221738818855,1.0,0.05497782611811456,8.2,37.70987654320987,5.162164985944779,0.21475754018691592,-0.7135757142857186,0.0579500000000005,32757929007704.082,24.6,0.6666666666666667
nmda_excitotoxic,True,1.0,4.1,1.0,perampanel,7,20261206,18,0.9399162876906435,1.0,0.06008371230935653,6.6,46.99230769230769,5.07412425716662,0.15966301356809084,-0.7225657142857187,0.05445384615384656,20957382437479.062,24.6,0.7317073170731707
nmda_excitotoxic,True,1.0,4.1,1.0,perampanel,7,20261206,22,0.9301837569953113,1.0,0.06981624300468868,6.4,48.48412698412698,5.051236634370674,0.16212631950100145,-0.7253778571428614,0.05381538461538503,20235845473859.39,24.6,0.7398373983739838
nmda_excitotoxic,True,1.0,4.1,1.0,memantine,7,20261206,0,1.0,1.0,0.0,24.6,39.89387755102041,6.230829165584507,0.5271183987817092,-0.5125683928571448,0.10663076923076725,185757291009661.5,24.6,0.0
nmda_excitotoxic,True,1.0,4.1,1.0,memantine,7,20261206,50,0.9268452221991218,1.0,0.07315477780087822,22.7,43.24778761061947,6.426173024046125,0.5154030258042807,-0.5095901785714314,0.11028076923076739,20217423664975.816,24.6,0.07723577235772361
nmda_excitotoxic,True,1.0,4.1,1.0,memantine,7,20261206,100,0.870062755069906,1.0,0.12993724493009393,21.6,45.46046511627907,6.441781168146512,0.44876795497872324,-0.5136921428571459,0.1101423076923057,3357339653894.3906,24.6,0.12195121951219512
nmda_excitotoxic,True,1.0,4.1,1.0,memantine,7,20261206,125,0.8450406189991146,1.0,0.15495938100088538,21.5,45.67289719626168,6.391016248831765,0.4435874822027271,-0.5139744642857174,0.10876153846153631,1570730256155.1233,24.6,0.1260162601626017
nmda_excitotoxic,True,1.0,4.1,1.0,memantine,7,20261206,150,0.8217846664011272,1.0,0.1782153335988728,20.9,46.99038461538461,6.429969786526876,0.40780006209603487,-0.5127289285714325,0.10949999999999789,760753350621.3945,24.6,0.15040650406504075
nmda_excitotoxic,True,1.0,4.1,1.0,memantine,7,20261206,175,0.8000596497582824,1.0,0.19994035024171763,20.7,47.44660194174757,6.408914554184059,0.3954783717797523,-0.5129005357142896,0.10858076923076698,384851847387.79285,24.6,0.1585365853658537
nmda_excitotoxic,True,1.0,4.1,1.0,memantine,7,20261206,200,0.7796827121197533,1.0,0.22031728788024676,20.6,47.678048780487806,6.372088000862512,0.3800804138494047,-0.5127566071428611,0.10735769230769016,205960961677.04868,24.6,0.16260162601626016
nmda_excitotoxic,True,1.0,4.1,1.0,memantine,7,20261206,250,0.7424088119900276,1.0,0.2575911880099724,20.6,47.678048780487806,6.345806562927491,0.3893473632091008,-0.5149155357142898,0.106661538461536,69326147724.71613,24.6,0.16260162601626016
nmda_excitotoxic,True,1.0,4.1,1.0,memantine,7,20261206,350,0.6789546199580587,1.0,0.3210453800419412,20.0,49.11557788944724,6.277134182748601,0.3377338254698141,-0.5151701785714329,0.10359999999999778,9796914213.984102,24.6,0.1869918699186992
nmda_excitotoxic,True,1.0,4.1,1.0,memantine,7,20261206,500,0.6036820500876947,1.0,0.39631794991230535,19.3,50.90625,6.227095006323753,0.3156452024344453,-0.5196485714285757,0.10137692307692121,1039620105.8512082,24.6,0.21544715447154472
nmda_excitotoxic,True,1.0,4.1,1.0,diazepam,7,20261206,0,1.0,1.0,0.0,24.6,39.89387755102041,6.230829165584507,0.5271183987817092,-0.5125683928571448,0.10663076923076725,185757291009661.5,24.6,0.0
nmda_excitotoxic,True,1.0,4.1,1.0,diazepam,7,20261206,2.5,1.4636363636363636,1.4636363636363636,0.4636363636363636,24.4,40.22222222222222,6.276057690927572,0.5271183987817092,-0.8074076818181736,0.107596153846152,185757291009661.5,24.6,0.008130081300813163
nmda_excitotoxic,True,1.0,4.1,1.0,diazepam,7,20261206,5,1.8499999999999999,1.8499999999999999,0.8499999999999999,24.7,39.73170731707317,6.223200820500892,0.4992180893441258,-1.1211003303572133,0.10513076923076739,171157502855051.0,24.6,-0.00406504065040636
nmda_excitotoxic,True,1.0,4.1,1.0,diazepam,7,20261206,7.5,2.1769230769230767,2.1769230769230767,1.1769230769230767,9.3,33.19565217391305,5.2564724512081105,0.21556283301068102,-2.1976244491756494,0.058934615384615814,33075343585957.53,24.6,0.6219512195121951
nmda_excitotoxic,True,1.0,4.1,1.0,diazepam,7,20261206,10,2.457142857142857,2.457142857142857,1.4571428571428569,8.9,34.70454545454545,5.332690182133776,0.21133452121161558,-2.6060966122449596,0.060842307692308,32149227092316.14,24.6,0.6382113821138211
nmda_excitotoxic,True,1.0,4.1,1.0,diazepam,7,20261206,12.5,2.6999999999999997,2.6999999999999997,1.6999999999999997,8.9,34.70454545454545,5.336315242385312,0.21133452121161558,-3.0756312321426122,0.06058076923076954,32149227092316.14,24.6,0.6382113821138211
nmda_excitotoxic,True,1.0,4.1,1.0,diazepam,7,20261206,15,2.9124999999999996,2.9124999999999996,1.9124999999999996,8.9,34.70454545454545,5.344120745792395,0.21133452121161558,-3.467878383928569,0.06043461538461566,32149227092316.14,24.6,0.6382113821138211
nmda_excitotoxic,True,1.0,4.1,1.0,diazepam,7,20261206,20,3.2666666666666666,3.2666666666666666,2.2666666666666666,8.8,35.09770114942529,5.357538989132822,0.22081701653871838,-4.154627750000032,0.060188461538461864,32872384817765.613,24.6,0.6422764227642277
nmda_excitotoxic,True,1.0,4.1,1.0,diazepam,7,20261206,30,3.7818181818181813,3.7818181818181813,2.7818181818181813,5.3,44.75,5.221505032323057,0.11589893000667566,-5.88042945454534,0.04887307692307703,15985554447417.434,24.6,0.7845528455284553
nmda_excitotoxic,True,1.0,4.1,1.0,diazepam,7,20261206,60,4.6,4.6,3.5999999999999996,5.4,43.905660377358494,5.414952360971635,0.15159277767857146,-9.260087500000086,0.05259615384615413,17605780961165.258,24.6,0.7804878048780488
nmda_excitotoxic,True,1.0,4.1,1.0,perampanel,8,20261207,0,1.0,1.0,0.0,38.5,25.453125,5.148740989547297,0.8773140091371845,-0.49153821428571765,0.1012423076923052,330211574061683.6,38.5,0.0
nmda_excitotoxic,True,1.0,4.1,1.0,perampanel,8,20261207,6,0.9741421208800244,1.0,0.025857879119975637,36.9,26.559782608695652,5.379113235247615,0.8727755082526711,-0.4961660714285761,0.10546538461538243,344772126775249.94,38.5,0.04155844155844157
nmda_excitotoxic,True,1.0,4.1,1.0,perampanel,8,20261207,8,0.9676668921927091,1.0,0.03233310780729098,35.7,27.45505617977528,5.56819104662163,0.8916143253755019,-0.4949869642857172,0.11044615384615222,358454337971919.25,38.5,0.07272727272727264
nmda_excitotoxic,True,1.0,4.1,1.0,perampanel,8,20261207,10,0.9615904074078002,1.0,0.03840959259219974,21.8,45.04377880184332,6.515202024144656,0.4618360338284387,-0.5163935714285768,0.10583076923076754,189186313896174.44,38.5,0.4337662337662338
nmda_excitotoxic,True,1.0,4.1,1.0,perampanel,8,20261207,12,0.9558253497558058,1.0,0.044174650244194216,21.4,45.889671361502344,6.5511851865015345,0.46140551535380575,-0.5164489285714337,0.10672307692307516,187720901322578.28,38.5,0.4441558441558442
nmda_excitotoxic,True,1.0,4.1,1.0,perampanel,8,20261207,14,0.9503156200134328,1.0,0.049684379986567204,21.4,45.889671361502344,6.530425099863596,0.457040390687584,-0.5164489285714337,0.10614230769230591,186513904359716.97,38.5,0.4441558441558442
nmda_excitotoxic,True,1.0,4.1,1.0,perampanel,8,20261207,16,0.9450221738818855,1.0,0.05497782611811456,18.9,51.99202127659574,6.581806622895607,0.4259404134012021,-0.5255164285714341,0.10320769230768906,176380308106546.47,38.5,0.5090909090909091
nmda_excitotoxic,True,1.0,4.1,1.0,perampanel,8,20261207,18,0.9399162876906435,1.0,0.06008371230935653,0.0,nan,4.486020068384882,0.0,-0.8128033928571402,0.028949999999999976,0.0,38.5,1.0
nmda_excitotoxic,True,1.0,4.1,1.0,perampanel,8,20261207,22,0.9301837569953113,1.0,0.06981624300468868,0.0,nan,4.441606996675372,0.0,-0.8133514285714287,0.027826923076922992,0.0,38.5,1.0
nmda_excitotoxic,True,1.0,4.1,1.0,memantine,8,20261207,0,1.0,1.0,0.0,38.5,25.453125,5.148740989547297,0.8773140091371845,-0.49153821428571765,0.1012423076923052,330211574061683.6,38.5,0.0
nmda_excitotoxic,True,1.0,4.1,1.0,memantine,8,20261207,50,0.9268452221991218,1.0,0.07315477780087822,34.4,28.495626822157433,5.67312833112622,0.8752421805932057,-0.49689678571429047,0.11349230769230612,38662023660047.695,38.5,0.10649350649350653
nmda_excitotoxic,True,1.0,4.1,1.0,memantine,8,20261207,100,0.870062755069906,1.0,0.12993724493009393,29.9,32.79865771812081,6.287173082895539,0.7912133597540272,-0.48540464285714724,0.12651923076922963,6471589838561.062,38.5,0.22337662337662345
nmda_excitotoxic,True,1.0,4.1,1.0,memantine,8,20261207,125,0.8450406189991146,1.0,0.15495938100088538,29.0,33.82006920415225,6.355953032255705,0.7409126409181469,-0.49387428571429,0.12782692307692206,2994597183514.2583,38.5,0.24675324675324672
nmda_excitotoxic,True,1.0,4.1,1.0,memantine,8,20261207,150,0.8217846664011272,1.0,0.1782153335988728,28.3,34.659574468085104,6.388261685316923,0.6754281444663802,-0.497035178571433,0.1285115384615372,1407025594390.2893,38.5,0.2649350649350649
nmda_excitotoxic,True,1.0,4.1,1.0,memantine,8,20261207,175,0.8000596497582824,1.0,0.19994035024171763,24.8,39.572874493927124,6.511421710947527,0.5281469341699225,-0.505250178571434,0.1260230769230755,575824107444.5992,38.5,0.35584415584415585
nmda_excitotoxic,True,1.0,4.1,1.0,memantine,8,20261207,200,0.7796827121197533,1.0,0.22031728788024676,24.2,40.558091286307054,6.509438418318365,0.5053693885395294,-0.5061137500000055,0.12535384615384468,301153524352.56287,38.5,0.37142857142857144
nmda_excitotoxic,True,1.0,4.1,1.0,memantine,8,20261207,250,0.7424088119900276,1.0,0.2575911880099724,22.6,43.44222222222222,6.486355269612691,0.43752654170352295,-0.5112785714285769,0.12098076923076792,85788939222.13533,38.5,0.4129870129870129
nmda_excitotoxic,True,1.0,4.1,1.0,memantine,8,20261207,350,0.6789546199580587,1.0,0.3210453800419412,21.5,45.675233644859816,6.401373819125379,0.40855557919218766,-0.5150041071428632,0.1165307692307678,11970297950.025982,38.5,0.4415584415584416
nmda_excitotoxic,True,1.0,4.1,1.0,memantine,8,20261207,500,0.6036820500876947,1.0,0.39631794991230535,19.7,49.869897959183675,6.389187385368716,0.3972394707318864,-0.521486428571434,0.11319230769230608,1201549022.1502764,38.5,0.48831168831168836
nmda_excitotoxic,True,1.0,4.1,1.0,diazepam,8,20261207,0,1.0,1.0,0.0,38.5,25.453125,5.148740989547297,0.8773140091371845,-0.49153821428571765,0.1012423076923052,330211574061683.6,38.5,0.0
nmda_excitotoxic,True,1.0,4.1,1.0,diazepam,8,20261207,2.5,1.4636363636363636,1.4636363636363636,0.4636363636363636,38.1,25.721052631578946,5.228201425622709,0.8997367839202287,-0.7658430227272718,0.10309615384615121,338789815877292.6,38.5,0.010389610389610393
nmda_excitotoxic,True,1.0,4.1,1.0,diazepam,8,20261207,5,1.8499999999999999,1.8499999999999999,0.8499999999999999,38.0,25.788918205804748,5.294349332987702,0.9282701338367843,-0.9940291160714896,0.10481923076922826,353139168243415.2,38.5,0.012987012987012991
nmda_excitotoxic,True,1.0,4.1,1.0,diazepam,8,20261207,7.5,2.1769230769230767,2.1769230769230767,1.1769230769230767,37.0,26.48780487804878,5.565606349451977,0.9546795126919245,-1.4350482953295585,0.1116153846153825,360032937534496.1,38.5,0.038961038961038974
nmda_excitotoxic,True,1.0,4.1,1.0,diazepam,8,20261207,10,2.457142857142857,2.457142857142857,1.4571428571428569,7.2,43.021126760563384,5.441517887112684,0.18095217461615504,-2.5740910102041332,0.06066538461538459,30352211894157.0,38.5,0.8129870129870129
nmda_excitotoxic,True,1.0,4.1,1.0,diazepam,8,20261207,12.5,2.6999999999999997,2.6999999999999997,1.6999999999999997,7.2,43.014084507042256,5.451131271650533,0.17766154793891872,-3.0294168749997414,0.06055000000000002,30955656925101.566,38.5,0.8129870129870129
nmda_excitotoxic,True,1.0,4.1,1.0,diazepam,8,20261207,15,2.9124999999999996,2.9124999999999996,1.9124999999999996,7.2,43.014084507042256,5.457227082543315,0.17766154793891872,-3.4742468772321677,0.06033846153846155,30955656925101.566,38.5,0.8129870129870129
nmda_excitotoxic,True,1.0,4.1,1.0,diazepam,8,20261207,20,3.2666666666666666,3.2666666666666666,2.2666666666666666,7.2,43.014084507042256,5.4694891829977035,0.17766154793891872,-4.083578333333332,0.06004615384615389,30955656925101.566,38.5,0.8129870129870129
nmda_excitotoxic,True,1.0,4.1,1.0,diazepam,8,20261207,30,3.7818181818181813,3.7818181818181813,2.7818181818181813,7.2,43.014084507042256,5.485926162708626,0.17766154793891872,-5.445021974025881,0.059534615384615464,30955656925101.566,38.5,0.8129870129870129
nmda_excitotoxic,True,1.0,4.1,1.0,diazepam,8,20261207,60,4.6,4.6,3.5999999999999996,5.6,42.31818181818182,5.385246587986508,0.13736476396862493,-8.800559000000108,0.05315000000000029,17843748759179.273,38.5,0.8545454545454545
nmda_excitotoxic,True,1.0,4.1,1.0,perampanel,9,20261208,0,1.0,1.0,0.0,37.5,26.13368983957219,5.200634733130725,0.7709851616655546,-0.4896892857142896,0.10169999999999749,302875301959027.0,37.5,0.0
nmda_excitotoxic,True,1.0,4.1,1.0,perampanel,9,20261208,6,0.9741421208800244,1.0,0.025857879119975637,23.7,41.41525423728814,6.295689214162798,0.5387379770277045,-0.5189178571428597,0.10647307692307467,191825226902062.7,37.5,0.368
nmda_excitotoxic,True,1.0,4.1,1.0,perampanel,9,20261208,8,0.9676668921927091,1.0,0.03233310780729098,23.2,42.311688311688314,6.3063696457315395,0.5472347603721638,-0.5188846428571455,0.10660769230769006,190528687902747.62,37.5,0.3813333333333333
nmda_excitotoxic,True,1.0,4.1,1.0,perampanel,9,20261208,10,0.9615904074078002,1.0,0.03840959259219974,22.9,42.86842105263158,6.346372349262231,0.5592743676068098,-0.51204803571429,0.10712692307692066,193182533161333.4,37.5,0.3893333333333334
nmda_excitotoxic,True,1.0,4.1,1.0,perampanel,9,20261208,12,0.9558253497558058,1.0,0.044174650244194216,22.5,43.63392857142857,6.396551197156965,0.5712197193174242,-0.5125628571428614,0.10818846153845904,192909780024156.4,37.5,0.4
nmda_excitotoxic,True,1.0,4.1,1.0,perampanel,9,20261208,14,0.9503156200134328,1.0,0.049684379986567204,20.6,47.678048780487806,6.074175228526444,0.5468746713034054,-0.5190839285714328,0.09343846153845925,144303103952697.8,37.5,0.45066666666666666
nmda_excitotoxic,True,1.0,4.1,1.0,perampanel,9,20261208,16,0.9450221738818855,1.0,0.05497782611811456,20.0,49.11557788944724,6.131031724020747,0.5480788642940596,-0.517362321428576,0.09474230769230531,143799547419281.88,37.5,0.4666666666666667
nmda_excitotoxic,True,1.0,4.1,1.0,perampanel,9,20261208,18,0.9399162876906435,1.0,0.06008371230935653,16.7,58.87951807228916,5.973532567687901,0.36782191782376517,-0.5299394642857191,0.0814269230769231,111034174489025.17,37.5,0.5546666666666666
nmda_excitotoxic,True,1.0,4.1,1.0,perampanel,9,20261208,22,0.9301837569953113,1.0,0.06981624300468868,0.0,nan,4.443221798294888,0.0,-0.824893392857141,0.027746153846153733,0.0,37.5,1.0
nmda_excitotoxic,True,1.0,4.1,1.0,memantine,9,20261208,0,1.0,1.0,0.0,37.5,26.13368983957219,5.200634733130725,0.7709851616655546,-0.4896892857142896,0.10169999999999749,302875301959027.0,37.5,0.0
nmda_excitotoxic,True,1.0,4.1,1.0,memantine,9,20261208,50,0.9268452221991218,1.0,0.07315477780087822,34.3,28.57894736842105,5.518845693945372,0.8803551181856365,-0.4967196428571462,0.11035769230769038,36642307296461.22,37.5,0.08533333333333337
nmda_excitotoxic,True,1.0,4.1,1.0,memantine,9,20261208,100,0.870062755069906,1.0,0.12993724493009393,29.8,32.90909090909091,6.303871734389585,0.8382108500350556,-0.4888644642857189,0.13047692307692188,6816328250607.139,37.5,0.20533333333333337
nmda_excitotoxic,True,1.0,4.1,1.0,memantine,9,20261208,125,0.8450406189991146,1.0,0.15495938100088538,29.2,33.58762886597938,6.391836693798516,0.8007447959437142,-0.4961383928571474,0.13276923076922958,3229185822359.68,37.5,0.22133333333333338
nmda_excitotoxic,True,1.0,4.1,1.0,memantine,9,20261208,150,0.8217846664011272,1.0,0.1782153335988728,28.6,34.294736842105266,6.389575397798463,0.764919238816911,-0.49648160714286177,0.1324538461538448,1542818154550.5334,37.5,0.23733333333333329
nmda_excitotoxic,True,1.0,4.1,1.0,memantine,9,20261208,175,0.8000596497582824,1.0,0.19994035024171763,28.0,35.03225806451613,6.390525172953867,0.7413018088109484,-0.5009821428571473,0.13214615384615244,784254237664.1604,37.5,0.2533333333333333
nmda_excitotoxic,True,1.0,4.1,1.0,memantine,9,20261208,200,0.7796827121197533,1.0,0.22031728788024676,27.4,35.8021978021978,6.421784282508238,0.6972179137931506,-0.501685178571433,0.13226538461538345,412273140970.2725,37.5,0.2693333333333334
nmda_excitotoxic,True,1.0,4.1,1.0,memantine,9,20261208,250,0.7424088119900276,1.0,0.2575911880099724,22.1,44.42727272727273,6.532082797718421,0.4381773531025341,-0.5171630357142901,0.1234115384615372,87683241639.18864,37.5,0.4106666666666666
nmda_excitotoxic,True,1.0,4.1,1.0,memantine,9,20261208,350,0.6789546199580587,1.0,0.3210453800419412,20.8,47.21739130434783,6.4528805792819,0.39573883152135747,-0.5209162500000046,0.11933461538461401,11966504758.581442,37.5,0.44533333333333336
nmda_excitotoxic,True,1.0,4.1,1.0,memantine,9,20261208,500,0.6036820500876947,1.0,0.39631794991230535,19.1,51.444736842105264,6.4498824781296165,0.3665603573034764,-0.5279078571428618,0.11533461538461375,1147776278.111494,37.5,0.4906666666666666
nmda_excitotoxic,True,1.0,4.1,1.0,diazepam,9,20261208,0,1.0,1.0,0.0,37.5,26.13368983957219,5.200634733130725,0.7709851616655546,-0.4896892857142896,0.10169999999999749,302875301959027.0,37.5,0.0
nmda_excitotoxic,True,1.0,4.1,1.0,diazepam,9,20261208,2.5,1.4636363636363636,1.4636363636363636,0.4636363636363636,37.2,26.345013477088948,5.30033972680268,0.7982583496912558,-0.7626750340909029,0.10387307692307425,308956952003448.2,37.5,0.007999999999999896
nmda_excitotoxic,True,1.0,4.1,1.0,diazepam,9,20261208,5,1.8499999999999999,1.8499999999999999,0.8499999999999999,36.7,26.704918032786885,5.39557297987625,0.8098937370911221,-0.9924827142857763,0.10625384615384366,309351902097067.4,37.5,0.021333333333333204
nmda_excitotoxic,True,1.0,4.1,1.0,diazepam,9,20261208,7.5,2.1769230769230767,2.1769230769230767,1.1769230769230767,35.9,27.30167597765363,5.6784298382894125,0.8702983412132855,-1.4645246112636185,0.11277692307692075,327120595716165.5,37.5,0.04266666666666674
nmda_excitotoxic,True,1.0,4.1,1.0,diazepam,9,20261208,10,2.457142857142857,2.457142857142857,1.4571428571428569,35.7,27.45505617977528,5.750390209481258,0.9145358002920563,-1.7702103979591648,0.1147461538461517,341784055617457.1,37.5,0.04799999999999993
nmda_excitotoxic,True,1.0,4.1,1.0,diazepam,9,20261208,12.5,2.6999999999999997,2.6999999999999997,1.6999999999999997,0.0,nan,4.881032576620882,0.010662562499999997,-3.5804020178568137,0.03800769230769257,449850931676.3923,37.5,1.0
nmda_excitotoxic,True,1.0,4.1,1.0,diazepam,9,20261208,15,2.9124999999999996,2.9124999999999996,1.9124999999999996,0.0,nan,4.88495275499958,0.010662562499999997,-4.033432834821428,0.037765384615384874,449850931676.3923,37.5,1.0
nmda_excitotoxic,True,1.0,4.1,1.0,diazepam,9,20261208,20,3.2666666666666666,3.2666666666666666,2.2666666666666666,0.0,nan,4.890987923006466,0.010662562499999997,-4.8101305,0.03735000000000023,449850931676.3923,37.5,1.0
nmda_excitotoxic,True,1.0,4.1,1.0,diazepam,9,20261208,30,3.7818181818181813,3.7818181818181813,2.7818181818181813,0.0,nan,4.9046219507674245,0.010662562499999997,-6.92758046753234,0.03652307692307712,449850931676.3923,37.5,1.0
nmda_excitotoxic,True,1.0,4.1,1.0,diazepam,9,20261208,60,4.6,4.6,3.5999999999999996,0.0,nan,4.929585772792092,0.010662562499999997,-11.308332785714407,0.0349653846153848,449850931676.3923,37.5,1.0
nmda_excitotoxic,True,1.0,4.1,1.0,perampanel,10,20261209,0,1.0,1.0,0.0,19.7,49.869897959183675,6.781065306090404,0.4564865458277711,-0.5144560714285763,0.11049999999999661,199645385820249.7,19.7,0.0
nmda_excitotoxic,True,1.0,4.1,1.0,perampanel,10,20261209,6,0.9741421208800244,1.0,0.025857879119975637,19.5,50.384020618556704,6.687894247447302,0.4529629776368498,-0.5145225000000048,0.10781538461538105,196503597939626.16,19.7,0.01015228426395931
nmda_excitotoxic,True,1.0,4.1,1.0,perampanel,10,20261209,8,0.9676668921927091,1.0,0.03233310780729098,19.3,50.908854166666664,6.646864149967479,0.44550772532543453,-0.5165042857142901,0.10606153846153511,190360348056552.16,19.7,0.02030456852791873
nmda_excitotoxic,True,1.0,4.1,1.0,perampanel,10,20261209,10,0.9615904074078002,1.0,0.03840959259219974,19.3,50.908854166666664,6.620558927261732,0.44550772532543453,-0.5165042857142901,0.10526923076922744,190360348056552.16,19.7,0.02030456852791873
nmda_excitotoxic,True,1.0,4.1,1.0,perampanel,10,20261209,12,0.9558253497558058,1.0,0.044174650244194216,21.1,46.5452380952381,6.52135562191098,0.444825009637851,-0.5097341071428612,0.10523076923076692,190682325668672.62,19.7,-0.07106598984771595
nmda_excitotoxic,True,1.0,4.1,1.0,perampanel,10,20261209,14,0.9503156200134328,1.0,0.049684379986567204,8.7,35.51744186046512,5.164427836929103,0.19803138046562102,-0.70815071428572,0.058288461538461976,31829104679182.81,19.7,0.5583756345177665
nmda_excitotoxic,True,1.0,4.1,1.0,perampanel,10,20261209,16,0.9450221738818855,1.0,0.05497782611811456,8.7,35.51744186046512,5.140098041605357,0.19803138046562102,-0.7076469642857184,0.05764615384615433,31829104679182.81,19.7,0.5583756345177665
nmda_excitotoxic,True,1.0,4.1,1.0,perampanel,10,20261209,18,0.9399162876906435,1.0,0.06008371230935653,8.7,35.51744186046512,5.1197700608081735,0.1971388001335115,-0.7089866071428621,0.057069230769231344,31802347733724.633,19.7,0.5583756345177665
nmda_excitotoxic,True,1.0,4.1,1.0,perampanel,10,20261209,22,0.9301837569953113,1.0,0.06981624300468868,0.0,nan,4.442737813547898,0.0,-0.8216826785714267,0.027984615384615278,0.0,19.7,1.0
nmda_excitotoxic,True,1.0,4.1,1.0,memantine,10,20261209,0,1.0,1.0,0.0,19.7,49.869897959183675,6.781065306090404,0.4564865458277711,-0.5144560714285763,0.11049999999999661,199645385820249.7,19.7,0.0
nmda_excitotoxic,True,1.0,4.1,1.0,memantine,10,20261209,50,0.9268452221991218,1.0,0.07315477780087822,23.1,42.49782608695652,6.382843503097449,0.5150631679182149,-0.5045250000000042,0.10816153846153612,21653117310699.152,19.7,-0.17258883248730972
nmda_excitotoxic,True,1.0,4.1,1.0,memantine,10,20261209,100,0.870062755069906,1.0,0.12993724493009393,20.7,47.449029126213595,6.518170503123955,0.40432008594443325,-0.5093244642857184,0.10644230769230528,3662697558208.252,19.7,-0.050761421319796884
nmda_excitotoxic,True,1.0,4.1,1.0,memantine,10,20261209,125,0.8450406189991146,1.0,0.15495938100088538,20.7,47.449029126213595,6.478856128123913,0.38956564321437986,-0.5098946428571471,0.10522307692307462,1705123413345.0117,19.7,-0.050761421319796884
nmda_excitotoxic,True,1.0,4.1,1.0,memantine,10,20261209,150,0.8217846664011272,1.0,0.1782153335988728,20.7,47.449029126213595,6.435610609111649,0.3757377895569338,-0.5099998214285756,0.10381923076922837,830797503072.1125,19.7,-0.050761421319796884
nmda_excitotoxic,True,1.0,4.1,1.0,memantine,10,20261209,175,0.8000596497582824,1.0,0.19994035024171763,20.5,47.91421568627451,6.412905270198235,0.3598390946016612,-0.51030428571429,0.10303461538461306,418932256664.46,19.7,-0.040609137055837685
nmda_excitotoxic,True,1.0,4.1,1.0,memantine,10,20261209,200,0.7796827121197533,1.0,0.22031728788024676,20.4,48.15024630541872,6.3952063524100025,0.3432485534121123,-0.51053678571429,0.1023576923076899,224266149850.95435,19.7,-0.035532994923857864
nmda_excitotoxic,True,1.0,4.1,1.0,memantine,10,20261209,250,0.7424088119900276,1.0,0.2575911880099724,19.8,49.61675126903553,6.391008757487001,0.33214526872890726,-0.5141405357142897,0.10203461538461307,71266260630.21385,19.7,-0.005076142131979822
nmda_excitotoxic,True,1.0,4.1,1.0,memantine,10,20261209,350,0.6789546199580587,1.0,0.3210453800419412,18.7,52.55107526881721,6.287685914634011,0.36689697787222103,-0.516072500000004,0.0982846153846135,10175570417.191406,19.7,0.050761421319796995
nmda_excitotoxic,True,1.0,4.1,1.0,memantine,10,20261209,500,0.6036820500876947,1.0,0.39631794991230535,17.4,56.5,6.231349571287566,0.3049371683197691,-0.5219237500000048,0.09494230769230647,1031715764.7043283,19.7,0.11675126903553301
nmda_excitotoxic,True,1.0,4.1,1.0,diazepam,10,20261209,0,1.0,1.0,0.0,19.7,49.869897959183675,6.781065306090404,0.4564865458277711,-0.5144560714285763,0.11049999999999661,199645385820249.7,19.7,0.0
nmda_excitotoxic,True,1.0,4.1,1.0,diazepam,10,20261209,2.5,1.4636363636363636,1.4636363636363636,0.4636363636363636,22.3,44.02927927927928,6.560500643036123,0.4561138693758349,-0.8061356249999895,0.10792692307692055,200355190453551.28,19.7,-0.13197969543147225
nmda_excitotoxic,True,1.0,4.1,1.0,diazepam,10,20261209,5,1.8499999999999999,1.8499999999999999,0.8499999999999999,22.1,44.429545454545455,6.603948000598674,0.4527062849299071,-1.1136960357143546,0.108761538461536,197722339302590.97,19.7,-0.12182741116751283
nmda_excitotoxic,True,1.0,4.1,1.0,diazepam,10,20261209,7.5,2.1769230769230767,2.1769230769230767,1.1769230769230767,9.5,32.48936170212766,5.287819047729227,0.20230966717289733,-2.181452243131696,0.06016923076923127,33214883780395.21,19.7,0.5177664974619289
nmda_excitotoxic,True,1.0,4.1,1.0,diazepam,10,20261209,10,2.457142857142857,2.457142857142857,1.4571428571428569,9.3,33.19565217391305,5.311467220735969,0.21149845689252353,-2.6328654285714754,0.06036923076923124,33208779341903.168,19.7,0.5279187817258884
nmda_excitotoxic,True,1.0,4.1,1.0,diazepam,10,20261209,12.5,2.6999999999999997,2.6999999999999997,1.6999999999999997,9.3,33.19565217391305,5.31593726442614,0.21145574969959963,-3.0466202142854644,0.0601576923076928,33190474170203.27,19.7,0.5279187817258884
nmda_excitotoxic,True,1.0,4.1,1.0,diazepam,10,20261209,15,2.9124999999999996,2.9124999999999996,1.9124999999999996,9.3,33.19565217391305,5.319494213626462,0.21145574969959963,-3.5119580312499785,0.059942307692308176,33190474170203.27,19.7,0.5279187817258884
nmda_excitotoxic,True,1.0,4.1,1.0,diazepam,10,20261209,20,3.2666666666666666,3.2666666666666666,2.2666666666666666,9.2,33.55494505494506,5.337259796791634,0.21434470398865169,-4.182946250000012,0.05971538461538511,33887048693964.945,19.7,0.5329949238578681
nmda_excitotoxic,True,1.0,4.1,1.0,diazepam,10,20261209,30,3.7818181818181813,3.7818181818181813,2.7818181818181813,9.2,33.55494505494506,5.350568966580824,0.21135347721128184,-5.522711999999919,0.05928461538461588,33768419561145.812,19.7,0.5329949238578681
nmda_excitotoxic,True,1.0,4.1,1.0,diazepam,10,20261209,60,4.6,4.6,3.5999999999999996,6.9,34.22794117647059,5.387504502738251,0.13640370227803744,-9.020926928571567,0.053607692307692766,16875034752409.879,19.7,0.649746192893401
nmda_excitotoxic,True,1.0,4.1,1.0,perampanel,11,20261210,0,1.0,1.0,0.0,23.3,42.12931034482759,6.401055518217588,0.44457663359479327,-0.5250569642857175,0.10429230769230592,183619932934438.44,23.3,0.0
nmda_excitotoxic,True,1.0,4.1,1.0,perampanel,11,20261210,6,0.9741421208800244,1.0,0.025857879119975637,22.2,44.2262443438914,6.466440938280805,0.4470128167139521,-0.5259980357142899,0.10507692307692142,182162425741896.25,23.3,0.047210300429184615
nmda_excitotoxic,True,1.0,4.1,1.0,perampanel,11,20261210,8,0.9676668921927091,1.0,0.03233310780729098,21.4,45.88732394366197,6.515381511494061,0.45796406485313784,-0.520982678571433,0.1062769230769213,183963780477626.1,23.3,0.0815450643776825
nmda_excitotoxic,True,1.0,4.1,1.0,perampanel,11,20261210,10,0.9615904074078002,1.0,0.03840959259219974,20.9,46.99038461538461,6.531964437971358,0.4657847259012019,-0.5221119642857188,0.10611923076922894,178323015374654.72,23.3,0.10300429184549365
nmda_excitotoxic,True,1.0,4.1,1.0,perampanel,11,20261210,12,0.9558253497558058,1.0,0.044174650244194216,20.7,47.44660194174757,6.535065045600851,0.4669212617072766,-0.5223776785714331,0.10599999999999822,178216567290057.44,23.3,0.11158798283261806
nmda_excitotoxic,True,1.0,4.1,1.0,perampanel,11,20261210,14,0.9503156200134328,1.0,0.049684379986567204,20.6,47.678048780487806,6.529517556991932,0.4669212617072766,-0.5223776785714331,0.10571923076922894,178216567290057.44,23.3,0.11587982832618027
nmda_excitotoxic,True,1.0,4.1,1.0,perampanel,11,20261210,16,0.9450221738818855,1.0,0.05497782611811456,20.6,47.678048780487806,6.512377974333853,0.46605730268691614,-0.5225548214285759,0.10525384615384444,178208763741802.8,23.3,0.11587982832618027
nmda_excitotoxic,True,1.0,4.1,1.0,perampanel,11,20261210,18,0.9399162876906435,1.0,0.06008371230935653,20.5,47.911764705882355,6.492634384731266,0.4648127251752339,-0.5225548214285759,0.10451923076922914,177016445443509.7,23.3,0.12017167381974247
nmda_excitotoxic,True,1.0,4.1,1.0,perampanel,11,20261210,22,0.9301837569953113,1.0,0.06981624300468868,0.0,nan,4.441933986583526,0.0,-0.8091553571428525,0.027780769230769123,0.0,23.3,1.0
nmda_excitotoxic,True,1.0,4.1,1.0,memantine,11,20261210,0,1.0,1.0,0.0,23.3,42.12931034482759,6.401055518217588,0.44457663359479327,-0.5250569642857175,0.10429230769230592,183619932934438.44,23.3,0.0
nmda_excitotoxic,True,1.0,4.1,1.0,memantine,11,20261210,50,0.9268452221991218,1.0,0.07315477780087822,21.1,46.542857142857144,6.633230154348385,0.45083690238655416,-0.5195378571428616,0.11039230769230589,20173734408596.12,23.3,0.09442060085836912
nmda_excitotoxic,True,1.0,4.1,1.0,memantine,11,20261210,100,0.870062755069906,1.0,0.12993724493009393,20.6,47.678048780487806,6.515877635617657,0.40972311087788404,-0.5219514285714331,0.10703846153845986,3461529588384.972,23.3,0.11587982832618027
nmda_excitotoxic,True,1.0,4.1,1.0,memantine,11,20261210,125,0.8450406189991146,1.0,0.15495938100088538,20.6,47.678048780487806,6.475676365923689,0.39767022650878686,-0.5221396428571474,0.1056461538461521,1619692745959.9214,23.3,0.11587982832618027
nmda_excitotoxic,True,1.0,4.1,1.0,memantine,11,20261210,150,0.8217846664011272,1.0,0.1782153335988728,20.3,48.386138613861384,6.471045057497785,0.38901729795115586,-0.5227319642857189,0.10549615384615216,795009254373.3737,23.3,0.128755364806867
nmda_excitotoxic,True,1.0,4.1,1.0,memantine,11,20261210,175,0.8000596497582824,1.0,0.19994035024171763,20.0,49.11557788944724,6.487115909213381,0.37605824797272014,-0.5227707142857189,0.10562307692307508,409550338383.4315,23.3,0.14163090128755362
nmda_excitotoxic,True,1.0,4.1,1.0,memantine,11,20261210,200,0.7796827121197533,1.0,0.22031728788024676,19.8,49.61421319796954,6.4675864857235785,0.3656375847836057,-0.5228371428571474,0.10481538461538283,219832893156.75418,23.3,0.15021459227467815
nmda_excitotoxic,True,1.0,4.1,1.0,memantine,11,20261210,250,0.7424088119900276,1.0,0.2575911880099724,19.5,50.381443298969074,6.42715644750074,0.349362289602565,-0.5248742857142902,0.10342692307692135,69752454856.15881,23.3,0.16309012875536488
nmda_excitotoxic,True,1.0,4.1,1.0,memantine,11,20261210,350,0.6789546199580587,1.0,0.3210453800419412,18.4,53.40983606557377,6.297183093367321,0.35172771898464084,-0.5273044642857189,0.09789999999999827,9721735521.615154,23.3,0.2103004291845494
nmda_excitotoxic,True,1.0,4.1,1.0,memantine,11,20261210,500,0.6036820500876947,1.0,0.39631794991230535,17.8,55.22316384180791,6.245750733018287,0.33330069006397905,-0.52859428571429,0.09519999999999848,1018156221.3700811,23.3,0.23605150214592274
nmda_excitotoxic,True,1.0,4.1,1.0,diazepam,11,20261210,0,1.0,1.0,0.0,23.3,42.12931034482759,6.401055518217588,0.44457663359479327,-0.5250569642857175,0.10429230769230592,183619932934438.44,23.3,0.0
nmda_excitotoxic,True,1.0,4.1,1.0,diazepam,11,20261210,2.5,1.4636363636363636,1.4636363636363636,0.4636363636363636,23.1,42.495652173913044,6.450880909887857,0.4439008859228975,-0.8300859431818086,0.10543076923076748,183588401865334.06,23.3,0.008583690987124415
nmda_excitotoxic,True,1.0,4.1,1.0,diazepam,11,20261210,5,1.8499999999999999,1.8499999999999999,0.8499999999999999,23.2,42.311688311688314,6.4500633940179535,0.44977657149532735,-1.1416644017857842,0.1052307692307676,184981256792438.62,23.3,0.0042918454935623185
nmda_excitotoxic,True,1.0,4.1,1.0,diazepam,11,20261210,7.5,2.1769230769230767,2.1769230769230767,1.1769230769230767,23.0,42.68122270742358,6.52823875403373,0.4744773629339121,-1.6026632087911004,0.10713076923076732,190011790699839.1,23.3,0.012875536480686733
nmda_excitotoxic,True,1.0,4.1,1.0,diazepam,11,20261210,10,2.457142857142857,2.457142857142857,1.4571428571428569,22.7,43.24778761061947,6.596775919841946,0.4739584330774369,-1.9297623367347028,0.1086615384615368,189628559208301.84,23.3,0.025751072961373467
nmda_excitotoxic,True,1.0,4.1,1.0,diazepam,11,20261210,12.5,2.6999999999999997,2.6999999999999997,1.6999999999999997,22.7,43.24778761061947,6.612499160218721,0.4739584330774369,-2.174959446428482,0.10865769230769076,189628559208301.84,23.3,0.025751072961373467
nmda_excitotoxic,True,1.0,4.1,1.0,diazepam,11,20261210,15,2.9124999999999996,2.9124999999999996,1.9124999999999996,8.2,37.69753086419753,5.350390288980057,0.20169236092289727,-3.520245133928582,0.05926538461538495,26074853695510.53,23.3,0.648068669527897
nmda_excitotoxic,True,1.0,4.1,1.0,diazepam,11,20261210,20,3.2666666666666666,3.2666666666666666,2.2666666666666666,8.2,37.69753086419753,5.357095456811292,0.19838202899699606,-4.183922750000028,0.058915384615384994,25946196226195.29,23.3,0.648068669527897
nmda_excitotoxic,True,1.0,4.1,1.0,diazepam,11,20261210,30,3.7818181818181813,3.7818181818181813,2.7818181818181813,7.1,33.24285714285714,5.295950681519796,0.14837093205941262,-5.664191168831092,0.052526923076923596,17176453458193.906,23.3,0.6952789699570816
nmda_excitotoxic,True,1.0,4.1,1.0,diazepam,11,20261210,60,4.6,4.6,3.5999999999999996,6.6,35.8,5.387831484406666,0.15422706223297736,-8.927625785714397,0.05285769230769282,17055987619163.83,23.3,0.7167381974248928
nmda_excitotoxic,True,1.0,4.1,1.0,perampanel,12,20261211,0,1.0,1.0,0.0,24.6,39.89591836734694,6.109449229269513,0.4183935279372502,-0.5185691071428621,0.09599615384615291,164290205432159.25,24.6,0.0
nmda_excitotoxic,True,1.0,4.1,1.0,perampanel,12,20261211,6,0.9741421208800244,1.0,0.025857879119975637,21.3,46.10377358490566,6.439399584468413,0.4552959142439925,-0.5215251785714329,0.10167692307692149,158524328951402.8,24.6,0.13414634146341464
nmda_excitotoxic,True,1.0,4.1,1.0,perampanel,12,20261211,8,0.9676668921927091,1.0,0.03233310780729098,20.9,46.99038461538461,6.475246583173581,0.4581253032376509,-0.5243982142857195,0.10247692307692144,158479675998094.47,24.6,0.15040650406504075
nmda_excitotoxic,True,1.0,4.1,1.0,perampanel,12,20261211,10,0.9615904074078002,1.0,0.03840959259219974,20.6,47.678048780487806,6.501100142069984,0.4581253032376509,-0.5243982142857195,0.10306923076922933,158479675998094.47,24.6,0.16260162601626016
nmda_excitotoxic,True,1.0,4.1,1.0,perampanel,12,20261211,12,0.9558253497558058,1.0,0.044174650244194216,20.2,48.62686567164179,6.540224033194631,0.44350033740821154,-0.5192389285714332,0.10399615384615217,154975761876977.22,24.6,0.17886178861788626
nmda_excitotoxic,True,1.0,4.1,1.0,perampanel,12,20261211,14,0.9503156200134328,1.0,0.049684379986567204,19.5,50.381443298969074,6.130405078336455,0.4063968526702274,-0.5143398214285763,0.08829999999999875,133679783915705.47,24.6,0.20731707317073178
nmda_excitotoxic,True,1.0,4.1,1.0,perampanel,12,20261211,16,0.9450221738818855,1.0,0.05497782611811456,8.0,38.664556962025316,5.16695864598631,0.2099691647613486,-0.7149983928571468,0.05748461538461589,29278676475519.72,24.6,0.6747967479674797
nmda_excitotoxic,True,1.0,4.1,1.0,perampanel,12,20261211,18,0.9399162876906435,1.0,0.06008371230935653,8.0,38.664556962025316,5.147412004894662,0.2099691647613486,-0.7157512500000052,0.05698076923076974,29278676475519.72,24.6,0.6747967479674797
nmda_excitotoxic,True,1.0,4.1,1.0,perampanel,12,20261211,22,0.9301837569953113,1.0,0.06981624300468868,8.0,38.664556962025316,5.1023656590692585,0.2099691647613486,-0.7225325000000051,0.055753846153846646,29278676475519.72,24.6,0.6747967479674797
nmda_excitotoxic,True,1.0,4.1,1.0,memantine,12,20261211,0,1.0,1.0,0.0,24.6,39.89591836734694,6.109449229269513,0.4183935279372502,-0.5185691071428621,0.09599615384615291,164290205432159.25,24.6,0.0
nmda_excitotoxic,True,1.0,4.1,1.0,memantine,12,20261211,50,0.9268452221991218,1.0,0.07315477780087822,21.7,45.25231481481482,6.535772529716435,0.44366544266158364,-0.5163991071428619,0.10688461538461343,18347544322670.508,24.6,0.11788617886178865
nmda_excitotoxic,True,1.0,4.1,1.0,memantine,12,20261211,100,0.870062755069906,1.0,0.12993724493009393,21.2,46.324644549763036,6.5800518344920444,0.4358093522860866,-0.5106253571428621,0.10826153846153636,3400646956697.313,24.6,0.13821138211382122
nmda_excitotoxic,True,1.0,4.1,1.0,memantine,12,20261211,125,0.8450406189991146,1.0,0.15495938100088538,20.1,48.8725,6.206818580163777,0.38367251170159933,-0.5114889285714335,0.0939807692307675,1346748503294.302,24.6,0.18292682926829262
nmda_excitotoxic,True,1.0,4.1,1.0,memantine,12,20261211,150,0.8217846664011272,1.0,0.1782153335988728,20.0,49.118090452261306,6.19519841610777,0.3645300603222244,-0.5127178571428621,0.0935038461538444,660181992218.3978,24.6,0.1869918699186992
nmda_excitotoxic,True,1.0,4.1,1.0,memantine,12,20261211,175,0.8000596497582824,1.0,0.19994035024171763,19.6,50.12564102564102,6.089013000869031,0.3451172921270635,-0.5146276785714335,0.0891923076923062,322996129257.80383,24.6,0.2032520325203252
nmda_excitotoxic,True,1.0,4.1,1.0,memantine,12,20261211,200,0.7796827121197533,1.0,0.22031728788024676,18.8,52.27005347593583,6.088259701989998,0.3281408146638792,-0.5210048214285766,0.0879807692307675,166904371613.43918,24.6,0.2357723577235773
nmda_excitotoxic,True,1.0,4.1,1.0,memantine,12,20261211,250,0.7424088119900276,1.0,0.2575911880099724,18.3,53.706043956043956,6.089507758991864,0.3197779609009033,-0.5210878571428624,0.08756923076922908,52355791555.23465,24.6,0.25609756097560976
nmda_excitotoxic,True,1.0,4.1,1.0,memantine,12,20261211,350,0.6789546199580587,1.0,0.3210453800419412,16.8,58.52994011976048,6.047423133001913,0.32313996401704087,-0.5249407142857198,0.08456153846153701,6851922979.790885,24.6,0.3170731707317074
nmda_excitotoxic,True,1.0,4.1,1.0,memantine,12,20261211,500,0.6036820500876947,1.0,0.39631794991230535,16.3,60.33641975308642,6.151214041844221,0.30352994713647347,-0.529026071428577,0.08776153846153688,686207865.5538687,24.6,0.33739837398373984
nmda_excitotoxic,True,1.0,4.1,1.0,diazepam,12,20261211,0,1.0,1.0,0.0,24.6,39.89591836734694,6.109449229269513,0.4183935279372502,-0.5185691071428621,0.09599615384615291,164290205432159.25,24.6,0.0
nmda_excitotoxic,True,1.0,4.1,1.0,diazepam,12,20261211,2.5,1.4636363636363636,1.4636363636363636,0.4636363636363636,24.4,40.22222222222222,6.17014709690826,0.4244201871829112,-0.8228992272727195,0.09738076923076816,164529714887061.3,24.6,0.008130081300813163
nmda_excitotoxic,True,1.0,4.1,1.0,diazepam,12,20261211,5,1.8499999999999999,1.8499999999999999,0.8499999999999999,24.2,40.55601659751037,6.211584884337853,0.4244201871829112,-1.1466108392857837,0.09832692307692195,164529714887061.3,24.6,0.016260162601626105
nmda_excitotoxic,True,1.0,4.1,1.0,diazepam,12,20261211,7.5,2.1769230769230767,2.1769230769230767,1.1769230769230767,24.4,40.22222222222222,6.342369024535286,0.5093671915053415,-1.6431539780218718,0.10139999999999837,188519421212643.28,24.6,0.008130081300813163
nmda_excitotoxic,True,1.0,4.1,1.0,diazepam,12,20261211,10,2.457142857142857,2.457142857142857,1.4571428571428569,8.6,35.92941176470588,5.318854578594684,0.21402050394692942,-2.668584387755161,0.059915384615384974,28760770965236.6,24.6,0.6504065040650406
nmda_excitotoxic,True,1.0,4.1,1.0,diazepam,12,20261211,12.5,2.6999999999999997,2.6999999999999997,1.6999999999999997,8.6,35.92941176470588,5.322496808816337,0.21402050394692942,-3.1307536607140394,0.05961923076923116,28760770965236.6,24.6,0.6504065040650406
nmda_excitotoxic,True,1.0,4.1,1.0,diazepam,12,20261211,15,2.9124999999999996,2.9124999999999996,1.9124999999999996,8.6,35.92941176470588,5.325797559605043,0.21402050394692942,-3.560406948660725,0.05936538461538503,28760770965236.6,24.6,0.6504065040650406
nmda_excitotoxic,True,1.0,4.1,1.0,diazepam,12,20261211,20,3.2666666666666666,3.2666666666666666,2.2666666666666666,8.6,35.92941176470588,5.3367061294856315,0.21310342317256353,-4.144573416666719,0.059138461538461966,28750876567852.207,24.6,0.6504065040650406
nmda_excitotoxic,True,1.0,4.1,1.0,diazepam,12,20261211,30,3.7818181818181813,3.7818181818181813,2.7818181818181813,5.4,43.924528301886795,5.184194590809444,0.1277684577186248,-5.917254233766183,0.04829615384615402,16931368011741.95,24.6,0.7804878048780488
nmda_excitotoxic,True,1.0,4.1,1.0,diazepam,12,20261211,60,4.6,4.6,3.5999999999999996,5.2,45.64705882352941,5.254212348112171,0.1272804718457944,-8.83302596428577,0.04763076923076938,15819910460324.326,24.6,0.7886178861788617
nmda_excitotoxic,True,1.0,4.1,1.0,perampanel,13,20261212,0,1.0,1.0,0.0,19.6,50.12307692307692,6.770137838435726,0.41983860448097504,-0.5261419642857191,0.1088884615384583,180137615159848.6,19.6,0.0
nmda_excitotoxic,True,1.0,4.1,1.0,perampanel,13,20261212,6,0.9741421208800244,1.0,0.025857879119975637,19.6,50.12307692307692,6.658800597357559,0.4164220290470632,-0.5266900000000049,0.10577307692307387,179136323432822.12,19.6,0.0
nmda_excitotoxic,True,1.0,4.1,1.0,perampanel,13,20261212,8,0.9676668921927091,1.0,0.03233310780729098,19.3,50.90625,6.655009740188597,0.42478297354806444,-0.5278746428571479,0.10538076923076617,179015690524176.5,19.6,0.015306122448979664
nmda_excitotoxic,True,1.0,4.1,1.0,perampanel,13,20261212,10,0.9615904074078002,1.0,0.03840959259219974,17.0,57.83431952662722,6.269174706119806,0.35652369247329807,-0.5326187500000048,0.08888076923076663,119246059681784.25,19.6,0.13265306122448983
nmda_excitotoxic,True,1.0,4.1,1.0,perampanel,13,20261212,12,0.9558253497558058,1.0,0.044174650244194216,16.9,58.17857142857143,6.2474053203279825,0.3589555299482647,-0.5321094642857186,0.08804615384615137,116872276316879.2,19.6,0.13775510204081642
nmda_excitotoxic,True,1.0,4.1,1.0,perampanel,13,20261212,14,0.9503156200134328,1.0,0.049684379986567204,7.2,43.028169014084504,5.199191877348423,0.189977178504673,-0.7203016071428614,0.05638076923076943,29991135501906.035,19.6,0.6326530612244898
nmda_excitotoxic,True,1.0,4.1,1.0,perampanel,13,20261212,16,0.9450221738818855,1.0,0.05497782611811456,7.2,43.028169014084504,5.176633757988782,0.1890318510430575,-0.7225657142857215,0.05584615384615409,29991135501907.348,19.6,0.6326530612244898
nmda_excitotoxic,True,1.0,4.1,1.0,perampanel,13,20261212,18,0.9399162876906435,1.0,0.06008371230935653,7.2,43.028169014084504,5.153050741773791,0.189977178504673,-0.7253335714285783,0.05522692307692338,29991135501906.035,19.6,0.6326530612244898
nmda_excitotoxic,True,1.0,4.1,1.0,perampanel,13,20261212,22,0.9301837569953113,1.0,0.06981624300468868,6.2,50.08196721311475,5.1478595359955,0.1676799778538052,-0.7316276785714328,0.05393076923076965,23354156209332.83,19.6,0.6836734693877551
nmda_excitotoxic,True,1.0,4.1,1.0,memantine,13,20261212,0,1.0,1.0,0.0,19.6,50.12307692307692,6.770137838435726,0.41983860448097504,-0.5261419642857191,0.1088884615384583,180137615159848.6,19.6,0.0
nmda_excitotoxic,True,1.0,4.1,1.0,memantine,13,20261212,50,0.9268452221991218,1.0,0.07315477780087822,19.3,50.908854166666664,6.644817391858158,0.39607388038778085,-0.5274926785714334,0.10575384615384312,19243443065924.934,19.6,0.015306122448979664
nmda_excitotoxic,True,1.0,4.1,1.0,memantine,13,20261212,100,0.870062755069906,1.0,0.12993724493009393,17.0,57.837278106508876,6.21423476947743,0.31353320440297083,-0.5326519642857195,0.08776538461538233,2211530974044.1514,19.6,0.13265306122448983
nmda_excitotoxic,True,1.0,4.1,1.0,memantine,13,20261212,125,0.8450406189991146,1.0,0.15495938100088538,16.9,58.18154761904762,6.18953591339245,0.3066070133802902,-0.532989642857148,0.0868692307692286,1025520084930.1272,19.6,0.13775510204081642
nmda_excitotoxic,True,1.0,4.1,1.0,memantine,13,20261212,150,0.8217846664011272,1.0,0.1782153335988728,16.7,58.88253012048193,6.162077909261915,0.3004787860832931,-0.5330394642857195,0.08596923076922869,501542677764.9879,19.6,0.1479591836734695
nmda_excitotoxic,True,1.0,4.1,1.0,memantine,13,20261212,175,0.8000596497582824,1.0,0.19994035024171763,16.6,59.23939393939394,6.141178569371276,0.2867792927220235,-0.5332664285714338,0.08505384615384422,251473316155.119,19.6,0.15306122448979587
nmda_excitotoxic,True,1.0,4.1,1.0,memantine,13,20261212,200,0.7796827121197533,1.0,0.22031728788024676,16.5,59.60060975609756,6.110962075355521,0.28178313868833,-0.5334325000000052,0.08397307692307508,134273330180.83533,19.6,0.15816326530612246
nmda_excitotoxic,True,1.0,4.1,1.0,memantine,13,20261212,250,0.7424088119900276,1.0,0.2575911880099724,16.2,60.7111801242236,6.0671883573498,0.2773073439992055,-0.5346725000000052,0.0823499999999984,42439030437.6523,19.6,0.17346938775510212
nmda_excitotoxic,True,1.0,4.1,1.0,memantine,13,20261212,350,0.6789546199580587,1.0,0.3210453800419412,15.0,65.6006711409396,6.018173758613427,0.3068646255233243,-0.5367151785714338,0.07969615384615265,5774883204.035905,19.6,0.23469387755102045
nmda_excitotoxic,True,1.0,4.1,1.0,memantine,13,20261212,500,0.6036820500876947,1.0,0.39631794991230535,14.7,66.9486301369863,5.925375444780486,0.260822557271479,-0.5369864285714337,0.07598076923076853,569782934.0824829,19.6,0.2500000000000001
nmda_excitotoxic,True,1.0,4.1,1.0,diazepam,13,20261212,0,1.0,1.0,0.0,19.6,50.12307692307692,6.770137838435726,0.41983860448097504,-0.5261419642857191,0.1088884615384583,180137615159848.6,19.6,0.0
nmda_excitotoxic,True,1.0,4.1,1.0,diazepam,13,20261212,2.5,1.4636363636363636,1.4636363636363636,0.4636363636363636,19.6,50.12307692307692,6.779530357011035,0.41983860448097504,-0.827736284090896,0.10885769230768914,180137615159848.6,19.6,0.0
nmda_excitotoxic,True,1.0,4.1,1.0,diazepam,13,20261212,5,1.8499999999999999,1.8499999999999999,0.8499999999999999,19.4,50.64248704663213,6.813743831319519,0.42253252925567447,-1.1581320446429277,0.10932307692307386,178076218874625.6,19.6,0.010204081632653184
nmda_excitotoxic,True,1.0,4.1,1.0,diazepam,13,20261212,7.5,2.1769230769230767,2.1769230769230767,1.1769230769230767,19.1,51.439473684210526,6.843358346413911,0.42397820519859836,-1.6301993420328653,0.10948461538461267,172780370786515.9,19.6,0.025510204081632626
nmda_excitotoxic,True,1.0,4.1,1.0,diazepam,13,20261212,10,2.457142857142857,2.457142857142857,1.4571428571428569,7.4,41.83561643835616,5.448365013433613,0.18114645488150877,-2.607728857142891,0.06060769230769221,30109969347024.8,19.6,0.6224489795918368
nmda_excitotoxic,True,1.0,4.1,1.0,diazepam,13,20261212,12.5,2.6999999999999997,2.6999999999999997,1.6999999999999997,7.4,41.83561643835616,5.453437640114727,0.18114645488150877,-3.0155316428568844,0.060376923076922995,30109969347024.8,19.6,0.6224489795918368
nmda_excitotoxic,True,1.0,4.1,1.0,diazepam,13,20261212,15,2.9124999999999996,2.9124999999999996,1.9124999999999996,7.4,41.83561643835616,5.457111743847936,0.18114645488150877,-3.4695067834821334,0.060076923076923,30109969347024.8,19.6,0.6224489795918368
nmda_excitotoxic,True,1.0,4.1,1.0,diazepam,13,20261212,20,3.2666666666666666,3.2666666666666666,2.2666666666666666,7.4,41.82876712328767,5.468277055257081,0.1814401604889854,-4.055060916666688,0.05986923076923075,30839231510966.484,19.6,0.6224489795918368
nmda_excitotoxic,True,1.0,4.1,1.0,diazepam,13,20261212,30,3.7818181818181813,3.7818181818181813,2.7818181818181813,5.6,42.31818181818182,5.177091823806912,0.12490842444092135,-5.776759012986948,0.048311538461538565,17500374132633.357,19.6,0.7142857142857143
nmda_excitotoxic,True,1.0,4.1,1.0,diazepam,13,20261212,60,4.6,4.6,3.5999999999999996,5.5,43.101851851851855,5.2270232707487425,0.12495255520694265,-9.516156357142844,0.04713461538461548,16385037280100.492,19.6,0.7193877551020409
nmda_excitotoxic,True,1.0,4.1,1.0,perampanel,14,20261213,0,1.0,1.0,0.0,21.9,44.8348623853211,6.478985093497091,0.4337790564252342,-0.5282898214285743,0.10643846153845961,176610097236088.94,21.9,0.0
nmda_excitotoxic,True,1.0,4.1,1.0,perampanel,14,20261213,6,0.9741421208800244,1.0,0.025857879119975637,17.6,55.85142857142857,6.003653541759512,0.3033222183744995,-0.5348496428571465,0.08369999999999986,106388143436659.36,21.9,0.19634703196347025
nmda_excitotoxic,True,1.0,4.1,1.0,perampanel,14,20261213,8,0.9676668921927091,1.0,0.03233310780729098,17.6,55.85142857142857,5.996017643701485,0.3037913980974636,-0.5349603571428606,0.08294230769230751,106818738645491.52,21.9,0.19634703196347025
nmda_excitotoxic,True,1.0,4.1,1.0,perampanel,14,20261213,10,0.9615904074078002,1.0,0.03840959259219974,17.7,55.53409090909091,5.9744068178581005,0.3210491499833113,-0.5350212500000036,0.08212692307692289,108872896836149.28,21.9,0.1917808219178082
nmda_excitotoxic,True,1.0,4.1,1.0,perampanel,14,20261213,12,0.9558253497558058,1.0,0.044174650244194216,17.6,55.85142857142857,5.97038291657187,0.3098556696428574,-0.5350212500000036,0.08177307692307674,108021408529416.67,21.9,0.19634703196347025
nmda_excitotoxic,True,1.0,4.1,1.0,perampanel,14,20261213,14,0.9503156200134328,1.0,0.049684379986567204,17.2,57.1578947368421,6.021273678930583,0.3066219109646197,-0.5291755357142897,0.08291153846153813,105647457878976.56,21.9,0.21461187214611865
nmda_excitotoxic,True,1.0,4.1,1.0,perampanel,14,20261213,16,0.9450221738818855,1.0,0.05497782611811456,6.6,46.99230769230769,5.156573238017121,0.16743399940754342,-0.7048237500000027,0.055861538461538816,19631679847108.94,21.9,0.6986301369863014
nmda_excitotoxic,True,1.0,4.1,1.0,perampanel,14,20261213,18,0.9399162876906435,1.0,0.06008371230935653,6.6,46.99230769230769,5.134624119065101,0.1637608061915888,-0.7089533928571475,0.055226923076923506,19014286163009.355,21.9,0.6986301369863014
nmda_excitotoxic,True,1.0,4.1,1.0,perampanel,14,20261213,22,0.9301837569953113,1.0,0.06981624300468868,5.7,54.544642857142854,4.9158715421810895,0.11416801496996001,-0.7226764285714343,0.04518461538461555,15803331016217.197,21.9,0.7397260273972602
nmda_excitotoxic,True,1.0,4.1,1.0,memantine,14,20261213,0,1.0,1.0,0.0,21.9,44.8348623853211,6.478985093497091,0.4337790564252342,-0.5282898214285743,0.10643846153845961,176610097236088.94,21.9,0.0
nmda_excitotoxic,True,1.0,4.1,1.0,memantine,14,20261213,50,0.9268452221991218,1.0,0.07315477780087822,21.0,46.76555023923445,6.4859032291825525,0.4312556298676318,-0.5308251785714315,0.10611153846153668,18736119507236.97,21.9,0.041095890410958846
nmda_excitotoxic,True,1.0,4.1,1.0,memantine,14,20261213,100,0.870062755069906,1.0,0.12993724493009393,20.4,48.14778325123153,6.477735487262504,0.37578865665190303,-0.5250791071428609,0.10564615384615199,3193932536646.602,21.9,0.06849315068493156
nmda_excitotoxic,True,1.0,4.1,1.0,memantine,14,20261213,125,0.8450406189991146,1.0,0.15495938100088538,20.1,48.87,6.478324267807986,0.35800091725502753,-0.5259205357142895,0.10555384615384442,1487286736224.4065,21.9,0.08219178082191769
nmda_excitotoxic,True,1.0,4.1,1.0,memantine,14,20261213,150,0.8217846664011272,1.0,0.1782153335988728,20.1,48.87,6.436403011458329,0.3447998241817855,-0.5260257142857182,0.10420384615384451,730510284822.5085,21.9,0.08219178082191769
nmda_excitotoxic,True,1.0,4.1,1.0,memantine,14,20261213,175,0.8000596497582824,1.0,0.19994035024171763,19.9,49.36363636363637,6.436565799936906,0.3322425561152023,-0.5248632142857181,0.10399230769230597,377970985702.1279,21.9,0.091324200913242
nmda_excitotoxic,True,1.0,4.1,1.0,memantine,14,20261213,200,0.7796827121197533,1.0,0.22031728788024676,19.7,49.86734693877551,6.404676300155504,0.3272046134188707,-0.5248078571428612,0.10273076923076763,201259309590.9579,21.9,0.1004566210045662
nmda_excitotoxic,True,1.0,4.1,1.0,memantine,14,20261213,250,0.7424088119900276,1.0,0.2575911880099724,19.1,51.44210526315789,6.354146563722867,0.31506619762187726,-0.5282732142857182,0.10015769230769041,62498703333.36956,21.9,0.1278538812785387
nmda_excitotoxic,True,1.0,4.1,1.0,memantine,14,20261213,350,0.6789546199580587,1.0,0.3210453800419412,18.2,54.0,6.247056256791272,0.3286810448751756,-0.5296460714285752,0.09634999999999842,8832226876.537014,21.9,0.16894977168949765
nmda_excitotoxic,True,1.0,4.1,1.0,memantine,14,20261213,500,0.6036820500876947,1.0,0.39631794991230535,16.9,58.18154761904762,6.247297185718067,0.29675848673116295,-0.5335044642857182,0.09501538461538325,856733877.2699052,21.9,0.228310502283105
nmda_excitotoxic,True,1.0,4.1,1.0,diazepam,14,20261213,0,1.0,1.0,0.0,21.9,44.8348623853211,6.478985093497091,0.4337790564252342,-0.5282898214285743,0.10643846153845961,176610097236088.94,21.9,0.0
nmda_excitotoxic,True,1.0,4.1,1.0,diazepam,14,20261213,2.5,1.4636363636363636,1.4636363636363636,0.4636363636363636,21.6,45.46046511627907,6.546390160124418,0.4337790564252342,-0.8275013181818031,0.10807692307692116,176610097236088.94,21.9,0.013698630136986134
nmda_excitotoxic,True,1.0,4.1,1.0,diazepam,14,20261213,5,1.8499999999999999,1.8499999999999999,0.8499999999999999,21.7,45.25,6.546520894029888,0.42690814340787764,-1.144839133928642,0.10779615384615211,176153531663756.22,21.9,0.0091324200913242
nmda_excitotoxic,True,1.0,4.1,1.0,diazepam,14,20261213,7.5,2.1769230769230767,2.1769230769230767,1.1769230769230767,21.3,46.10377358490566,6.657404028258019,0.4504921042890525,-1.5883106771977018,0.11009615384615218,178721954498510.38,21.9,0.02739726027397249
nmda_excitotoxic,True,1.0,4.1,1.0,diazepam,14,20261213,10,2.457142857142857,2.457142857142857,1.4571428571428569,8.1,38.175,5.33621657039685,0.17732063964452607,-2.614910734693919,0.06044615384615407,24913548378767.316,21.9,0.6301369863013698
nmda_excitotoxic,True,1.0,4.1,1.0,diazepam,14,20261213,12.5,2.6999999999999997,2.6999999999999997,1.6999999999999997,8.1,38.175,5.345399592924836,0.17732063964452607,-3.1446089999997415,0.06020384615384641,24913548378767.316,21.9,0.6301369863013698
nmda_excitotoxic,True,1.0,4.1,1.0,diazepam,14,20261213,15,2.9124999999999996,2.9124999999999996,1.9124999999999996,8.1,38.175,5.3501800889403,0.17732063964452607,-3.529660830357142,0.06001153846153875,24913548378767.316,21.9,0.6301369863013698
nmda_excitotoxic,True,1.0,4.1,1.0,diazepam,14,20261213,20,3.2666666666666666,3.2666666666666666,2.2666666666666666,8.1,38.175,5.361185391044751,0.17721791760680913,-4.19121033333338,0.05969615384615416,24909811685245.99,21.9,0.6301369863013698
nmda_excitotoxic,True,1.0,4.1,1.0,diazepam,14,20261213,30,3.7818181818181813,3.7818181818181813,2.7818181818181813,5.5,43.092592592592595,5.176821359308674,0.12431044881508685,-5.818482597402537,0.0484576923076924,16514484521929.562,21.9,0.7488584474885844
nmda_excitotoxic,True,1.0,4.1,1.0,diazepam,14,20261213,60,4.6,4.6,3.5999999999999996,5.4,43.89622641509434,5.252578876500031,0.12108305875333783,-9.17274500000013,0.04762692307692316,15927225274389.775,21.9,0.7534246575342465
nmda_excitotoxic,True,1.0,4.1,1.0,perampanel,15,20261214,0,1.0,1.0,0.0,19.6,50.12307692307692,6.751305294926766,0.42602560301235026,-0.5268837500000048,0.10897692307692,185531478817290.8,19.6,0.0
nmda_excitotoxic,True,1.0,4.1,1.0,perampanel,15,20261214,6,0.9741421208800244,1.0,0.025857879119975637,18.0,54.60335195530726,6.7077080012186965,0.3948930333945262,-0.5295076785714324,0.10560384615384291,154255832727036.2,19.6,0.08163265306122458
nmda_excitotoxic,True,1.0,4.1,1.0,perampanel,15,20261214,8,0.9676668921927091,1.0,0.03233310780729098,17.9,54.91011235955056,6.678453984723682,0.39446251491989326,-0.5295962500000039,0.10475769230768912,153059526186396.22,19.6,0.08673469387755117
nmda_excitotoxic,True,1.0,4.1,1.0,perampanel,15,20261214,10,0.9615904074078002,1.0,0.03840959259219974,17.7,55.53409090909091,6.685885124224825,0.39446251491989326,-0.5299339285714325,0.10466923076922756,153059526186396.22,19.6,0.09693877551020413
nmda_excitotoxic,True,1.0,4.1,1.0,perampanel,15,20261214,12,0.9558253497558058,1.0,0.044174650244194216,15.6,63.05806451612903,5.915102570424127,0.2778062440253673,-0.5339860714285752,0.07543076923076938,99948677884062.44,19.6,0.20408163265306134
nmda_excitotoxic,True,1.0,4.1,1.0,perampanel,15,20261214,14,0.9503156200134328,1.0,0.049684379986567204,15.6,63.05806451612903,5.895524416345836,0.2778062440253673,-0.5339860714285752,0.07466153846153865,99948677884062.44,19.6,0.20408163265306134
nmda_excitotoxic,True,1.0,4.1,1.0,perampanel,15,20261214,16,0.9450221738818855,1.0,0.05497782611811456,15.6,63.05806451612903,5.878929991722313,0.2743986595794393,-0.5346558928571481,0.07395000000000027,99496681727191.62,19.6,0.20408163265306134
nmda_excitotoxic,True,1.0,4.1,1.0,perampanel,15,20261214,18,0.9399162876906435,1.0,0.06008371230935653,15.6,63.05806451612903,5.8609746923717365,0.2743986595794393,-0.5345783928571479,0.07319230769230801,99496681727191.62,19.6,0.20408163265306134
nmda_excitotoxic,True,1.0,4.1,1.0,perampanel,15,20261214,22,0.9301837569953113,1.0,0.06981624300468868,0.0,nan,4.442694442733066,0.0,-0.8087899999999986,0.027957692307692236,0.0,19.6,1.0
nmda_excitotoxic,True,1.0,4.1,1.0,memantine,15,20261214,0,1.0,1.0,0.0,19.6,50.12307692307692,6.751305294926766,0.42602560301235026,-0.5268837500000048,0.10897692307692,185531478817290.8,19.6,0.0
nmda_excitotoxic,True,1.0,4.1,1.0,memantine,15,20261214,50,0.9268452221991218,1.0,0.07315477780087822,19.3,50.90625,6.616828325606545,0.3734483312016428,-0.526296964285719,0.1056384615384584,19016715496222.43,19.6,0.015306122448979664
nmda_excitotoxic,True,1.0,4.1,1.0,memantine,15,20261214,100,0.870062755069906,1.0,0.12993724493009393,19.1,51.44210526315789,6.527241347335819,0.34630500630772276,-0.5265571428571476,0.10306538461538148,3226245995218.1,19.6,0.025510204081632626
nmda_excitotoxic,True,1.0,4.1,1.0,memantine,15,20261214,125,0.8450406189991146,1.0,0.15495938100088538,19.1,51.44210526315789,6.479279459615125,0.33073341541015994,-0.5265571428571476,0.1018038461538431,1484005079125.7642,19.6,0.025510204081632626
nmda_excitotoxic,True,1.0,4.1,1.0,memantine,15,20261214,150,0.8217846664011272,1.0,0.1782153335988728,18.9,51.98936170212766,6.44066712571061,0.30176127205908654,-0.5273598214285762,0.10067692307692028,696493662788.9747,19.6,0.03571428571428581
nmda_excitotoxic,True,1.0,4.1,1.0,memantine,15,20261214,175,0.8000596497582824,1.0,0.19994035024171763,18.8,52.26737967914438,6.404218057499657,0.29346938627259134,-0.5275203571428619,0.09963461538461273,360632191738.99414,19.6,0.04081632653061229
nmda_excitotoxic,True,1.0,4.1,1.0,memantine,15,20261214,200,0.7796827121197533,1.0,0.22031728788024676,18.7,52.54838709677419,6.367436714120942,0.28792867537714295,-0.5276033928571475,0.09853076923076665,193165664904.7708,19.6,0.04591836734693888
nmda_excitotoxic,True,1.0,4.1,1.0,memantine,15,20261214,250,0.7424088119900276,1.0,0.2575911880099724,18.3,53.706043956043956,6.307450100769699,0.28795628723419775,-0.5282953571428619,0.0965807692307669,61098701387.81023,19.6,0.06632653061224492
nmda_excitotoxic,True,1.0,4.1,1.0,memantine,15,20261214,350,0.6789546199580587,1.0,0.3210453800419412,17.2,57.16081871345029,6.258770717910565,0.32576804131144493,-0.5315558928571479,0.09439230769230561,9113725566.195393,19.6,0.12244897959183687
nmda_excitotoxic,True,1.0,4.1,1.0,memantine,15,20261214,500,0.6036820500876947,1.0,0.39631794991230535,16.9,58.18154761904762,6.122754482841361,0.26257380405004804,-0.5329342857142906,0.08956923076922954,863029617.726648,19.6,0.13775510204081642
nmda_excitotoxic,True,1.0,4.1,1.0,diazepam,15,20261214,0,1.0,1.0,0.0,19.6,50.12307692307692,6.751305294926766,0.42602560301235026,-0.5268837500000048,0.10897692307692,185531478817290.8,19.6,0.0
nmda_excitotoxic,True,1.0,4.1,1.0,diazepam,15,20261214,2.5,1.4636363636363636,1.4636363636363636,0.4636363636363636,19.6,50.12307692307692,6.755777499736269,0.42602560301235026,-0.8385285113636254,0.10889999999999697,185531478817290.8,19.6,0.0
nmda_excitotoxic,True,1.0,4.1,1.0,diazepam,15,20261214,5,1.8499999999999999,1.8499999999999999,0.8499999999999999,19.5,50.381443298969074,6.778855448314741,0.42602560301235026,-1.1473584375000714,0.10929999999999704,185531478817290.8,19.6,0.005102040816326592
nmda_excitotoxic,True,1.0,4.1,1.0,diazepam,15,20261214,7.5,2.1769230769230767,2.1769230769230767,1.1769230769230767,19.3,50.90625,6.828487424843512,0.43865052356475354,-1.6104721428570412,0.10976153846153561,186668306536382.28,19.6,0.015306122448979664
nmda_excitotoxic,True,1.0,4.1,1.0,diazepam,15,20261214,10,2.457142857142857,2.457142857142857,1.4571428571428569,7.0,44.268115942028984,5.4458851864876126,0.18627791142356487,-2.5697383571429135,0.06011923076923073,28165997422781.195,19.6,0.6428571428571429
nmda_excitotoxic,True,1.0,4.1,1.0,diazepam,15,20261214,12.5,2.6999999999999997,2.6999999999999997,1.6999999999999997,6.8,45.582089552238806,5.459858728035773,0.19405968644859828,-3.014141624999758,0.059976923076923046,28759365369609.426,19.6,0.653061224489796
nmda_excitotoxic,True,1.0,4.1,1.0,diazepam,15,20261214,15,2.9124999999999996,2.9124999999999996,1.9124999999999996,6.8,45.582089552238806,5.465596047163473,0.19359350372162895,-3.442372165178568,0.05968846153846154,28757518698460.215,19.6,0.653061224489796
nmda_excitotoxic,True,1.0,4.1,1.0,diazepam,15,20261214,20,3.2666666666666666,3.2666666666666666,2.2666666666666666,6.8,45.582089552238806,5.472818930760417,0.1926481762600135,-4.140884416666705,0.05928461538461545,28757518698461.44,19.6,0.653061224489796
nmda_excitotoxic,True,1.0,4.1,1.0,diazepam,15,20261214,30,3.7818181818181813,3.7818181818181813,2.7818181818181813,5.6,42.30909090909091,5.364496157808572,0.15271590192757015,-5.617275688311602,0.05380000000000018,17773488818587.637,19.6,0.7142857142857143
nmda_excitotoxic,True,1.0,4.1,1.0,diazepam,15,20261214,60,4.6,4.6,3.5999999999999996,5.6,42.30909090909091,5.4079910010582,0.15271590192757015,-8.867097178571512,0.052634615384615634,17773488818587.637,19.6,0.7142857142857143
nmda_excitotoxic,True,1.0,4.1,1.0,perampanel,16,20261215,0,1.0,1.0,0.0,16.9,58.17857142857143,5.964927161774153,0.340838464385848,-0.5305982142857206,0.07953076923076884,125429000719740.55,16.9,0.0
nmda_excitotoxic,True,1.0,4.1,1.0,perampanel,16,20261215,6,0.9741421208800244,1.0,0.025857879119975637,16.5,59.59451219512195,5.916161751653649,0.3288244065420562,-0.5319489285714342,0.07716538461538451,117037603919123.5,16.9,0.023668639053254337
nmda_excitotoxic,True,1.0,4.1,1.0,perampanel,16,20261215,8,0.9676668921927091,1.0,0.03233310780729098,16.5,59.59451219512195,5.892698842043036,0.3288244065420562,-0.5321039285714347,0.07624615384615378,117037603919123.5,16.9,0.023668639053254337
nmda_excitotoxic,True,1.0,4.1,1.0,perampanel,16,20261215,10,0.9615904074078002,1.0,0.03840959259219974,16.4,59.9601226993865,5.87441006036053,0.3286311003004006,-0.5321758928571492,0.07540769230769233,115899120999122.36,16.9,0.029585798816568087
nmda_excitotoxic,True,1.0,4.1,1.0,perampanel,16,20261215,12,0.9558253497558058,1.0,0.044174650244194216,16.3,60.33024691358025,5.8732303019941545,0.32200054636181585,-0.532170357142863,0.07511538461538465,112754395721543.33,16.9,0.035502958579881505
nmda_excitotoxic,True,1.0,4.1,1.0,perampanel,16,20261215,14,0.9503156200134328,1.0,0.049684379986567204,16.3,60.33024691358025,5.853805961242167,0.32200054636181585,-0.5322423214285773,0.07446538461538468,112754395721543.33,16.9,0.035502958579881505
nmda_excitotoxic,True,1.0,4.1,1.0,perampanel,16,20261215,16,0.9450221738818855,1.0,0.05497782611811456,16.3,60.33024691358025,5.836714274799666,0.3188868922980642,-0.5322367857142916,0.07368461538461556,110734511529560.9,16.9,0.035502958579881505
nmda_excitotoxic,True,1.0,4.1,1.0,perampanel,16,20261215,18,0.9399162876906435,1.0,0.06008371230935653,0.7,198.5,4.868684395079742,0.04314707701101469,-0.7674216071428589,0.040761538461538495,1429967090901.452,16.9,0.9585798816568047
nmda_excitotoxic,True,1.0,4.1,1.0,perampanel,16,20261215,22,0.9301837569953113,1.0,0.06981624300468868,0.0,nan,4.530198210746086,0.010662562499999997,-0.795482142857142,0.03141538461538469,450018001291.665,16.9,1.0
nmda_excitotoxic,True,1.0,4.1,1.0,memantine,16,20261215,0,1.0,1.0,0.0,16.9,58.17857142857143,5.964927161774153,0.340838464385848,-0.5305982142857206,0.07953076923076884,125429000719740.55,16.9,0.0
nmda_excitotoxic,True,1.0,4.1,1.0,memantine,16,20261215,50,0.9268452221991218,1.0,0.07315477780087822,16.7,58.87951807228916,5.899940205758989,0.31486110938109685,-0.5307919642857207,0.07706153846153835,12757769973808.61,16.9,0.011834319526627168
nmda_excitotoxic,True,1.0,4.1,1.0,memantine,16,20261215,100,0.870062755069906,1.0,0.12993724493009393,16.5,59.59756097560975,5.863371078230425,0.29084717507343266,-0.5311462500000065,0.07527692307692328,2139692903537.1448,16.9,0.023668639053254337
nmda_excitotoxic,True,1.0,4.1,1.0,memantine,16,20261215,125,0.8450406189991146,1.0,0.15495938100088538,16.5,59.59756097560975,5.84542903133733,0.2824827007316851,-0.5312458928571494,0.0743115384615386,1000960045087.665,16.9,0.023668639053254337
nmda_excitotoxic,True,1.0,4.1,1.0,memantine,16,20261215,150,0.8217846664011272,1.0,0.1782153335988728,16.4,59.96319018404908,5.825151207986318,0.2626690627107173,-0.5312735714285779,0.07340000000000037,466693435904.6585,16.9,0.029585798816568087
nmda_excitotoxic,True,1.0,4.1,1.0,memantine,16,20261215,175,0.8000596497582824,1.0,0.19994035024171763,16.4,59.96319018404908,5.805611603030682,0.255725041980882,-0.5315558928571493,0.07249230769230812,241679029707.39154,16.9,0.029585798816568087
nmda_excitotoxic,True,1.0,4.1,1.0,memantine,16,20261215,200,0.7796827121197533,1.0,0.22031728788024676,16.1,61.0875,5.793151992196797,0.23581948975618375,-0.5327239285714349,0.07145769230769283,123153513722.46988,16.9,0.04733727810650867
nmda_excitotoxic,True,1.0,4.1,1.0,memantine,16,20261215,250,0.7424088119900276,1.0,0.2575911880099724,15.7,62.65384615384615,5.766804802641071,0.22565772762578545,-0.5336096428571493,0.06985000000000068,38690544900.91949,16.9,0.07100591715976323
nmda_excitotoxic,True,1.0,4.1,1.0,memantine,16,20261215,350,0.6789546199580587,1.0,0.3210453800419412,14.7,66.94520547945206,5.739454670920391,0.23229391155379825,-0.5349160714285776,0.06761923076923157,5219742461.898345,16.9,0.1301775147928994
nmda_excitotoxic,True,1.0,4.1,1.0,memantine,16,20261215,500,0.6036820500876947,1.0,0.39631794991230535,13.7,71.87132352941177,5.712290499847291,0.2087519359474316,-0.541110535714292,0.0641846153846164,466445853.9489783,16.9,0.18934911242603547
nmda_excitotoxic,True,1.0,4.1,1.0,diazepam,16,20261215,0,1.0,1.0,0.0,16.9,58.17857142857143,5.964927161774153,0.340838464385848,-0.5305982142857206,0.07953076923076884,125429000719740.55,16.9,0.0
nmda_excitotoxic,True,1.0,4.1,1.0,diazepam,16,20261215,2.5,1.4636363636363636,1.4636363636363636,0.4636363636363636,16.8,58.52395209580838,5.988820604021656,0.3370785081358479,-0.8390146477272605,0.07978076923076902,124621249425794.44,16.9,0.005917159763313529
nmda_excitotoxic,True,1.0,4.1,1.0,diazepam,16,20261215,5,1.8499999999999999,1.8499999999999999,0.8499999999999999,16.7,58.876506024096386,6.019591646048041,0.3305950317757011,-1.1564729910715024,0.08002307692307685,121539584634504.3,16.9,0.011834319526627168
nmda_excitotoxic,True,1.0,4.1,1.0,diazepam,16,20261215,7.5,2.1769230769230767,2.1769230769230767,1.1769230769230767,16.5,59.59451219512195,6.051141288936525,0.32981513849299077,-1.6442867554944012,0.08009615384615398,116874683277297.12,16.9,0.023668639053254337
nmda_excitotoxic,True,1.0,4.1,1.0,diazepam,16,20261215,10,2.457142857142857,2.457142857142857,1.4571428571428569,18.4,36.33606557377049,5.507953325826663,0.4160099420977971,-2.141070040816353,0.07994230769230667,92707257866904.97,16.9,-0.08875739644970415
nmda_excitotoxic,True,1.0,4.1,1.0,diazepam,16,20261215,12.5,2.6999999999999997,2.6999999999999997,1.6999999999999997,18.4,36.33606557377049,5.522218091893037,0.4161005263017358,-2.530385517856973,0.0798846153846144,93238692132370.28,16.9,-0.08875739644970415
nmda_excitotoxic,True,1.0,4.1,1.0,diazepam,16,20261215,15,2.9124999999999996,2.9124999999999996,1.9124999999999996,18.3,36.535714285714285,5.548810823391799,0.41789872389853133,-2.968217685267843,0.08009230769230673,90668880524500.9,16.9,-0.08284023668639073
nmda_excitotoxic,True,1.0,4.1,1.0,diazepam,16,20261215,20,3.2666666666666666,3.2666666666666666,2.2666666666666666,18.1,36.94166666666667,5.584226872401268,0.42569810627503346,-3.5540983333333185,0.08045769230769129,90665437844566.27,16.9,-0.07100591715976345
nmda_excitotoxic,True,1.0,4.1,1.0,diazepam,16,20261215,30,3.7818181818181813,3.7818181818181813,2.7818181818181813,17.9,37.35674157303371,5.640975723606818,0.4064051693341122,-4.291541766233678,0.081526923076922,86359047660540.75,16.9,-0.059171597633136175
nmda_excitotoxic,True,1.0,4.1,1.0,diazepam,16,20261215,60,4.6,4.6,3.5999999999999996,17.8,37.567796610169495,5.728775610574781,0.41871907662716956,-6.152553392857464,0.08180769230769111,84320576860752.31,16.9,-0.053254437869822535
nmda_excitotoxic,True,1.0,4.1,1.0,perampanel,17,20261216,0,1.0,1.0,0.0,19.2,51.175392670157066,6.758837055458779,0.4173114625333783,-0.5278192857142895,0.1089923076923045,179829912802012.12,19.2,0.0
nmda_excitotoxic,True,1.0,4.1,1.0,perampanel,17,20261216,6,0.9741421208800244,1.0,0.025857879119975637,19.1,51.444736842105264,6.653699508982465,0.3935081215453942,-0.528267678571433,0.10573846153845823,175773050768051.7,19.2,0.005208333333333259
nmda_excitotoxic,True,1.0,4.1,1.0,perampanel,17,20261216,8,0.9676668921927091,1.0,0.03233310780729098,19.1,51.444736842105264,6.626479585593104,0.3903477892690257,-0.5282067857142901,0.10501923076922753,172963750128071.56,19.2,0.005208333333333259
nmda_excitotoxic,True,1.0,4.1,1.0,perampanel,17,20261216,10,0.9615904074078002,1.0,0.03840959259219974,19.0,51.716931216931215,6.619344922236312,0.3793711415887854,-0.5277473214285755,0.10461153846153524,171701104408283.5,19.2,0.01041666666666663
nmda_excitotoxic,True,1.0,4.1,1.0,perampanel,17,20261216,12,0.9558253497558058,1.0,0.044174650244194216,18.3,53.706043956043956,6.6054216703746915,0.3780038370911218,-0.525361428571433,0.10294615384615051,157653286987415.84,19.2,0.04687499999999989
nmda_excitotoxic,True,1.0,4.1,1.0,perampanel,17,20261216,14,0.9503156200134328,1.0,0.049684379986567204,18.3,53.706043956043956,6.583774947278484,0.3733914602553407,-0.5254610714285757,0.10220384615384284,156663791129961.6,19.2,0.04687499999999989
nmda_excitotoxic,True,1.0,4.1,1.0,perampanel,17,20261216,16,0.9450221738818855,1.0,0.05497782611811456,18.2,54.00276243093923,6.578249741460594,0.37246606281708966,-0.5261198214285755,0.1020692307692275,156461126771830.16,19.2,0.05208333333333337
nmda_excitotoxic,True,1.0,4.1,1.0,perampanel,17,20261216,18,0.9399162876906435,1.0,0.06008371230935653,15.8,62.25796178343949,5.830937922662913,0.31478775102636875,-0.5319046428571471,0.0727423076923079,108872790983598.08,19.2,0.17708333333333326
nmda_excitotoxic,True,1.0,4.1,1.0,perampanel,17,20261216,22,0.9301837569953113,1.0,0.06981624300468868,6.2,50.09016393442623,5.135964077323499,0.15145843733311082,-0.721286964285719,0.05378461538461578,23180361120619.137,19.2,0.6770833333333333
nmda_excitotoxic,True,1.0,4.1,1.0,memantine,17,20261216,0,1.0,1.0,0.0,19.2,51.175392670157066,6.758837055458779,0.4173114625333783,-0.5278192857142895,0.1089923076923045,179829912802012.12,19.2,0.0
nmda_excitotoxic,True,1.0,4.1,1.0,memantine,17,20261216,50,0.9268452221991218,1.0,0.07315477780087822,19.1,51.444736842105264,6.657232659763905,0.382684146337132,-0.5205121428571468,0.10696923076922747,19005635708006.902,19.2,0.005208333333333259
nmda_excitotoxic,True,1.0,4.1,1.0,memantine,17,20261216,100,0.870062755069906,1.0,0.12993724493009393,18.8,52.27005347593583,6.55685665477032,0.36193187489103623,-0.5205730357142897,0.1042653846153815,3282658162248.791,19.2,0.02083333333333326
nmda_excitotoxic,True,1.0,4.1,1.0,memantine,17,20261216,125,0.8450406189991146,1.0,0.15495938100088538,18.8,52.27005347593583,6.504980735570986,0.33895576383036324,-0.5207833928571468,0.10288846153845843,1516375222960.309,19.2,0.02083333333333326
nmda_excitotoxic,True,1.0,4.1,1.0,memantine,17,20261216,150,0.8217846664011272,1.0,0.1782153335988728,18.8,52.27005347593583,6.4585238749027845,0.3081580010439234,-0.5207833928571468,0.10174230769230459,734775678913.4666,19.2,0.02083333333333326
nmda_excitotoxic,True,1.0,4.1,1.0,memantine,17,20261216,175,0.8000596497582824,1.0,0.19994035024171763,18.7,52.55107526881721,6.409792174745575,0.2840889885371799,-0.5287160714285752,0.10021153846153567,365962066374.5908,19.2,0.02604166666666663
nmda_excitotoxic,True,1.0,4.1,1.0,memantine,17,20261216,200,0.7796827121197533,1.0,0.22031728788024676,19.3,50.908854166666664,6.423497342230294,0.28357761203440374,-0.5264076785714322,0.10324615384615159,194589986528.59872,19.2,-0.005208333333333481
nmda_excitotoxic,True,1.0,4.1,1.0,memantine,17,20261216,250,0.7424088119900276,1.0,0.2575911880099724,19.2,51.175392670157066,6.3519596825946065,0.27214290523597906,-0.5264851785714323,0.10112307692307473,62840447238.20491,19.2,0.0
nmda_excitotoxic,True,1.0,4.1,1.0,memantine,17,20261216,350,0.6789546199580587,1.0,0.3210453800419412,17.8,55.22316384180791,6.3057127786963845,0.31846200474642045,-0.5294025000000039,0.09843846153845977,9073647303.535011,19.2,0.07291666666666663
nmda_excitotoxic,True,1.0,4.1,1.0,memantine,17,20261216,500,0.6036820500876947,1.0,0.39631794991230535,16.5,59.60060975609756,6.230986080394104,0.2981085813923935,-0.5303823214285756,0.09422307692307579,916866394.6588141,19.2,0.140625
nmda_excitotoxic,True,1.0,4.1,1.0,diazepam,17,20261216,0,1.0,1.0,0.0,19.2,51.175392670157066,6.758837055458779,0.4173114625333783,-0.5278192857142895,0.1089923076923045,179829912802012.12,19.2,0.0
nmda_excitotoxic,True,1.0,4.1,1.0,diazepam,17,20261216,2.5,1.4636363636363636,1.4636363636363636,0.4636363636363636,19.2,51.175392670157066,6.764380338003738,0.41610966713951986,-0.8409672954545356,0.10894230769230455,179549158681828.56,19.2,0.0
nmda_excitotoxic,True,1.0,4.1,1.0,diazepam,17,20261216,5,1.8499999999999999,1.8499999999999999,0.8499999999999999,19.1,51.444736842105264,6.798548730458601,0.4155621159712955,-1.1575073392857862,0.10947692307692007,179390690131307.56,19.2,0.005208333333333259
nmda_excitotoxic,True,1.0,4.1,1.0,diazepam,17,20261216,7.5,2.1769230769230767,2.1769230769230767,1.1769230769230767,19.0,51.716931216931215,6.830326724799594,0.41423736881675616,-1.6115687678570425,0.10978461538461264,179160393507113.56,19.2,0.01041666666666663
nmda_excitotoxic,True,1.0,4.1,1.0,diazepam,17,20261216,10,2.457142857142857,2.457142857142857,1.4571428571428569,19.0,51.716931216931215,6.841905124076279,0.4108456684496,-1.9134126836734748,0.10971923076922808,179026232096670.4,19.2,0.01041666666666663
nmda_excitotoxic,True,1.0,4.1,1.0,diazepam,17,20261216,12.5,2.6999999999999997,2.6999999999999997,1.6999999999999997,19.0,51.716931216931215,6.848781760150507,0.4108456684496,-2.1611041071427373,0.10949999999999743,179026232096670.4,19.2,0.01041666666666663
nmda_excitotoxic,True,1.0,4.1,1.0,diazepam,17,20261216,15,2.9124999999999996,2.9124999999999996,1.9124999999999996,6.7,46.28030303030303,5.47285380157402,0.16013324223965297,-3.524533790178576,0.0596692307692307,26456372551764.215,19.2,0.6510416666666666
nmda_excitotoxic,True,1.0,4.1,1.0,diazepam,17,20261216,20,3.2666666666666666,3.2666666666666666,2.2666666666666666,6.7,46.28030303030303,5.477433905437317,0.16013324223965297,-4.152421583333351,0.059288461538461526,26456372551764.215,19.2,0.6510416666666666
nmda_excitotoxic,True,1.0,4.1,1.0,diazepam,17,20261216,30,3.7818181818181813,3.7818181818181813,2.7818181818181813,5.1,46.55,5.1983517254431835,0.1309919516855808,-5.92100161038953,0.04849230769230779,15148464665192.465,19.2,0.734375
nmda_excitotoxic,True,1.0,4.1,1.0,diazepam,17,20261216,60,4.6,4.6,3.5999999999999996,5.0,47.5,5.27056077925342,0.14042619537716955,-9.224233785714338,0.047734615384615424,15641753699355.037,19.2,0.7395833333333333
nmda_excitotoxic,True,1.0,4.1,1.0,perampanel,18,20261217,0,1.0,1.0,0.0,21.9,44.83256880733945,6.42332297555826,0.4128983859312417,-0.526916964285717,0.10323076923076763,160556919700237.97,21.9,0.0
nmda_excitotoxic,True,1.0,4.1,1.0,perampanel,18,20261217,6,0.9741421208800244,1.0,0.025857879119975637,20.7,47.44417475728155,6.54274346840436,0.40822576947596806,-0.5307753571428598,0.10606538461538287,159661992386908.38,21.9,0.0547945205479452
nmda_excitotoxic,True,1.0,4.1,1.0,perampanel,18,20261217,8,0.9676668921927091,1.0,0.03233310780729098,19.7,49.86479591836735,6.599478240098399,0.42551206774866507,-0.5276587500000033,0.10627307692307454,163180120005406.8,21.9,0.1004566210045662
nmda_excitotoxic,True,1.0,4.1,1.0,perampanel,18,20261217,10,0.9615904074078002,1.0,0.03840959259219974,19.5,50.378865979381445,6.590303567244933,0.4253187615070095,-0.5276587500000033,0.10593846153845918,161973741842047.84,21.9,0.1095890410958904
nmda_excitotoxic,True,1.0,4.1,1.0,perampanel,18,20261217,12,0.9558253497558058,1.0,0.044174650244194216,8.5,36.36904761904762,5.180606815903881,0.20690451158210954,-0.7060748214285709,0.05856923076923116,32022741528372.52,21.9,0.6118721461187214
nmda_excitotoxic,True,1.0,4.1,1.0,perampanel,18,20261217,14,0.9503156200134328,1.0,0.049684379986567204,8.6,35.94117647058823,5.151004245257003,0.2188642488734981,-0.7044362500000013,0.0576846153846159,33312205059321.594,21.9,0.6073059360730593
nmda_excitotoxic,True,1.0,4.1,1.0,perampanel,18,20261217,16,0.9450221738818855,1.0,0.05497782611811456,8.6,35.94117647058823,5.130262714071723,0.2188642488734981,-0.7079458928571425,0.057134615384615915,33312205059321.594,21.9,0.6073059360730593
nmda_excitotoxic,True,1.0,4.1,1.0,perampanel,18,20261217,18,0.9399162876906435,1.0,0.06008371230935653,8.4,36.80722891566265,5.126529119399224,0.21818078393691595,-0.7106528571428574,0.05709615384615443,32832202009484.883,21.9,0.6164383561643836
nmda_excitotoxic,True,1.0,4.1,1.0,perampanel,18,20261217,22,0.9301837569953113,1.0,0.06981624300468868,8.4,36.80722891566265,5.08164321498231,0.20535963507176244,-0.7138857142857145,0.055942307692308235,32780979179859.797,21.9,0.6164383561643836
nmda_excitotoxic,True,1.0,4.1,1.0,memantine,18,20261217,0,1.0,1.0,0.0,21.9,44.83256880733945,6.42332297555826,0.4128983859312417,-0.526916964285717,0.10323076923076763,160556919700237.97,21.9,0.0
nmda_excitotoxic,True,1.0,4.1,1.0,memantine,18,20261217,50,0.9268452221991218,1.0,0.07315477780087822,20.2,48.62686567164179,6.61074355970597,0.40650426752083874,-0.5188625000000032,0.1083384615384597,17641106071517.004,21.9,0.07762557077625565
nmda_excitotoxic,True,1.0,4.1,1.0,memantine,18,20261217,100,0.870062755069906,1.0,0.12993724493009393,16.7,58.87951807228916,5.872030822957137,0.26453003293510446,-0.5337591071428605,0.07571153846153864,2086848197125.557,21.9,0.2374429223744292
nmda_excitotoxic,True,1.0,4.1,1.0,memantine,18,20261217,125,0.8450406189991146,1.0,0.15495938100088538,16.4,59.96319018404908,5.862672791764016,0.2557892722177843,-0.5339971428571462,0.07494615384615409,935139309656.9774,21.9,0.25114155251141557
nmda_excitotoxic,True,1.0,4.1,1.0,memantine,18,20261217,150,0.8217846664011272,1.0,0.1782153335988728,16.2,60.70807453416149,5.854827875744854,0.2240571775784493,-0.5351485714285745,0.07393076923076954,434243275414.8488,21.9,0.26027397260273966
nmda_excitotoxic,True,1.0,4.1,1.0,memantine,18,20261217,175,0.8000596497582824,1.0,0.19994035024171763,16.0,61.471698113207545,5.839923190076945,0.22519602397743194,-0.5352703571428603,0.0730500000000004,222636339593.753,21.9,0.26940639269406386
nmda_excitotoxic,True,1.0,4.1,1.0,memantine,18,20261217,200,0.7796827121197533,1.0,0.22031728788024676,15.6,63.05806451612903,5.841632433226324,0.22049367792373692,-0.5364328571428604,0.07253076923076979,115219776080.30983,21.9,0.28767123287671226
nmda_excitotoxic,True,1.0,4.1,1.0,memantine,18,20261217,250,0.7424088119900276,1.0,0.2575911880099724,15.5,63.467532467532465,5.810891949119038,0.20246130749258429,-0.5373407142857176,0.07105000000000078,36261493999.23396,21.9,0.2922374429223744
nmda_excitotoxic,True,1.0,4.1,1.0,memantine,18,20261217,350,0.6789546199580587,1.0,0.3210453800419412,14.6,67.40689655172413,5.763099871132171,0.21933091088808893,-0.5392892857142889,0.06831153846153933,5055426973.959082,21.9,0.33333333333333326
nmda_excitotoxic,True,1.0,4.1,1.0,memantine,18,20261217,500,0.6036820500876947,1.0,0.39631794991230535,13.9,70.82608695652173,5.724831947693363,0.20677679662394993,-0.5418080357142889,0.06501538461538565,488219013.5503407,21.9,0.365296803652968
nmda_excitotoxic,True,1.0,4.1,1.0,diazepam,18,20261217,0,1.0,1.0,0.0,21.9,44.83256880733945,6.42332297555826,0.4128983859312417,-0.526916964285717,0.10323076923076763,160556919700237.97,21.9,0.0
nmda_excitotoxic,True,1.0,4.1,1.0,diazepam,18,20261217,2.5,1.4636363636363636,1.4636363636363636,0.4636363636363636,21.7,45.24768518518518,6.475416584539906,0.40966462725300407,-0.839452170454535,0.10449230769230605,160438122673314.2,21.9,0.0091324200913242
nmda_excitotoxic,True,1.0,4.1,1.0,diazepam,18,20261217,5,1.8499999999999999,1.8499999999999999,0.8499999999999999,21.6,45.45813953488372,6.5030009527344195,0.409096172037717,-1.1464265000000722,0.10494999999999839,160402952347950.72,21.9,0.013698630136986134
nmda_excitotoxic,True,1.0,4.1,1.0,diazepam,18,20261217,7.5,2.1769230769230767,2.1769230769230767,1.1769230769230767,9.4,32.83870967741935,5.247439776100569,0.22363276920060093,-2.2388141662086194,0.05877692307692349,33459168227755.95,21.9,0.5707762557077625
nmda_excitotoxic,True,1.0,4.1,1.0,diazepam,18,20261217,10,2.457142857142857,2.457142857142857,1.4571428571428569,9.4,32.83870967741935,5.252122295836542,0.22363276920060093,-2.651309795918418,0.058596153846154235,33459168227755.95,21.9,0.5707762557077625
nmda_excitotoxic,True,1.0,4.1,1.0,diazepam,18,20261217,12.5,2.6999999999999997,2.6999999999999997,1.6999999999999997,9.1,33.93333333333333,5.304638960756988,0.21167303190921233,-3.1290198749997358,0.05986538461538495,32169704696806.957,21.9,0.5844748858447488
nmda_excitotoxic,True,1.0,4.1,1.0,diazepam,18,20261217,15,2.9124999999999996,2.9124999999999996,1.9124999999999996,9.1,33.93333333333333,5.307429156710596,0.21167303190921233,-3.4895312611607197,0.059653846153846515,32169704696806.957,21.9,0.5844748858447488
nmda_excitotoxic,True,1.0,4.1,1.0,diazepam,18,20261217,20,3.2666666666666666,3.2666666666666666,2.2666666666666666,9.1,33.92777777777778,5.325806226620324,0.2108983084445929,-4.167810500000021,0.05951153846153891,32898966860748.754,21.9,0.5844748858447488
nmda_excitotoxic,True,1.0,4.1,1.0,diazepam,18,20261217,30,3.7818181818181813,3.7818181818181813,2.7818181818181813,9.1,33.92777777777778,5.338032063486939,0.210855601251669,-5.398692675324602,0.05902307692307737,32880661689049.402,21.9,0.5844748858447488
nmda_excitotoxic,True,1.0,4.1,1.0,diazepam,18,20261217,60,4.6,4.6,3.5999999999999996,5.2,45.627450980392155,5.2589550841937145,0.12753903767523367,-9.100324571428716,0.047557692307692356,15722850715592.826,21.9,0.7625570776255708
nmda_excitotoxic,True,1.0,4.1,1.0,perampanel,19,20261218,0,1.0,1.0,0.0,24.2,40.55601659751037,6.216371886898607,0.3999354042306412,-0.5296848214285748,0.09947692307692228,172221630136479.4,24.2,0.0
nmda_excitotoxic,True,1.0,4.1,1.0,perampanel,19,20261218,6,0.9741421208800244,1.0,0.025857879119975637,19.0,51.714285714285715,6.659625176939409,0.39209646150701,-0.525676964285719,0.10581153846153533,172636121210805.34,24.2,0.2148760330578512
nmda_excitotoxic,True,1.0,4.1,1.0,perampanel,19,20261218,8,0.9676668921927091,1.0,0.03233310780729098,19.0,51.714285714285715,6.640144939844187,0.38867988607309817,-0.5258596428571474,0.10508846153845852,169894620905087.66,24.2,0.2148760330578512
nmda_excitotoxic,True,1.0,4.1,1.0,perampanel,19,20261218,10,0.9615904074078002,1.0,0.03840959259219974,19.0,51.714285714285715,6.614463270521493,0.3886906752586789,-0.5260976785714334,0.10439615384615081,169798588270392.06,24.2,0.2148760330578512
nmda_excitotoxic,True,1.0,4.1,1.0,perampanel,19,20261218,12,0.9558253497558058,1.0,0.044174650244194216,19.8,49.61421319796954,6.564618392194643,0.42857732032710344,-0.5191171428571474,0.10486153846153638,163786592048364.7,24.2,0.18181818181818177
nmda_excitotoxic,True,1.0,4.1,1.0,perampanel,19,20261218,14,0.9503156200134328,1.0,0.049684379986567204,19.7,49.86734693877551,6.557267869710086,0.42857732032710344,-0.5188680357142902,0.10462692307692101,163786592048364.7,24.2,0.18595041322314054
nmda_excitotoxic,True,1.0,4.1,1.0,perampanel,19,20261218,16,0.9450221738818855,1.0,0.05497782611811456,7.1,43.642857142857146,5.111034241327646,0.18719132087783721,-0.7115828571428621,0.05528461538461588,22192757127141.92,24.2,0.7066115702479339
nmda_excitotoxic,True,1.0,4.1,1.0,perampanel,19,20261218,18,0.9399162876906435,1.0,0.06008371230935653,7.0,44.27536231884058,5.091256745274028,0.19016733790053417,-0.7114444642857196,0.05458076923076972,21530466762328.215,24.2,0.7107438016528925
nmda_excitotoxic,True,1.0,4.1,1.0,perampanel,19,20261218,22,0.9301837569953113,1.0,0.06981624300468868,7.0,44.27536231884058,5.057546192418658,0.17418158603971975,-0.7154467857142919,0.053569230769231306,20679288421716.258,24.2,0.7107438016528925
nmda_excitotoxic,True,1.0,4.1,1.0,memantine,19,20261218,0,1.0,1.0,0.0,24.2,40.55601659751037,6.216371886898607,0.3999354042306412,-0.5296848214285748,0.09947692307692228,172221630136479.4,24.2,0.0
nmda_excitotoxic,True,1.0,4.1,1.0,memantine,19,20261218,50,0.9268452221991218,1.0,0.07315477780087822,20.5,47.911764705882355,6.579088046216649,0.40248055570342534,-0.5196928571428617,0.1069192307692286,18534946845971.465,24.2,0.152892561983471
nmda_excitotoxic,True,1.0,4.1,1.0,memantine,19,20261218,100,0.870062755069906,1.0,0.12993724493009393,20.0,49.118090452261306,6.501926892730677,0.3823575933748231,-0.5178383928571473,0.10388076923076717,3169155665621.173,24.2,0.17355371900826444
nmda_excitotoxic,True,1.0,4.1,1.0,memantine,19,20261218,125,0.8450406189991146,1.0,0.15495938100088538,19.7,49.869897959183675,6.486689420078489,0.37086124887952104,-0.5189898214285759,0.10326153846153631,1479991680769.9675,24.2,0.18595041322314054
nmda_excitotoxic,True,1.0,4.1,1.0,memantine,19,20261218,150,0.8217846664011272,1.0,0.1782153335988728,19.3,50.908854166666664,6.461323262470584,0.3561784160879064,-0.5195600000000044,0.10222307692307497,704188817883.7479,24.2,0.2024793388429752
nmda_excitotoxic,True,1.0,4.1,1.0,memantine,19,20261218,175,0.8000596497582824,1.0,0.19994035024171763,17.6,55.854285714285716,5.93101508230681,0.27214183200295344,-0.5271605357142893,0.07989230769230765,260046284696.85696,24.2,0.2727272727272726
nmda_excitotoxic,True,1.0,4.1,1.0,memantine,19,20261218,200,0.7796827121197533,1.0,0.22031728788024676,17.4,56.5,5.910115193758914,0.2690960520672296,-0.527204821428575,0.0790038461538461,137708657398.47223,24.2,0.28099173553719015
nmda_excitotoxic,True,1.0,4.1,1.0,memantine,19,20261218,250,0.7424088119900276,1.0,0.2575911880099724,16.9,58.18154761904762,5.912702735186477,0.2624767984633049,-0.528693928571432,0.0783384615384615,43143745992.02109,24.2,0.30165289256198347
nmda_excitotoxic,True,1.0,4.1,1.0,memantine,19,20261218,350,0.6789546199580587,1.0,0.3210453800419412,14.9,66.04391891891892,5.934237631534406,0.2531912516505296,-0.5327516071428606,0.07718076923076929,5774498259.117432,24.2,0.38429752066115697
nmda_excitotoxic,True,1.0,4.1,1.0,memantine,19,20261218,500,0.6036820500876947,1.0,0.39631794991230535,14.6,67.4103448275862,5.850454440979798,0.23627918511328044,-0.5342407142857177,0.07296538461538472,590729734.9433804,24.2,0.39669421487603307
nmda_excitotoxic,True,1.0,4.1,1.0,diazepam,19,20261218,0,1.0,1.0,0.0,24.2,40.55601659751037,6.216371886898607,0.3999354042306412,-0.5296848214285748,0.09947692307692228,172221630136479.4,24.2,0.0
nmda_excitotoxic,True,1.0,4.1,1.0,diazepam,19,20261218,2.5,1.4636363636363636,1.4636363636363636,0.4636363636363636,24.0,40.89539748953975,6.265461520120355,0.39651882879672934,-0.830247988636351,0.10051153846153758,169547930164948.56,24.2,0.008264462809917328
nmda_excitotoxic,True,1.0,4.1,1.0,diazepam,19,20261218,5,1.8499999999999999,1.8499999999999999,0.8499999999999999,23.7,41.41525423728814,6.336459183907629,0.39643341441088153,-1.1301329553572133,0.10211538461538366,169370859817418.97,24.2,0.02066115702479343
nmda_excitotoxic,True,1.0,4.1,1.0,diazepam,19,20261218,7.5,2.1769230769230767,2.1769230769230767,1.1769230769230767,24.1,40.725,6.414216781462479,0.47754636175734366,-1.6336217760987939,0.10404230769230631,190928730784305.56,24.2,0.004132231404958553
nmda_excitotoxic,True,1.0,4.1,1.0,diazepam,19,20261218,10,2.457142857142857,2.457142857142857,1.4571428571428569,8.8,35.10344827586207,5.308521981805459,0.2077586554405876,-2.6010366530612847,0.05969615384615423,29831011195327.156,24.2,0.6363636363636362
nmda_excitotoxic,True,1.0,4.1,1.0,diazepam,19,20261218,12.5,2.6999999999999997,2.6999999999999997,1.6999999999999997,8.8,35.10344827586207,5.3118899418733205,0.2077586554405876,-3.074300999999754,0.05946923076923122,29831011195327.156,24.2,0.6363636363636362
nmda_excitotoxic,True,1.0,4.1,1.0,diazepam,19,20261218,15,2.9124999999999996,2.9124999999999996,1.9124999999999996,8.8,35.10344827586207,5.320165801055326,0.2077586554405876,-3.5069277276785535,0.05928846153846198,29831011195327.156,24.2,0.6363636363636362
nmda_excitotoxic,True,1.0,4.1,1.0,diazepam,19,20261218,20,3.2666666666666666,3.2666666666666666,2.2666666666666666,8.8,35.09770114942529,5.3309232307883025,0.20805236104806427,-4.156273333333343,0.05898076923076974,30560273359268.85,24.2,0.6363636363636362
nmda_excitotoxic,True,1.0,4.1,1.0,diazepam,19,20261218,30,3.7818181818181813,3.7818181818181813,2.7818181818181813,8.2,31.203703703703702,5.273416909639941,0.20036738899365836,-5.50908327272722,0.05634615384615439,26155683138265.234,24.2,0.6611570247933884
nmda_excitotoxic,True,1.0,4.1,1.0,diazepam,19,20261218,60,4.6,4.6,3.5999999999999996,8.2,31.191358024691358,5.3026814659542305,0.20010747451602146,-8.793021571428726,0.05523461538461594,26733981761477.633,24.2,0.6611570247933884
nmda_excitotoxic,True,1.0,4.1,1.0,perampanel,20,20261219,0,1.0,1.0,0.0,22.1,44.42727272727273,6.518306346471718,0.4634365046144866,-0.5268782142857191,0.10593461538461302,192866983680926.5,22.1,0.0
nmda_excitotoxic,True,1.0,4.1,1.0,perampanel,20,20261219,6,0.9741421208800244,1.0,0.025857879119975637,21.1,46.54047619047619,6.534519048725128,0.47621045079272417,-0.5291810714285763,0.10592307692307468,188663736854295.03,22.1,0.04524886877828049
nmda_excitotoxic,True,1.0,4.1,1.0,perampanel,20,20261219,8,0.9676668921927091,1.0,0.03233310780729098,20.2,48.624378109452735,6.522751789280542,0.46822930060914614,-0.5275092857142905,0.10424999999999778,169101082661413.9,22.1,0.08597285067873317
nmda_excitotoxic,True,1.0,4.1,1.0,perampanel,20,20261219,10,0.9615904074078002,1.0,0.03840959259219974,20.0,49.11306532663317,6.533368782906045,0.46499554193090836,-0.5275425000000048,0.10443461538461317,168178576551989.56,22.1,0.09502262443438925
nmda_excitotoxic,True,1.0,4.1,1.0,perampanel,20,20261219,12,0.9558253497558058,1.0,0.044174650244194216,4.2,32.31707317073171,4.741174624569473,0.14726608948598127,-0.7598930357142842,0.04466153846153864,8104630865971.459,22.1,0.8099547511312217
nmda_excitotoxic,True,1.0,4.1,1.0,perampanel,20,20261219,14,0.9503156200134328,1.0,0.049684379986567204,4.2,32.31707317073171,4.71803381282116,0.14726608948598127,-0.7589132142857129,0.04400000000000017,8104630865971.459,22.1,0.8099547511312217
nmda_excitotoxic,True,1.0,4.1,1.0,perampanel,20,20261219,16,0.9450221738818855,1.0,0.05497782611811456,0.0,nan,4.598713400582678,0.010662562499999997,-0.7911144642857109,0.03315384615384626,450018001291.665,22.1,1.0
nmda_excitotoxic,True,1.0,4.1,1.0,perampanel,20,20261219,18,0.9399162876906435,1.0,0.06008371230935653,0.0,nan,4.5748999361586415,0.010662562499999997,-0.7912583928571395,0.03256153846153855,450018001291.665,22.1,1.0
nmda_excitotoxic,True,1.0,4.1,1.0,perampanel,20,20261219,22,0.9301837569953113,1.0,0.06981624300468868,0.0,nan,4.52975763108248,0.010662562499999997,-0.8009846428571378,0.031246153846153833,450018001291.665,22.1,1.0
nmda_excitotoxic,True,1.0,4.1,1.0,memantine,20,20261219,0,1.0,1.0,0.0,22.1,44.42727272727273,6.518306346471718,0.4634365046144866,-0.5268782142857191,0.10593461538461302,192866983680926.5,22.1,0.0
nmda_excitotoxic,True,1.0,4.1,1.0,memantine,20,20261219,50,0.9268452221991218,1.0,0.07315477780087822,20.5,47.911764705882355,6.582755188317169,0.4347980962517718,-0.524431428571434,0.10766153846153623,19909003818670.727,22.1,0.07239819004524894
nmda_excitotoxic,True,1.0,4.1,1.0,memantine,20,20261219,100,0.870062755069906,1.0,0.12993724493009393,20.2,48.62686567164179,6.519252010735383,0.4141814767260009,-0.5251067857142911,0.1052153846153825,3476654264079.842,22.1,0.08597285067873317
nmda_excitotoxic,True,1.0,4.1,1.0,memantine,20,20261219,125,0.8450406189991146,1.0,0.15495938100088538,19.9,49.36363636363637,6.485033784745727,0.4097667309947802,-0.5246971428571481,0.10393846153845941,1563756395337.89,22.1,0.09954751131221728
nmda_excitotoxic,True,1.0,4.1,1.0,memantine,20,20261219,150,0.8217846664011272,1.0,0.1782153335988728,19.8,49.61421319796954,6.447721521121664,0.37774497954804676,-0.5248687500000053,0.10280384615384412,747301472038.2983,22.1,0.10407239819004532
nmda_excitotoxic,True,1.0,4.1,1.0,memantine,20,20261219,175,0.8000596497582824,1.0,0.19994035024171763,19.7,49.86734693877551,6.410148799861866,0.35623008270877565,-0.524973928571434,0.10155384615384415,377854988452.2505,22.1,0.10859728506787336
nmda_excitotoxic,True,1.0,4.1,1.0,memantine,20,20261219,200,0.7796827121197533,1.0,0.22031728788024676,19.5,50.381443298969074,6.408497598651816,0.34664361192678633,-0.5253282142857197,0.101449999999998,204018586265.7831,22.1,0.11764705882352944
nmda_excitotoxic,True,1.0,4.1,1.0,memantine,20,20261219,250,0.7424088119900276,1.0,0.2575911880099724,19.1,51.44210526315789,6.389145366270162,0.33649085325240446,-0.5277750000000055,0.10044230769230572,66734921436.42348,22.1,0.1357466063348416
nmda_excitotoxic,True,1.0,4.1,1.0,memantine,20,20261219,350,0.6789546199580587,1.0,0.3210453800419412,18.0,54.60335195530726,6.280877138457829,0.3400108447059029,-0.5334103571428624,0.0963846153846137,9031987322.654976,22.1,0.18552036199095023
nmda_excitotoxic,True,1.0,4.1,1.0,memantine,20,20261219,500,0.6036820500876947,1.0,0.39631794991230535,16.9,58.17857142857143,6.148207791802572,0.2627753525712866,-0.5307587500000055,0.08993846153846026,885051058.447701,22.1,0.235294117647059
nmda_excitotoxic,True,1.0,4.1,1.0,diazepam,20,20261219,0,1.0,1.0,0.0,22.1,44.42727272727273,6.518306346471718,0.4634365046144866,-0.5268782142857191,0.10593461538461302,192866983680926.5,22.1,0.0
nmda_excitotoxic,True,1.0,4.1,1.0,diazepam,20,20261219,2.5,1.4636363636363636,1.4636363636363636,0.4636363636363636,21.9,44.83256880733945,6.564747282310813,0.4634365046144866,-0.8326705681818058,0.10703461538461292,192866983680926.5,22.1,0.009049773755656187
nmda_excitotoxic,True,1.0,4.1,1.0,diazepam,20,20261219,5,1.8499999999999999,1.8499999999999999,0.8499999999999999,21.6,45.45813953488372,6.592941335833978,0.46047382422396577,-1.141787294642927,0.10729999999999774,187966060231909.22,22.1,0.022624434389140302
nmda_excitotoxic,True,1.0,4.1,1.0,diazepam,20,20261219,7.5,2.1769230769230767,2.1769230769230767,1.1769230769230767,21.3,46.10141509433962,6.6533680460587465,0.4756584041305078,-1.625740537087803,0.10849999999999786,189498966678762.06,22.1,0.03619909502262442
nmda_excitotoxic,True,1.0,4.1,1.0,diazepam,20,20261219,10,2.457142857142857,2.457142857142857,1.4571428571428569,4.4,30.813953488372093,4.919353379182708,0.17522926091455274,-2.7794546224490277,0.04785000000000018,8507427351312.3955,22.1,0.8009049773755657
nmda_excitotoxic,True,1.0,4.1,1.0,diazepam,20,20261219,12.5,2.6999999999999997,2.6999999999999997,1.6999999999999997,4.4,30.813953488372093,4.92694567706747,0.17574864032042725,-3.3645606428568673,0.04760769230769248,8857049683620.545,22.1,0.8009049773755657
nmda_excitotoxic,True,1.0,4.1,1.0,diazepam,20,20261219,15,2.9124999999999996,2.9124999999999996,1.9124999999999996,4.3,31.535714285714285,4.948033148165452,0.18136201381842462,-3.781546832589317,0.04778461538461554,8886472881825.285,22.1,0.8054298642533937
nmda_excitotoxic,True,1.0,4.1,1.0,diazepam,20,20261219,20,3.2666666666666666,3.2666666666666666,2.2666666666666666,4.2,32.30487804878049,4.972192186291255,0.18182654819759683,-4.455407833333366,0.04802307692307711,8886472881824.992,22.1,0.8099547511312217
nmda_excitotoxic,True,1.0,4.1,1.0,diazepam,20,20261219,30,3.7818181818181813,3.7818181818181813,2.7818181818181813,4.1,33.1125,4.988818187394243,0.19191743371161546,-6.422501090908981,0.04721153846153862,8508378776557.356,22.1,0.8144796380090498
nmda_excitotoxic,True,1.0,4.1,1.0,diazepam,20,20261219,60,4.6,4.6,3.5999999999999996,1.0,36.94444444444444,5.025673558084537,0.08137585882009349,-11.301712071428769,0.04295769230769237,1547471874584.0403,22.1,0.9547511312217195
gabaa_complete_loss,False,1.0,1.0,0.0,perampanel,1,20261200,0,1.0,0.0,0.0,11.8,85.25641025641026,6.1023056010901975,0.23544369467623477,0.0,0.08311153846153946,19125.564828965824,11.8,0.0
gabaa_complete_loss,False,1.0,1.0,0.0,perampanel,1,20261200,6,0.9741421208800244,0.0,0.025857879119975637,11.2,89.86486486486487,5.805487428011678,0.13620869834779697,0.0,0.062019230769231784,11107.62540345345,11.8,0.05084745762711873
gabaa_complete_loss,False,1.0,1.0,0.0,perampanel,1,20261200,8,0.9676668921927091,0.0,0.03233310780729098,9.0,110.57303370786516,6.177933019886517,0.15791146311748985,0.0,0.06768461538461684,11453.847345076816,11.8,0.23728813559322037
gabaa_complete_loss,False,1.0,1.0,0.0,perampanel,1,20261200,10,0.9615904074078002,0.0,0.03840959259219974,8.8,113.11494252873563,6.195387834599184,0.14943425892857132,0.0,0.06769615384615543,11215.793385908446,11.8,0.2542372881355932
gabaa_complete_loss,False,1.0,1.0,0.0,perampanel,1,20261200,12,0.9558253497558058,0.0,0.044174650244194216,8.8,113.11494252873563,6.175918510698439,0.15251984904873153,0.0,0.06681923076923224,11425.989503569035,11.8,0.2542372881355932
gabaa_complete_loss,False,1.0,1.0,0.0,perampanel,1,20261200,14,0.9503156200134328,0.0,0.049684379986567204,8.8,113.11494252873563,6.156283531050762,0.15251984904873153,0.0,0.06609615384615532,11425.989503569035,11.8,0.2542372881355932
gabaa_complete_loss,False,1.0,1.0,0.0,perampanel,1,20261200,16,0.9450221738818855,0.0,0.05497782611811456,8.5,117.1547619047619,6.183510990834679,0.1512932005173563,0.0,0.06619615384615542,10890.551072474691,11.8,0.2796610169491526
gabaa_complete_loss,False,1.0,1.0,0.0,perampanel,1,20261200,18,0.9399162876906435,0.0,0.06008371230935653,8.2,121.49382716049382,6.197292777967886,0.1424808627336448,0.0,0.06555384615384759,9869.262394353282,11.8,0.30508474576271194
gabaa_complete_loss,False,1.0,1.0,0.0,perampanel,1,20261200,22,0.9301837569953113,0.0,0.06981624300468868,7.3,136.68055555555554,6.308070802965155,0.13116111748998652,0.0,0.06665000000000157,8657.758129596335,11.8,0.3813559322033899
gabaa_complete_loss,False,1.0,1.0,0.0,memantine,1,20261200,0,1.0,0.0,0.0,11.8,85.25641025641026,6.1023056010901975,0.23544369467623477,0.0,0.08311153846153946,19125.564828965824,11.8,0.0
gabaa_complete_loss,False,1.0,1.0,0.0,memantine,1,20261200,50,0.9268452221991218,0.0,0.07315477780087822,11.6,86.73913043478261,5.961326288494195,0.182443102736354,0.0,0.07333846153846242,9290.662094160169,11.8,0.016949152542372947
gabaa_complete_loss,False,1.0,1.0,0.0,memantine,1,20261200,100,0.870062755069906,0.0,0.12993724493009393,11.5,87.5,5.830156378062876,0.1449831665981355,0.0,0.06544230769230885,5131.891524783271,11.8,0.025423728813559365
gabaa_complete_loss,False,1.0,1.0,0.0,memantine,1,20261200,125,0.8450406189991146,0.0,0.15495938100088538,10.5,94.625,5.957006777495863,0.13534363240638456,0.0,0.06543461538461706,3791.111741284806,11.8,0.11016949152542377
gabaa_complete_loss,False,1.0,1.0,0.0,memantine,1,20261200,150,0.8217846664011272,0.0,0.1782153335988728,9.1,109.34444444444445,6.174989580384191,0.14734169579109427,0.0,0.06883461538461723,2833.98622715829,11.8,0.22881355932203395
gabaa_complete_loss,False,1.0,1.0,0.0,memantine,1,20261200,175,0.8000596497582824,0.0,0.19994035024171763,7.9,126.17307692307692,6.348535481018811,0.1329747407852251,0.0,0.07076538461538659,2057.662840792993,11.8,0.3305084745762712
gabaa_complete_loss,False,1.0,1.0,0.0,memantine,1,20261200,200,0.7796827121197533,0.0,0.22031728788024676,5.2,192.97058823529412,6.735385175512264,0.11587566726963716,0.0,0.07725384615384796,1376.9872010979473,11.8,0.5593220338983051
gabaa_complete_loss,False,1.0,1.0,0.0,memantine,1,20261200,250,0.7424088119900276,0.0,0.2575911880099724,4.1,246.0375,6.676803939448895,0.09658057441779255,0.0,0.07361538461538612,641.6103539548925,11.8,0.652542372881356
gabaa_complete_loss,False,1.0,1.0,0.0,memantine,1,20261200,350,0.6789546199580587,0.0,0.3210453800419412,1.1,532.05,6.7384222748415326,0.042073838232264106,0.0,0.06930384615384697,47.15068554678347,11.8,0.9067796610169492
gabaa_complete_loss,False,1.0,1.0,0.0,memantine,1,20261200,500,0.6036820500876947,0.0,0.39631794991230535,1.0,591.1666666666666,6.661147124796583,0.030778136925447643,0.0,0.06561153846153907,13.576628026758591,11.8,0.9152542372881356
gabaa_complete_loss,False,1.0,1.0,0.0,diazepam,1,20261200,0,1.0,0.0,0.0,11.8,85.25641025641026,6.1023056010901975,0.23544369467623477,0.0,0.08311153846153946,19125.564828965824,11.8,0.0
gabaa_complete_loss,False,1.0,1.0,0.0,diazepam,1,20261200,2.5,1.4636363636363636,0.0,0.4636363636363636,11.8,85.25641025641026,6.1023056010901975,0.23544369467623477,0.0,0.08311153846153946,19125.564828965824,11.8,0.0
gabaa_complete_loss,False,1.0,1.0,0.0,diazepam,1,20261200,5,1.8499999999999999,0.0,0.8499999999999999,11.8,85.25641025641026,6.1023056010901975,0.23544369467623477,0.0,0.08311153846153946,19125.564828965824,11.8,0.0
gabaa_complete_loss,False,1.0,1.0,0.0,diazepam,1,20261200,7.5,2.1769230769230767,0.0,1.1769230769230767,11.8,85.25641025641026,6.1023056010901975,0.23544369467623477,0.0,0.08311153846153946,19125.564828965824,11.8,0.0
gabaa_complete_loss,False,1.0,1.0,0.0,diazepam,1,20261200,10,2.457142857142857,0.0,1.4571428571428569,11.8,85.25641025641026,6.1023056010901975,0.23544369467623477,0.0,0.08311153846153946,19125.564828965824,11.8,0.0
gabaa_complete_loss,False,1.0,1.0,0.0,diazepam,1,20261200,12.5,2.6999999999999997,0.0,1.6999999999999997,11.8,85.25641025641026,6.1023056010901975,0.23544369467623477,0.0,0.08311153846153946,19125.564828965824,11.8,0.0
gabaa_complete_loss,False,1.0,1.0,0.0,diazepam,1,20261200,15,2.9124999999999996,0.0,1.9124999999999996,11.8,85.25641025641026,6.1023056010901975,0.23544369467623477,0.0,0.08311153846153946,19125.564828965824,11.8,0.0
gabaa_complete_loss,False,1.0,1.0,0.0,diazepam,1,20261200,20,3.2666666666666666,0.0,2.2666666666666666,11.8,85.25641025641026,6.1023056010901975,0.23544369467623477,0.0,0.08311153846153946,19125.564828965824,11.8,0.0
gabaa_complete_loss,False,1.0,1.0,0.0,diazepam,1,20261200,30,3.7818181818181813,0.0,2.7818181818181813,11.8,85.25641025641026,6.1023056010901975,0.23544369467623477,0.0,0.08311153846153946,19125.564828965824,11.8,0.0
gabaa_complete_loss,False,1.0,1.0,0.0,diazepam,1,20261200,60,4.6,0.0,3.5999999999999996,11.8,85.25641025641026,6.1023056010901975,0.23544369467623477,0.0,0.08311153846153946,19125.564828965824,11.8,0.0
gabaa_complete_loss,False,1.0,1.0,0.0,perampanel,2,20261201,0,1.0,0.0,0.0,11.0,91.5137614678899,6.054470093546434,0.1836794702102801,0.0,0.07350000000000129,14090.823975362819,11.0,0.0
gabaa_complete_loss,False,1.0,1.0,0.0,perampanel,2,20261201,6,0.9741421208800244,0.0,0.025857879119975637,9.0,110.57303370786516,6.23632813927088,0.14228081325100111,0.0,0.07120769230769426,10976.425178453244,11.0,0.18181818181818177
gabaa_complete_loss,False,1.0,1.0,0.0,perampanel,2,20261201,8,0.9676668921927091,0.0,0.03233310780729098,8.9,111.82954545454545,6.23521155852893,0.14228900016688895,0.0,0.07060000000000194,10982.880253264908,11.0,0.19090909090909092
gabaa_complete_loss,False,1.0,1.0,0.0,perampanel,2,20261201,10,0.9615904074078002,0.0,0.03840959259219974,8.7,114.43023255813954,6.234928189727948,0.14137308895193573,0.0,0.06977692307692508,10621.16370275336,11.0,0.2090909090909091
gabaa_complete_loss,False,1.0,1.0,0.0,perampanel,2,20261201,12,0.9558253497558058,0.0,0.044174650244194216,6.4,158.34126984126985,6.46874269276307,0.14877053396194914,0.0,0.07014230769230809,7747.135718910116,11.0,0.4181818181818181
gabaa_complete_loss,False,1.0,1.0,0.0,perampanel,2,20261201,14,0.9503156200134328,0.0,0.049684379986567204,6.2,163.5327868852459,6.470329441665038,0.14610339027036034,0.0,0.06973846153846192,7341.668662638657,11.0,0.4363636363636364
gabaa_complete_loss,False,1.0,1.0,0.0,perampanel,2,20261201,16,0.9450221738818855,0.0,0.05497782611811456,6.0,169.07627118644066,6.485272739922197,0.14644923264352455,0.0,0.06954230769230811,7332.039808302474,11.0,0.4545454545454546
gabaa_complete_loss,False,1.0,1.0,0.0,perampanel,2,20261201,18,0.9399162876906435,0.0,0.06008371230935653,5.9,171.99137931034483,6.4795111057948205,0.14644923264352455,0.0,0.06923846153846197,7332.039808302474,11.0,0.4636363636363636
gabaa_complete_loss,False,1.0,1.0,0.0,perampanel,2,20261201,22,0.9301837569953113,0.0,0.06981624300468868,5.5,183.49074074074073,6.511004084668049,0.14341676610480628,0.0,0.0689500000000006,7242.6431332646325,11.0,0.5
gabaa_complete_loss,False,1.0,1.0,0.0,memantine,2,20261201,0,1.0,0.0,0.0,11.0,91.5137614678899,6.054470093546434,0.1836794702102801,0.0,0.07350000000000129,14090.823975362819,11.0,0.0
gabaa_complete_loss,False,1.0,1.0,0.0,memantine,2,20261201,50,0.9268452221991218,0.0,0.07315477780087822,8.7,115.21511627906976,6.354009897943262,0.14700566801342446,0.0,0.07392307692307903,6494.549649653805,11.0,0.2090909090909091
gabaa_complete_loss,False,1.0,1.0,0.0,memantine,2,20261201,100,0.870062755069906,0.0,0.12993724493009393,7.4,134.81506849315068,6.454092609030733,0.11857676749951779,0.0,0.07153461538461747,3433.8034476699695,11.0,0.32727272727272727
gabaa_complete_loss,False,1.0,1.0,0.0,memantine,2,20261201,125,0.8450406189991146,0.0,0.15495938100088538,7.1,140.59285714285716,6.488863524933399,0.12361698392207993,0.0,0.07191153846154014,2806.0500801207827,11.0,0.3545454545454546
gabaa_complete_loss,False,1.0,1.0,0.0,memantine,2,20261201,150,0.8217846664011272,0.0,0.1782153335988728,6.8,146.88805970149255,6.460965355669265,0.1177765442138447,0.0,0.07005000000000171,2147.498374215368,11.0,0.38181818181818183
gabaa_complete_loss,False,1.0,1.0,0.0,memantine,2,20261201,175,0.8000596497582824,0.0,0.19994035024171763,5.4,185.68867924528303,6.620307685832934,0.1067902859568144,0.0,0.07316538461538628,1574.6903878314429,11.0,0.509090909090909
gabaa_complete_loss,False,1.0,1.0,0.0,memantine,2,20261201,200,0.7796827121197533,0.0,0.22031728788024676,4.6,218.7,6.706649067180914,0.09863271500168128,0.0,0.07460384615384773,1120.321193529181,11.0,0.5818181818181818
gabaa_complete_loss,False,1.0,1.0,0.0,memantine,2,20261201,250,0.7424088119900276,0.0,0.2575911880099724,3.1,328.05,6.802120534017701,0.091964860427498,0.0,0.0754807692307708,584.2323575471489,11.0,0.7181818181818183
gabaa_complete_loss,False,1.0,1.0,0.0,memantine,2,20261201,350,0.6789546199580587,0.0,0.3210453800419412,1.5,546.2857142857143,6.7808086414089095,0.052885579246655934,0.0,0.07232307692307789,81.32607325974382,11.0,0.8636363636363636
gabaa_complete_loss,False,1.0,1.0,0.0,memantine,2,20261201,500,0.6036820500876947,0.0,0.39631794991230535,0.9,865.0625,6.726526206216317,0.037337487965310015,0.0,0.06822307692307777,19.024406393038742,11.0,0.9181818181818182
gabaa_complete_loss,False,1.0,1.0,0.0,diazepam,2,20261201,0,1.0,0.0,0.0,11.0,91.5137614678899,6.054470093546434,0.1836794702102801,0.0,0.07350000000000129,14090.823975362819,11.0,0.0
gabaa_complete_loss,False,1.0,1.0,0.0,diazepam,2,20261201,2.5,1.4636363636363636,0.0,0.4636363636363636,11.0,91.5137614678899,6.054470093546434,0.1836794702102801,0.0,0.07350000000000129,14090.823975362819,11.0,0.0
gabaa_complete_loss,False,1.0,1.0,0.0,diazepam,2,20261201,5,1.8499999999999999,0.0,0.8499999999999999,11.0,91.5137614678899,6.054470093546434,0.1836794702102801,0.0,0.07350000000000129,14090.823975362819,11.0,0.0
gabaa_complete_loss,False,1.0,1.0,0.0,diazepam,2,20261201,7.5,2.1769230769230767,0.0,1.1769230769230767,11.0,91.5137614678899,6.054470093546434,0.1836794702102801,0.0,0.07350000000000129,14090.823975362819,11.0,0.0
gabaa_complete_loss,False,1.0,1.0,0.0,diazepam,2,20261201,10,2.457142857142857,0.0,1.4571428571428569,11.0,91.5137614678899,6.054470093546434,0.1836794702102801,0.0,0.07350000000000129,14090.823975362819,11.0,0.0
gabaa_complete_loss,False,1.0,1.0,0.0,diazepam,2,20261201,12.5,2.6999999999999997,0.0,1.6999999999999997,11.0,91.5137614678899,6.054470093546434,0.1836794702102801,0.0,0.07350000000000129,14090.823975362819,11.0,0.0
gabaa_complete_loss,False,1.0,1.0,0.0,diazepam,2,20261201,15,2.9124999999999996,0.0,1.9124999999999996,11.0,91.5137614678899,6.054470093546434,0.1836794702102801,0.0,0.07350000000000129,14090.823975362819,11.0,0.0
gabaa_complete_loss,False,1.0,1.0,0.0,diazepam,2,20261201,20,3.2666666666666666,0.0,2.2666666666666666,11.0,91.5137614678899,6.054470093546434,0.1836794702102801,0.0,0.07350000000000129,14090.823975362819,11.0,0.0
gabaa_complete_loss,False,1.0,1.0,0.0,diazepam,2,20261201,30,3.7818181818181813,0.0,2.7818181818181813,11.0,91.5137614678899,6.054470093546434,0.1836794702102801,0.0,0.07350000000000129,14090.823975362819,11.0,0.0
gabaa_complete_loss,False,1.0,1.0,0.0,diazepam,2,20261201,60,4.6,0.0,3.5999999999999996,11.0,91.5137614678899,6.054470093546434,0.1836794702102801,0.0,0.07350000000000129,14090.823975362819,11.0,0.0
gabaa_complete_loss,False,1.0,1.0,0.0,perampanel,3,20261202,0,1.0,0.0,0.0,11.3,89.0625,5.848546529452251,0.14468621320093433,0.0,0.06487692307692432,11866.3199388894,11.3,0.0
gabaa_complete_loss,False,1.0,1.0,0.0,perampanel,3,20261202,6,0.9741421208800244,0.0,0.025857879119975637,8.7,114.43023255813954,6.228570516622137,0.14238139536048044,0.0,0.06892692307692466,9980.737297341471,11.3,0.23008849557522137
gabaa_complete_loss,False,1.0,1.0,0.0,perampanel,3,20261202,8,0.9676668921927091,0.0,0.03233310780729098,8.7,114.43023255813954,6.1361104723283475,0.14104056859145508,0.0,0.06480769230769381,9966.053827498554,11.3,0.23008849557522137
gabaa_complete_loss,False,1.0,1.0,0.0,perampanel,3,20261202,10,0.9615904074078002,0.0,0.03840959259219974,8.5,117.1547619047619,6.144972643331305,0.13270751260013336,0.0,0.06434615384615529,9395.653327439668,11.3,0.24778761061946908
gabaa_complete_loss,False,1.0,1.0,0.0,perampanel,3,20261202,12,0.9558253497558058,0.0,0.044174650244194216,8.3,120.01219512195122,6.157718747280714,0.13270751260013336,0.0,0.0641769230769245,9395.653327439668,11.3,0.2654867256637168
gabaa_complete_loss,False,1.0,1.0,0.0,perampanel,3,20261202,14,0.9503156200134328,0.0,0.049684379986567204,8.2,121.49382716049382,6.163832201292737,0.13489749432576753,0.0,0.06406153846153984,9561.266161866326,11.3,0.2743362831858408
gabaa_complete_loss,False,1.0,1.0,0.0,perampanel,3,20261202,16,0.9450221738818855,0.0,0.05497782611811456,8.0,124.56962025316456,6.1798798996385145,0.13217556408544706,0.0,0.06380384615384752,9422.677552940551,11.3,0.2920353982300885
gabaa_complete_loss,False,1.0,1.0,0.0,perampanel,3,20261202,18,0.9399162876906435,0.0,0.06008371230935653,7.9,126.16666666666667,6.186383719545197,0.13376843090787696,0.0,0.06354230769230905,9600.410353061206,11.3,0.3008849557522124
gabaa_complete_loss,False,1.0,1.0,0.0,perampanel,3,20261202,22,0.9301837569953113,0.0,0.06981624300468868,7.2,138.59859154929578,6.268894145272801,0.1307313775033376,0.0,0.06400384615384754,9162.1103992293,11.3,0.36283185840707965
gabaa_complete_loss,False,1.0,1.0,0.0,memantine,3,20261202,0,1.0,0.0,0.0,11.3,89.0625,5.848546529452251,0.14468621320093433,0.0,0.06487692307692432,11866.3199388894,11.3,0.0
gabaa_complete_loss,False,1.0,1.0,0.0,memantine,3,20261202,50,0.9268452221991218,0.0,0.07315477780087822,9.8,102.83505154639175,6.0735257685229485,0.154313271432924,0.0,0.06648846153846254,6685.402132109123,11.3,0.1327433628318584
gabaa_complete_loss,False,1.0,1.0,0.0,memantine,3,20261202,100,0.870062755069906,0.0,0.12993724493009393,8.8,114.65517241379311,6.229480357411862,0.15035360956906163,0.0,0.06917692307692404,4045.072184605833,11.3,0.22123893805309736
gabaa_complete_loss,False,1.0,1.0,0.0,memantine,3,20261202,125,0.8450406189991146,0.0,0.15495938100088538,7.1,140.5857142857143,6.466772793826281,0.1394840510050224,0.0,0.0714346153846168,2999.0574460125713,11.3,0.37168141592920356
gabaa_complete_loss,False,1.0,1.0,0.0,memantine,3,20261202,150,0.8217846664011272,0.0,0.1782153335988728,5.7,175.74107142857142,6.6099841363422644,0.12117742846502565,0.0,0.07266153846153998,1981.0053458365728,11.3,0.49557522123893805
gabaa_complete_loss,False,1.0,1.0,0.0,memantine,3,20261202,175,0.8000596497582824,0.0,0.19994035024171763,5.1,196.83,6.649000301711858,0.11112559576505096,0.0,0.07235000000000157,1516.5135595540924,11.3,0.5486725663716815
gabaa_complete_loss,False,1.0,1.0,0.0,memantine,3,20261202,200,0.7796827121197533,0.0,0.22031728788024676,5.0,200.8469387755102,6.700014144814696,0.11181890349430644,0.0,0.07387307692307862,1328.8870124928403,11.3,0.5575221238938053
gabaa_complete_loss,False,1.0,1.0,0.0,memantine,3,20261202,250,0.7424088119900276,0.0,0.2575911880099724,3.9,258.9868421052632,6.712170907643826,0.10240602157497462,0.0,0.07228846153846312,599.5265768639451,11.3,0.6548672566371682
gabaa_complete_loss,False,1.0,1.0,0.0,memantine,3,20261202,350,0.6789546199580587,0.0,0.3210453800419412,1.3,770.3333333333334,6.778766854411508,0.05319266400790657,0.0,0.07108076923077007,59.6475794843102,11.3,0.8849557522123894
gabaa_complete_loss,False,1.0,1.0,0.0,memantine,3,20261202,500,0.6036820500876947,0.0,0.39631794991230535,0.8,1320.5714285714287,6.705771164390893,0.03711508472779169,0.0,0.06666538461538525,14.001100809827834,11.3,0.9292035398230089
gabaa_complete_loss,False,1.0,1.0,0.0,diazepam,3,20261202,0,1.0,0.0,0.0,11.3,89.0625,5.848546529452251,0.14468621320093433,0.0,0.06487692307692432,11866.3199388894,11.3,0.0
gabaa_complete_loss,False,1.0,1.0,0.0,diazepam,3,20261202,2.5,1.4636363636363636,0.0,0.4636363636363636,11.3,89.0625,5.848546529452251,0.14468621320093433,0.0,0.06487692307692432,11866.3199388894,11.3,0.0
gabaa_complete_loss,False,1.0,1.0,0.0,diazepam,3,20261202,5,1.8499999999999999,0.0,0.8499999999999999,11.3,89.0625,5.848546529452251,0.14468621320093433,0.0,0.06487692307692432,11866.3199388894,11.3,0.0
gabaa_complete_loss,False,1.0,1.0,0.0,diazepam,3,20261202,7.5,2.1769230769230767,0.0,1.1769230769230767,11.3,89.0625,5.848546529452251,0.14468621320093433,0.0,0.06487692307692432,11866.3199388894,11.3,0.0
gabaa_complete_loss,False,1.0,1.0,0.0,diazepam,3,20261202,10,2.457142857142857,0.0,1.4571428571428569,11.3,89.0625,5.848546529452251,0.14468621320093433,0.0,0.06487692307692432,11866.3199388894,11.3,0.0
gabaa_complete_loss,False,1.0,1.0,0.0,diazepam,3,20261202,12.5,2.6999999999999997,0.0,1.6999999999999997,11.3,89.0625,5.848546529452251,0.14468621320093433,0.0,0.06487692307692432,11866.3199388894,11.3,0.0
gabaa_complete_loss,False,1.0,1.0,0.0,diazepam,3,20261202,15,2.9124999999999996,0.0,1.9124999999999996,11.3,89.0625,5.848546529452251,0.14468621320093433,0.0,0.06487692307692432,11866.3199388894,11.3,0.0
gabaa_complete_loss,False,1.0,1.0,0.0,diazepam,3,20261202,20,3.2666666666666666,0.0,2.2666666666666666,11.3,89.0625,5.848546529452251,0.14468621320093433,0.0,0.06487692307692432,11866.3199388894,11.3,0.0
gabaa_complete_loss,False,1.0,1.0,0.0,diazepam,3,20261202,30,3.7818181818181813,0.0,2.7818181818181813,11.3,89.0625,5.848546529452251,0.14468621320093433,0.0,0.06487692307692432,11866.3199388894,11.3,0.0
gabaa_complete_loss,False,1.0,1.0,0.0,diazepam,3,20261202,60,4.6,0.0,3.5999999999999996,11.3,89.0625,5.848546529452251,0.14468621320093433,0.0,0.06487692307692432,11866.3199388894,11.3,0.0
gabaa_complete_loss,False,1.0,1.0,0.0,perampanel,4,20261203,0,1.0,0.0,0.0,11.5,87.50438596491227,5.985539960421342,0.20438480181909188,0.0,0.07323076923076942,15009.413408761307,11.5,0.0
gabaa_complete_loss,False,1.0,1.0,0.0,perampanel,4,20261203,6,0.9741421208800244,0.0,0.025857879119975637,11.2,89.86936936936937,5.941686707247438,0.1985287081942587,0.0,0.07121538461538508,14585.562411010993,11.5,0.026086956521739202
gabaa_complete_loss,False,1.0,1.0,0.0,perampanel,4,20261203,8,0.9676668921927091,0.0,0.03233310780729098,10.9,92.36574074074075,5.874916607674578,0.18056414769692886,0.0,0.06664230769230825,12349.778803298032,11.5,0.05217391304347818
gabaa_complete_loss,False,1.0,1.0,0.0,perampanel,4,20261203,10,0.9615904074078002,0.0,0.03840959259219974,10.0,100.76262626262626,6.012122022735524,0.18492020827770322,0.0,0.06796153846153895,12317.62000031428,11.5,0.13043478260869568
gabaa_complete_loss,False,1.0,1.0,0.0,perampanel,4,20261203,12,0.9558253497558058,0.0,0.044174650244194216,6.9,146.6985294117647,6.536470025873663,0.18548103029038676,0.0,0.07569230769230821,12797.283162615855,11.5,0.4
gabaa_complete_loss,False,1.0,1.0,0.0,perampanel,4,20261203,14,0.9503156200134328,0.0,0.049684379986567204,6.9,146.6985294117647,6.528884830725333,0.18528947838785007,0.0,0.07558846153846206,12896.088068989784,11.5,0.4
gabaa_complete_loss,False,1.0,1.0,0.0,perampanel,4,20261203,16,0.9450221738818855,0.0,0.05497782611811456,6.9,146.6985294117647,6.509603982157522,0.18158712842122787,0.0,0.07496153846153901,12828.841161931474,11.5,0.4
gabaa_complete_loss,False,1.0,1.0,0.0,perampanel,4,20261203,18,0.9399162876906435,0.0,0.06008371230935653,6.6,153.46923076923076,6.541976559034779,0.18141558694926532,0.0,0.07512692307692355,12828.638667238438,11.5,0.4260869565217391
gabaa_complete_loss,False,1.0,1.0,0.0,perampanel,4,20261203,22,0.9301837569953113,0.0,0.06981624300468868,6.5,155.8671875,6.517808289576802,0.17837493349465924,0.0,0.07381923076923136,12733.75126096492,11.5,0.4347826086956522
gabaa_complete_loss,False,1.0,1.0,0.0,memantine,4,20261203,0,1.0,0.0,0.0,11.5,87.50438596491227,5.985539960421342,0.20438480181909188,0.0,0.07323076923076942,15009.413408761307,11.5,0.0
gabaa_complete_loss,False,1.0,1.0,0.0,memantine,4,20261203,50,0.9268452221991218,0.0,0.07315477780087822,11.5,87.50438596491227,6.025205187561024,0.20953727313587073,0.0,0.07612692307692358,10188.238174034732,11.5,0.0
gabaa_complete_loss,False,1.0,1.0,0.0,memantine,4,20261203,100,0.870062755069906,0.0,0.12993724493009393,11.3,89.06696428571429,5.8584107466351485,0.13737695101235997,0.0,0.06618461538461654,4715.605470674838,11.5,0.017391304347825987
gabaa_complete_loss,False,1.0,1.0,0.0,memantine,4,20261203,125,0.8450406189991146,0.0,0.15495938100088538,10.4,95.55339805825243,5.9530433788565364,0.13102888250626257,0.0,0.06521153846154003,3649.453056872779,11.5,0.09565217391304348
gabaa_complete_loss,False,1.0,1.0,0.0,memantine,4,20261203,150,0.8217846664011272,0.0,0.1782153335988728,8.9,111.8409090909091,6.130479502146874,0.1315374655997056,0.0,0.0662615384615403,2872.723069426473,11.5,0.22608695652173905
gabaa_complete_loss,False,1.0,1.0,0.0,memantine,4,20261203,175,0.8000596497582824,0.0,0.19994035024171763,6.4,156.22222222222223,6.525226475518783,0.10876507344400331,0.0,0.07168076923077082,1877.7069715839773,11.5,0.4434782608695652
gabaa_complete_loss,False,1.0,1.0,0.0,memantine,4,20261203,200,0.7796827121197533,0.0,0.22031728788024676,5.3,189.26923076923077,6.638560425363347,0.0992847272070434,0.0,0.07373076923077082,1346.3769097842526,11.5,0.5391304347826087
gabaa_complete_loss,False,1.0,1.0,0.0,memantine,4,20261203,250,0.7424088119900276,0.0,0.2575911880099724,3.2,317.48387096774195,6.778022074428661,0.08732992192704292,0.0,0.07508461538461676,590.5399885411002,11.5,0.7217391304347827
gabaa_complete_loss,False,1.0,1.0,0.0,memantine,4,20261203,350,0.6789546199580587,0.0,0.3210453800419412,1.2,858.4545454545455,6.7048575175300025,0.03364656386098945,0.0,0.06832692307692374,37.27700704915649,11.5,0.8956521739130435
gabaa_complete_loss,False,1.0,1.0,0.0,memantine,4,20261203,500,0.6036820500876947,0.0,0.39631794991230535,1.2,858.4545454545455,6.640849058405092,0.030016714730333006,0.0,0.06521153846153908,14.317422788144077,11.5,0.8956521739130435
gabaa_complete_loss,False,1.0,1.0,0.0,diazepam,4,20261203,0,1.0,0.0,0.0,11.5,87.50438596491227,5.985539960421342,0.20438480181909188,0.0,0.07323076923076942,15009.413408761307,11.5,0.0
gabaa_complete_loss,False,1.0,1.0,0.0,diazepam,4,20261203,2.5,1.4636363636363636,0.0,0.4636363636363636,11.5,87.50438596491227,5.985539960421342,0.20438480181909188,0.0,0.07323076923076942,15009.413408761307,11.5,0.0
gabaa_complete_loss,False,1.0,1.0,0.0,diazepam,4,20261203,5,1.8499999999999999,0.0,0.8499999999999999,11.5,87.50438596491227,5.985539960421342,0.20438480181909188,0.0,0.07323076923076942,15009.413408761307,11.5,0.0
gabaa_complete_loss,False,1.0,1.0,0.0,diazepam,4,20261203,7.5,2.1769230769230767,0.0,1.1769230769230767,11.5,87.50438596491227,5.985539960421342,0.20438480181909188,0.0,0.07323076923076942,15009.413408761307,11.5,0.0
gabaa_complete_loss,False,1.0,1.0,0.0,diazepam,4,20261203,10,2.457142857142857,0.0,1.4571428571428569,11.5,87.50438596491227,5.985539960421342,0.20438480181909188,0.0,0.07323076923076942,15009.413408761307,11.5,0.0
gabaa_complete_loss,False,1.0,1.0,0.0,diazepam,4,20261203,12.5,2.6999999999999997,0.0,1.6999999999999997,11.5,87.50438596491227,5.985539960421342,0.20438480181909188,0.0,0.07323076923076942,15009.413408761307,11.5,0.0
gabaa_complete_loss,False,1.0,1.0,0.0,diazepam,4,20261203,15,2.9124999999999996,0.0,1.9124999999999996,11.5,87.50438596491227,5.985539960421342,0.20438480181909188,0.0,0.07323076923076942,15009.413408761307,11.5,0.0
gabaa_complete_loss,False,1.0,1.0,0.0,diazepam,4,20261203,20,3.2666666666666666,0.0,2.2666666666666666,11.5,87.50438596491227,5.985539960421342,0.20438480181909188,0.0,0.07323076923076942,15009.413408761307,11.5,0.0
gabaa_complete_loss,False,1.0,1.0,0.0,diazepam,4,20261203,30,3.7818181818181813,0.0,2.7818181818181813,11.5,87.50438596491227,5.985539960421342,0.20438480181909188,0.0,0.07323076923076942,15009.413408761307,11.5,0.0
gabaa_complete_loss,False,1.0,1.0,0.0,diazepam,4,20261203,60,4.6,0.0,3.5999999999999996,11.5,87.50438596491227,5.985539960421342,0.20438480181909188,0.0,0.07323076923076942,15009.413408761307,11.5,0.0
gabaa_complete_loss,False,1.0,1.0,0.0,perampanel,5,20261204,0,1.0,0.0,0.0,11.7,85.98706896551724,6.053170409537968,0.22141053504672886,0.0,0.07928076923077092,18350.423948070118,11.7,0.0
gabaa_complete_loss,False,1.0,1.0,0.0,perampanel,5,20261204,6,0.9741421208800244,0.0,0.025857879119975637,8.8,113.11494252873563,6.279211279793034,0.16012255173564743,0.0,0.0721384615384633,11413.907803163027,11.7,0.24786324786324776
gabaa_complete_loss,False,1.0,1.0,0.0,perampanel,5,20261204,8,0.9676668921927091,0.0,0.03233310780729098,8.6,115.7764705882353,6.27908624406944,0.15672096128170884,0.0,0.07134615384615568,11208.184527211379,11.7,0.2649572649572649
gabaa_complete_loss,False,1.0,1.0,0.0,perampanel,5,20261204,10,0.9615904074078002,0.0,0.03840959259219974,8.5,117.1547619047619,6.291989997792723,0.16146484045393847,0.0,0.07123076923077104,11281.67173148575,11.7,0.2735042735042734
gabaa_complete_loss,False,1.0,1.0,0.0,perampanel,5,20261204,12,0.9558253497558058,0.0,0.044174650244194216,8.5,117.1547619047619,6.269146521499224,0.1614099077102803,0.0,0.07025769230769403,11288.574926379297,11.7,0.2735042735042734
gabaa_complete_loss,False,1.0,1.0,0.0,perampanel,5,20261204,14,0.9503156200134328,0.0,0.049684379986567204,8.4,118.56626506024097,6.266425470716352,0.15761713618157536,0.0,0.06963461538461695,11219.422472513532,11.7,0.28205128205128194
gabaa_complete_loss,False,1.0,1.0,0.0,perampanel,5,20261204,16,0.9450221738818855,0.0,0.05497782611811456,8.1,123.01875,6.276523166398098,0.15161912383177556,0.0,0.0685153846153863,10981.866145839886,11.7,0.3076923076923077
gabaa_complete_loss,False,1.0,1.0,0.0,perampanel,5,20261204,18,0.9399162876906435,0.0,0.06008371230935653,7.9,126.17307692307692,6.289217502706944,0.1458474760514017,0.0,0.06814615384615551,10499.089910997292,11.7,0.32478632478632474
gabaa_complete_loss,False,1.0,1.0,0.0,perampanel,5,20261204,22,0.9301837569953113,0.0,0.06981624300468868,7.1,141.55714285714285,6.475235409663102,0.1680206412716954,0.0,0.07399230769230833,12042.241667600316,11.7,0.3931623931623932
gabaa_complete_loss,False,1.0,1.0,0.0,memantine,5,20261204,0,1.0,0.0,0.0,11.7,85.98706896551724,6.053170409537968,0.22141053504672886,0.0,0.07928076923077092,18350.423948070118,11.7,0.0
gabaa_complete_loss,False,1.0,1.0,0.0,memantine,5,20261204,50,0.9268452221991218,0.0,0.07315477780087822,11.5,87.5,5.990258664195813,0.17478858526468508,0.0,0.07393846153846313,8783.76686832231,11.7,0.017094017094017033
gabaa_complete_loss,False,1.0,1.0,0.0,memantine,5,20261204,100,0.870062755069906,0.0,0.12993724493009393,9.1,109.34444444444445,6.286430520473576,0.16415252861373753,0.0,0.07338461538461727,5165.184434145103,11.7,0.2222222222222222
gabaa_complete_loss,False,1.0,1.0,0.0,memantine,5,20261204,125,0.8450406189991146,0.0,0.15495938100088538,8.7,114.43604651162791,6.33567338240539,0.15681779269951213,0.0,0.07290769230769414,4046.5292972216203,11.7,0.2564102564102564
gabaa_complete_loss,False,1.0,1.0,0.0,memantine,5,20261204,150,0.8217846664011272,0.0,0.1782153335988728,8.4,118.57228915662651,6.3386568504561955,0.14733789633990826,0.0,0.07138846153846325,3060.798653385613,11.7,0.28205128205128194
gabaa_complete_loss,False,1.0,1.0,0.0,memantine,5,20261204,175,0.8000596497582824,0.0,0.19994035024171763,7.7,129.4934210526316,6.37394347214528,0.12759481958292554,0.0,0.06957692307692462,2176.295893000376,11.7,0.3418803418803418
gabaa_complete_loss,False,1.0,1.0,0.0,memantine,5,20261204,200,0.7796827121197533,0.0,0.22031728788024676,6.2,161.3360655737705,6.535879315724575,0.10979327863471612,0.0,0.0716961538461554,1461.7385832557966,11.7,0.4700854700854701
gabaa_complete_loss,False,1.0,1.0,0.0,memantine,5,20261204,250,0.7424088119900276,0.0,0.2575911880099724,3.8,265.9864864864865,6.7021274185324495,0.08799085434551714,0.0,0.07301153846153993,632.0469881792775,11.7,0.6752136752136753
gabaa_complete_loss,False,1.0,1.0,0.0,memantine,5,20261204,350,0.6789546199580587,0.0,0.3210453800419412,1.1,692.0,6.770859560993667,0.04824034838747903,0.0,0.0707846153846162,53.619483160798545,11.7,0.905982905982906
gabaa_complete_loss,False,1.0,1.0,0.0,memantine,5,20261204,500,0.6036820500876947,0.0,0.39631794991230535,0.9,865.0,6.698643895201909,0.036213116042300875,0.0,0.06674615384615463,15.452982888922689,11.7,0.9230769230769231
gabaa_complete_loss,False,1.0,1.0,0.0,diazepam,5,20261204,0,1.0,0.0,0.0,11.7,85.98706896551724,6.053170409537968,0.22141053504672886,0.0,0.07928076923077092,18350.423948070118,11.7,0.0
gabaa_complete_loss,False,1.0,1.0,0.0,diazepam,5,20261204,2.5,1.4636363636363636,0.0,0.4636363636363636,11.7,85.98706896551724,6.053170409537968,0.22141053504672886,0.0,0.07928076923077092,18350.423948070118,11.7,0.0
gabaa_complete_loss,False,1.0,1.0,0.0,diazepam,5,20261204,5,1.8499999999999999,0.0,0.8499999999999999,11.7,85.98706896551724,6.053170409537968,0.22141053504672886,0.0,0.07928076923077092,18350.423948070118,11.7,0.0
gabaa_complete_loss,False,1.0,1.0,0.0,diazepam,5,20261204,7.5,2.1769230769230767,0.0,1.1769230769230767,11.7,85.98706896551724,6.053170409537968,0.22141053504672886,0.0,0.07928076923077092,18350.423948070118,11.7,0.0
gabaa_complete_loss,False,1.0,1.0,0.0,diazepam,5,20261204,10,2.457142857142857,0.0,1.4571428571428569,11.7,85.98706896551724,6.053170409537968,0.22141053504672886,0.0,0.07928076923077092,18350.423948070118,11.7,0.0
gabaa_complete_loss,False,1.0,1.0,0.0,diazepam,5,20261204,12.5,2.6999999999999997,0.0,1.6999999999999997,11.7,85.98706896551724,6.053170409537968,0.22141053504672886,0.0,0.07928076923077092,18350.423948070118,11.7,0.0
gabaa_complete_loss,False,1.0,1.0,0.0,diazepam,5,20261204,15,2.9124999999999996,0.0,1.9124999999999996,11.7,85.98706896551724,6.053170409537968,0.22141053504672886,0.0,0.07928076923077092,18350.423948070118,11.7,0.0
gabaa_complete_loss,False,1.0,1.0,0.0,diazepam,5,20261204,20,3.2666666666666666,0.0,2.2666666666666666,11.7,85.98706896551724,6.053170409537968,0.22141053504672886,0.0,0.07928076923077092,18350.423948070118,11.7,0.0
gabaa_complete_loss,False,1.0,1.0,0.0,diazepam,5,20261204,30,3.7818181818181813,0.0,2.7818181818181813,11.7,85.98706896551724,6.053170409537968,0.22141053504672886,0.0,0.07928076923077092,18350.423948070118,11.7,0.0
gabaa_complete_loss,False,1.0,1.0,0.0,diazepam,5,20261204,60,4.6,0.0,3.5999999999999996,11.7,85.98706896551724,6.053170409537968,0.22141053504672886,0.0,0.07928076923077092,18350.423948070118,11.7,0.0
gabaa_complete_loss,False,1.0,1.0,0.0,perampanel,6,20261205,0,1.0,0.0,0.0,11.7,85.99137931034483,5.703305005390405,0.12073577453271009,0.0,0.058080769230770136,11699.113808191072,11.7,0.0
gabaa_complete_loss,False,1.0,1.0,0.0,perampanel,6,20261205,6,0.9741421208800244,0.0,0.025857879119975637,9.8,102.84020618556701,6.010027757627907,0.15077190595794362,0.0,0.06550000000000132,10360.231294356836,11.7,0.16239316239316226
gabaa_complete_loss,False,1.0,1.0,0.0,perampanel,6,20261205,8,0.9676668921927091,0.0,0.03233310780729098,9.4,107.26344086021506,6.045305625459009,0.14831619667890492,0.0,0.06581538461538598,9529.830721949575,11.7,0.19658119658119655
gabaa_complete_loss,False,1.0,1.0,0.0,perampanel,6,20261205,10,0.9615904074078002,0.0,0.03840959259219974,9.1,110.83888888888889,6.072724530575368,0.14687754722963922,0.0,0.06559230769230906,9325.989091807372,11.7,0.2222222222222222
gabaa_complete_loss,False,1.0,1.0,0.0,perampanel,6,20261205,12,0.9558253497558058,0.0,0.044174650244194216,7.9,126.17948717948718,6.245997195880019,0.13396228538050708,0.0,0.06745769230769406,8617.111285542747,11.7,0.32478632478632474
gabaa_complete_loss,False,1.0,1.0,0.0,perampanel,6,20261205,14,0.9503156200134328,0.0,0.049684379986567204,7.3,136.69444444444446,6.315469150560169,0.12629728538050705,0.0,0.06763076923077097,8038.241670396104,11.7,0.37606837606837606
gabaa_complete_loss,False,1.0,1.0,0.0,perampanel,6,20261205,16,0.9450221738818855,0.0,0.05497782611811456,7.2,138.61971830985917,6.316070228902493,0.12379899682910525,0.0,0.06717692307692476,7823.385894828037,11.7,0.3846153846153846
gabaa_complete_loss,False,1.0,1.0,0.0,perampanel,6,20261205,18,0.9399162876906435,0.0,0.06008371230935653,7.1,140.6,6.3189188357998045,0.12107794375834424,0.0,0.06675000000000166,7683.976827052242,11.7,0.3931623931623932
gabaa_complete_loss,False,1.0,1.0,0.0,perampanel,6,20261205,22,0.9301837569953113,0.0,0.06981624300468868,5.0,203.58163265306123,6.608950315107408,0.1397115836114819,0.0,0.07144230769230821,6298.932438606005,11.7,0.5726495726495726
gabaa_complete_loss,False,1.0,1.0,0.0,memantine,6,20261205,0,1.0,0.0,0.0,11.7,85.99137931034483,5.703305005390405,0.12073577453271009,0.0,0.058080769230770136,11699.113808191072,11.7,0.0
gabaa_complete_loss,False,1.0,1.0,0.0,memantine,6,20261205,50,0.9268452221991218,0.0,0.07315477780087822,10.1,98.42,6.004210537149578,0.11886835033117148,0.0,0.06415769230769411,7016.637968652219,11.7,0.1367521367521367
gabaa_complete_loss,False,1.0,1.0,0.0,memantine,6,20261205,100,0.870062755069906,0.0,0.12993724493009393,9.3,108.42934782608695,6.313177248131889,0.17250039247296475,0.0,0.07517692307692365,4807.226686471935,11.7,0.20512820512820507
gabaa_complete_loss,False,1.0,1.0,0.0,memantine,6,20261205,125,0.8450406189991146,0.0,0.15495938100088538,8.6,117.35882352941177,6.329517155543765,0.14596525609307187,0.0,0.07178076923077041,3254.049038075018,11.7,0.2649572649572649
gabaa_complete_loss,False,1.0,1.0,0.0,memantine,6,20261205,150,0.8217846664011272,0.0,0.1782153335988728,6.9,144.73529411764707,6.550157931489524,0.12571068432793364,0.0,0.07384230769230941,2136.5016931035343,11.7,0.41025641025641024
gabaa_complete_loss,False,1.0,1.0,0.0,memantine,6,20261205,175,0.8000596497582824,0.0,0.19994035024171763,5.6,178.94545454545454,6.68546485741918,0.10613225739040816,0.0,0.07610384615384802,1354.4209901682668,11.7,0.5213675213675213
gabaa_complete_loss,False,1.0,1.0,0.0,memantine,6,20261205,200,0.7796827121197533,0.0,0.22031728788024676,4.6,218.72222222222223,6.73170517626661,0.09674132250123325,0.0,0.07528076923077108,858.4035415979985,11.7,0.6068376068376069
gabaa_complete_loss,False,1.0,1.0,0.0,memantine,6,20261205,250,0.7424088119900276,0.0,0.2575911880099724,3.7,273.40277777777777,6.757034496888364,0.09170246010921015,0.0,0.0749884615384632,515.6552752151357,11.7,0.6837606837606838
gabaa_complete_loss,False,1.0,1.0,0.0,memantine,6,20261205,350,0.6789546199580587,0.0,0.3210453800419412,2.2,459.1666666666667,6.735647054201302,0.07012332014138574,0.0,0.07139615384615522,134.9562029236893,11.7,0.811965811965812
gabaa_complete_loss,False,1.0,1.0,0.0,memantine,6,20261205,500,0.6036820500876947,0.0,0.39631794991230535,0.7,953.25,6.733511243257072,0.045821244796476375,0.0,0.06847307692307768,15.872576461883037,11.7,0.9401709401709402
gabaa_complete_loss,False,1.0,1.0,0.0,diazepam,6,20261205,0,1.0,0.0,0.0,11.7,85.99137931034483,5.703305005390405,0.12073577453271009,0.0,0.058080769230770136,11699.113808191072,11.7,0.0
gabaa_complete_loss,False,1.0,1.0,0.0,diazepam,6,20261205,2.5,1.4636363636363636,0.0,0.4636363636363636,11.7,85.99137931034483,5.703305005390405,0.12073577453271009,0.0,0.058080769230770136,11699.113808191072,11.7,0.0
gabaa_complete_loss,False,1.0,1.0,0.0,diazepam,6,20261205,5,1.8499999999999999,0.0,0.8499999999999999,11.7,85.99137931034483,5.703305005390405,0.12073577453271009,0.0,0.058080769230770136,11699.113808191072,11.7,0.0
gabaa_complete_loss,False,1.0,1.0,0.0,diazepam,6,20261205,7.5,2.1769230769230767,0.0,1.1769230769230767,11.7,85.99137931034483,5.703305005390405,0.12073577453271009,0.0,0.058080769230770136,11699.113808191072,11.7,0.0
gabaa_complete_loss,False,1.0,1.0,0.0,diazepam,6,20261205,10,2.457142857142857,0.0,1.4571428571428569,11.7,85.99137931034483,5.703305005390405,0.12073577453271009,0.0,0.058080769230770136,11699.113808191072,11.7,0.0
gabaa_complete_loss,False,1.0,1.0,0.0,diazepam,6,20261205,12.5,2.6999999999999997,0.0,1.6999999999999997,11.7,85.99137931034483,5.703305005390405,0.12073577453271009,0.0,0.058080769230770136,11699.113808191072,11.7,0.0
gabaa_complete_loss,False,1.0,1.0,0.0,diazepam,6,20261205,15,2.9124999999999996,0.0,1.9124999999999996,11.7,85.99137931034483,5.703305005390405,0.12073577453271009,0.0,0.058080769230770136,11699.113808191072,11.7,0.0
gabaa_complete_loss,False,1.0,1.0,0.0,diazepam,6,20261205,20,3.2666666666666666,0.0,2.2666666666666666,11.7,85.99137931034483,5.703305005390405,0.12073577453271009,0.0,0.058080769230770136,11699.113808191072,11.7,0.0
gabaa_complete_loss,False,1.0,1.0,0.0,diazepam,6,20261205,30,3.7818181818181813,0.0,2.7818181818181813,11.7,85.99137931034483,5.703305005390405,0.12073577453271009,0.0,0.058080769230770136,11699.113808191072,11.7,0.0
gabaa_complete_loss,False,1.0,1.0,0.0,diazepam,6,20261205,60,4.6,0.0,3.5999999999999996,11.7,85.99137931034483,5.703305005390405,0.12073577453271009,0.0,0.058080769230770136,11699.113808191072,11.7,0.0
gabaa_complete_loss,False,1.0,1.0,0.0,perampanel,7,20261206,0,1.0,0.0,0.0,11.5,87.49561403508773,5.986308149915866,0.19575979455941245,0.0,0.07451538461538625,16319.653037620732,11.5,0.0
gabaa_complete_loss,False,1.0,1.0,0.0,perampanel,7,20261206,6,0.9741421208800244,0.0,0.025857879119975637,10.4,96.84466019417475,6.021972874824851,0.19036688301068047,0.0,0.06946538461538491,11987.990299750985,11.5,0.09565217391304348
gabaa_complete_loss,False,1.0,1.0,0.0,perampanel,7,20261206,8,0.9676668921927091,0.0,0.03233310780729098,9.5,106.11702127659575,6.082451019005791,0.16060649349132144,0.0,0.06633076923077048,10909.568349478623,11.5,0.17391304347826086
gabaa_complete_loss,False,1.0,1.0,0.0,perampanel,7,20261206,10,0.9615904074078002,0.0,0.03840959259219974,9.5,106.11702127659575,6.0598779647349295,0.15756584003671534,0.0,0.0654346153846166,10826.873107863072,11.5,0.17391304347826086
gabaa_complete_loss,False,1.0,1.0,0.0,perampanel,7,20261206,12,0.9558253497558058,0.0,0.044174650244194216,9.1,110.83333333333333,6.0815890861468915,0.14850789477636828,0.0,0.06460000000000118,9843.133533843928,11.5,0.20869565217391306
gabaa_complete_loss,False,1.0,1.0,0.0,perampanel,7,20261206,14,0.9503156200134328,0.0,0.049684379986567204,8.9,113.35227272727273,6.09893691948531,0.14541453805073407,0.0,0.06429230769230886,9700.794987529278,11.5,0.22608695652173905
gabaa_complete_loss,False,1.0,1.0,0.0,perampanel,7,20261206,16,0.9450221738818855,0.0,0.05497782611811456,8.8,113.89080459770115,6.1033175517541824,0.14184518891855777,0.0,0.06390769230769339,9759.384632440368,11.5,0.23478260869565215
gabaa_complete_loss,False,1.0,1.0,0.0,perampanel,7,20261206,18,0.9399162876906435,0.0,0.06008371230935653,8.3,120.83536585365853,6.162582844829141,0.13781059270694238,0.0,0.06472307692307816,9219.000475659346,11.5,0.27826086956521734
gabaa_complete_loss,False,1.0,1.0,0.0,perampanel,7,20261206,22,0.9301837569953113,0.0,0.06981624300468868,5.1,198.17,6.576906417617247,0.14826681934245645,0.0,0.06976923076923129,7387.058459982592,11.5,0.5565217391304348
gabaa_complete_loss,False,1.0,1.0,0.0,memantine,7,20261206,0,1.0,0.0,0.0,11.5,87.49561403508773,5.986308149915866,0.19575979455941245,0.0,0.07451538461538625,16319.653037620732,11.5,0.0
gabaa_complete_loss,False,1.0,1.0,0.0,memantine,7,20261206,50,0.9268452221991218,0.0,0.07315477780087822,11.5,87.5,5.871924773220555,0.1588300984896716,0.0,0.06724615384615543,8356.378500976143,11.5,0.0
gabaa_complete_loss,False,1.0,1.0,0.0,memantine,7,20261206,100,0.870062755069906,0.0,0.12993724493009393,11.4,87.6858407079646,5.782675595394869,0.1303484721971733,0.0,0.061050000000001034,4646.659321309622,11.5,0.008695652173912993
gabaa_complete_loss,False,1.0,1.0,0.0,memantine,7,20261206,125,0.8450406189991146,0.0,0.15495938100088538,10.3,96.48529411764706,5.921749441799051,0.11508094262450064,0.0,0.061626923076924404,3109.14210513228,11.5,0.10434782608695647
gabaa_complete_loss,False,1.0,1.0,0.0,memantine,7,20261206,150,0.8217846664011272,0.0,0.1782153335988728,9.3,107.70108695652173,6.101881589573079,0.14107619053930845,0.0,0.06575000000000146,2588.309183411955,11.5,0.19130434782608685
gabaa_complete_loss,False,1.0,1.0,0.0,memantine,7,20261206,175,0.8000596497582824,0.0,0.19994035024171763,8.0,125.42405063291139,6.2711115709854335,0.13896901887335095,0.0,0.06840000000000142,1891.089830653283,11.5,0.30434782608695654
gabaa_complete_loss,False,1.0,1.0,0.0,memantine,7,20261206,200,0.7796827121197533,0.0,0.22031728788024676,5.1,196.84,6.655819327794452,0.10867996647610126,0.0,0.07390384615384765,1252.578710607825,11.5,0.5565217391304348
gabaa_complete_loss,False,1.0,1.0,0.0,memantine,7,20261206,250,0.7424088119900276,0.0,0.2575911880099724,3.4,298.24242424242425,6.699107231770862,0.08679890758146697,0.0,0.07174230769230917,550.6943725088586,11.5,0.7043478260869565
gabaa_complete_loss,False,1.0,1.0,0.0,memantine,7,20261206,350,0.6789546199580587,0.0,0.3210453800419412,1.3,576.7083333333334,6.699606397826021,0.03950474850844361,0.0,0.06835384615384694,43.70027427748497,11.5,0.8869565217391304
gabaa_complete_loss,False,1.0,1.0,0.0,memantine,7,20261206,500,0.6036820500876947,0.0,0.39631794991230535,1.0,768.9444444444445,6.670034993401605,0.03361686713766025,0.0,0.06600384615384677,14.519614334154658,11.5,0.9130434782608696
gabaa_complete_loss,False,1.0,1.0,0.0,diazepam,7,20261206,0,1.0,0.0,0.0,11.5,87.49561403508773,5.986308149915866,0.19575979455941245,0.0,0.07451538461538625,16319.653037620732,11.5,0.0
gabaa_complete_loss,False,1.0,1.0,0.0,diazepam,7,20261206,2.5,1.4636363636363636,0.0,0.4636363636363636,11.5,87.49561403508773,5.986308149915866,0.19575979455941245,0.0,0.07451538461538625,16319.653037620732,11.5,0.0
gabaa_complete_loss,False,1.0,1.0,0.0,diazepam,7,20261206,5,1.8499999999999999,0.0,0.8499999999999999,11.5,87.49561403508773,5.986308149915866,0.19575979455941245,0.0,0.07451538461538625,16319.653037620732,11.5,0.0
gabaa_complete_loss,False,1.0,1.0,0.0,diazepam,7,20261206,7.5,2.1769230769230767,0.0,1.1769230769230767,11.5,87.49561403508773,5.986308149915866,0.19575979455941245,0.0,0.07451538461538625,16319.653037620732,11.5,0.0
gabaa_complete_loss,False,1.0,1.0,0.0,diazepam,7,20261206,10,2.457142857142857,0.0,1.4571428571428569,11.5,87.49561403508773,5.986308149915866,0.19575979455941245,0.0,0.07451538461538625,16319.653037620732,11.5,0.0
gabaa_complete_loss,False,1.0,1.0,0.0,diazepam,7,20261206,12.5,2.6999999999999997,0.0,1.6999999999999997,11.5,87.49561403508773,5.986308149915866,0.19575979455941245,0.0,0.07451538461538625,16319.653037620732,11.5,0.0
gabaa_complete_loss,False,1.0,1.0,0.0,diazepam,7,20261206,15,2.9124999999999996,0.0,1.9124999999999996,11.5,87.49561403508773,5.986308149915866,0.19575979455941245,0.0,0.07451538461538625,16319.653037620732,11.5,0.0
gabaa_complete_loss,False,1.0,1.0,0.0,diazepam,7,20261206,20,3.2666666666666666,0.0,2.2666666666666666,11.5,87.49561403508773,5.986308149915866,0.19575979455941245,0.0,0.07451538461538625,16319.653037620732,11.5,0.0
gabaa_complete_loss,False,1.0,1.0,0.0,diazepam,7,20261206,30,3.7818181818181813,0.0,2.7818181818181813,11.5,87.49561403508773,5.986308149915866,0.19575979455941245,0.0,0.07451538461538625,16319.653037620732,11.5,0.0
gabaa_complete_loss,False,1.0,1.0,0.0,diazepam,7,20261206,60,4.6,0.0,3.5999999999999996,11.5,87.49561403508773,5.986308149915866,0.19575979455941245,0.0,0.07451538461538625,16319.653037620732,11.5,0.0
gabaa_complete_loss,False,1.0,1.0,0.0,perampanel,8,20261207,0,1.0,0.0,0.0,11.4,88.27876106194691,6.0091933139971125,0.19227523848464592,0.0,0.07355769230769259,13362.129135270812,11.4,0.0
gabaa_complete_loss,False,1.0,1.0,0.0,perampanel,8,20261207,6,0.9741421208800244,0.0,0.025857879119975637,11.4,88.27876106194691,6.0869234174885145,0.22069677486648853,0.0,0.07996923076923167,18207.593073342785,11.4,0.0
gabaa_complete_loss,False,1.0,1.0,0.0,perampanel,8,20261207,8,0.9676668921927091,0.0,0.03233310780729098,11.3,89.06696428571429,6.0734909079173125,0.21298820877837102,0.0,0.07880384615384711,17279.60091291396,11.4,0.00877192982456132
gabaa_complete_loss,False,1.0,1.0,0.0,perampanel,8,20261207,10,0.9615904074078002,0.0,0.03840959259219974,11.2,89.86936936936937,6.014224046895365,0.21414260046728958,0.0,0.07581153846153932,16995.472917288236,11.4,0.01754385964912286
gabaa_complete_loss,False,1.0,1.0,0.0,perampanel,8,20261207,12,0.9558253497558058,0.0,0.044174650244194216,8.8,113.12068965517241,6.248377357795351,0.16586837783711578,0.0,0.07049615384615582,12558.703118235284,11.4,0.22807017543859642
gabaa_complete_loss,False,1.0,1.0,0.0,perampanel,8,20261207,14,0.9503156200134328,0.0,0.049684379986567204,8.8,113.12068965517241,6.227311017053721,0.16586837783711578,0.0,0.069626923076925,12558.703118235284,11.4,0.22807017543859642
gabaa_complete_loss,False,1.0,1.0,0.0,perampanel,8,20261207,16,0.9450221738818855,0.0,0.05497782611811456,8.3,120.01829268292683,6.210256845371155,0.15794841388517986,0.0,0.06653461538461691,10788.238933944502,11.4,0.27192982456140347
gabaa_complete_loss,False,1.0,1.0,0.0,perampanel,8,20261207,18,0.9399162876906435,0.0,0.06008371230935653,8.2,121.5,6.200436508607864,0.1537536245827768,0.0,0.06593076923077072,10459.213477071437,11.4,0.280701754385965
gabaa_complete_loss,False,1.0,1.0,0.0,perampanel,8,20261207,22,0.9301837569953113,0.0,0.06981624300468868,3.8,265.9864864864865,6.742161960639595,0.12712005215287034,0.0,0.07070769230769394,6257.716496053083,11.4,0.6666666666666667
gabaa_complete_loss,False,1.0,1.0,0.0,memantine,8,20261207,0,1.0,0.0,0.0,11.4,88.27876106194691,6.0091933139971125,0.19227523848464592,0.0,0.07355769230769259,13362.129135270812,11.4,0.0
gabaa_complete_loss,False,1.0,1.0,0.0,memantine,8,20261207,50,0.9268452221991218,0.0,0.07315477780087822,11.6,86.74347826086957,5.909090404388473,0.16958235079335632,0.0,0.07006923076923244,9313.549431581876,11.4,-0.01754385964912264
gabaa_complete_loss,False,1.0,1.0,0.0,memantine,8,20261207,100,0.870062755069906,0.0,0.12993724493009393,10.3,97.1470588235294,6.018213815419237,0.13738350174853034,0.0,0.06648846153846341,4860.378735735499,11.4,0.0964912280701754
gabaa_complete_loss,False,1.0,1.0,0.0,memantine,8,20261207,125,0.8450406189991146,0.0,0.15495938100088538,9.8,102.15463917525773,6.121793694002849,0.17070465756885614,0.0,0.0698576923076941,4108.458877525673,11.4,0.14035087719298245
gabaa_complete_loss,False,1.0,1.0,0.0,memantine,8,20261207,150,0.8217846664011272,0.0,0.1782153335988728,8.5,117.16071428571429,6.312876569755815,0.16365427152651954,0.0,0.07088461538461731,3218.0416542517883,11.4,0.2543859649122807
gabaa_complete_loss,False,1.0,1.0,0.0,memantine,8,20261207,175,0.8000596497582824,0.0,0.19994035024171763,6.4,156.21428571428572,6.556072708427539,0.13639097152261898,0.0,0.07348461538461701,2072.8182736164713,11.4,0.4385964912280702
gabaa_complete_loss,False,1.0,1.0,0.0,memantine,8,20261207,200,0.7796827121197533,0.0,0.22031728788024676,5.5,182.25,6.632059996142561,0.12145808631722038,0.0,0.07366923076923232,1467.5477122093616,11.4,0.5175438596491229
gabaa_complete_loss,False,1.0,1.0,0.0,memantine,8,20261207,250,0.7424088119900276,0.0,0.2575911880099724,3.2,317.48387096774195,6.75085484489683,0.08379864939486227,0.0,0.07313461538461691,479.9936596983566,11.4,0.7192982456140351
gabaa_complete_loss,False,1.0,1.0,0.0,memantine,8,20261207,350,0.6789546199580587,0.0,0.3210453800419412,1.4,634.3076923076923,6.739261860138633,0.05479139070110522,0.0,0.07053846153846226,63.2481706961215,11.4,0.8771929824561404
gabaa_complete_loss,False,1.0,1.0,0.0,memantine,8,20261207,500,0.6036820500876947,0.0,0.39631794991230535,1.0,591.1666666666666,6.6798996372316966,0.04345712927099547,0.0,0.06679615384615448,17.244657207314255,11.4,0.9122807017543859
gabaa_complete_loss,False,1.0,1.0,0.0,diazepam,8,20261207,0,1.0,0.0,0.0,11.4,88.27876106194691,6.0091933139971125,0.19227523848464592,0.0,0.07355769230769259,13362.129135270812,11.4,0.0
gabaa_complete_loss,False,1.0,1.0,0.0,diazepam,8,20261207,2.5,1.4636363636363636,0.0,0.4636363636363636,11.4,88.27876106194691,6.0091933139971125,0.19227523848464592,0.0,0.07355769230769259,13362.129135270812,11.4,0.0
gabaa_complete_loss,False,1.0,1.0,0.0,diazepam,8,20261207,5,1.8499999999999999,0.0,0.8499999999999999,11.4,88.27876106194691,6.0091933139971125,0.19227523848464592,0.0,0.07355769230769259,13362.129135270812,11.4,0.0
gabaa_complete_loss,False,1.0,1.0,0.0,diazepam,8,20261207,7.5,2.1769230769230767,0.0,1.1769230769230767,11.4,88.27876106194691,6.0091933139971125,0.19227523848464592,0.0,0.07355769230769259,13362.129135270812,11.4,0.0
gabaa_complete_loss,False,1.0,1.0,0.0,diazepam,8,20261207,10,2.457142857142857,0.0,1.4571428571428569,11.4,88.27876106194691,6.0091933139971125,0.19227523848464592,0.0,0.07355769230769259,13362.129135270812,11.4,0.0
gabaa_complete_loss,False,1.0,1.0,0.0,diazepam,8,20261207,12.5,2.6999999999999997,0.0,1.6999999999999997,11.4,88.27876106194691,6.0091933139971125,0.19227523848464592,0.0,0.07355769230769259,13362.129135270812,11.4,0.0
gabaa_complete_loss,False,1.0,1.0,0.0,diazepam,8,20261207,15,2.9124999999999996,0.0,1.9124999999999996,11.4,88.27876106194691,6.0091933139971125,0.19227523848464592,0.0,0.07355769230769259,13362.129135270812,11.4,0.0
gabaa_complete_loss,False,1.0,1.0,0.0,diazepam,8,20261207,20,3.2666666666666666,0.0,2.2666666666666666,11.4,88.27876106194691,6.0091933139971125,0.19227523848464592,0.0,0.07355769230769259,13362.129135270812,11.4,0.0
gabaa_complete_loss,False,1.0,1.0,0.0,diazepam,8,20261207,30,3.7818181818181813,0.0,2.7818181818181813,11.4,88.27876106194691,6.0091933139971125,0.19227523848464592,0.0,0.07355769230769259,13362.129135270812,11.4,0.0
gabaa_complete_loss,False,1.0,1.0,0.0,diazepam,8,20261207,60,4.6,0.0,3.5999999999999996,11.4,88.27876106194691,6.0091933139971125,0.19227523848464592,0.0,0.07355769230769259,13362.129135270812,11.4,0.0
gabaa_complete_loss,False,1.0,1.0,0.0,perampanel,9,20261208,0,1.0,0.0,0.0,11.4,88.26991150442478,6.062271492483037,0.22130545744325722,0.0,0.07771923076923076,15858.269983816359,11.4,0.0
gabaa_complete_loss,False,1.0,1.0,0.0,perampanel,9,20261208,6,0.9741421208800244,0.0,0.025857879119975637,11.1,90.67727272727272,5.890309331606537,0.15959345402202918,0.0,0.06720384615384728,11901.523345253736,11.4,0.026315789473684292
gabaa_complete_loss,False,1.0,1.0,0.0,perampanel,9,20261208,8,0.9676668921927091,0.0,0.03233310780729098,11.1,90.67727272727272,5.875845590326227,0.16274285822763676,0.0,0.0662538461538472,12183.44261579941,11.4,0.026315789473684292
gabaa_complete_loss,False,1.0,1.0,0.0,perampanel,9,20261208,10,0.9615904074078002,0.0,0.03840959259219974,11.1,90.67727272727272,5.857744622405993,0.16274285822763676,0.0,0.06533076923077027,12183.44261579941,11.4,0.026315789473684292
gabaa_complete_loss,False,1.0,1.0,0.0,perampanel,9,20261208,12,0.9558253497558058,0.0,0.044174650244194216,10.3,97.78921568627452,5.98334057071663,0.18113231600467267,0.0,0.0675346153846164,12597.96102672103,11.4,0.0964912280701754
gabaa_complete_loss,False,1.0,1.0,0.0,perampanel,9,20261208,14,0.9503156200134328,0.0,0.049684379986567204,6.4,158.32539682539684,6.4796899550110245,0.16987537975634157,0.0,0.07293076923076922,8658.993346959373,11.4,0.4385964912280702
gabaa_complete_loss,False,1.0,1.0,0.0,perampanel,9,20261208,16,0.9450221738818855,0.0,0.05497782611811456,6.3,160.88709677419354,6.471212233208545,0.16222198397863802,0.0,0.07158846153846163,8009.612225107881,11.4,0.44736842105263164
gabaa_complete_loss,False,1.0,1.0,0.0,perampanel,9,20261208,18,0.9399162876906435,0.0,0.06008371230935653,6.3,160.88709677419354,6.452881218852509,0.15860144834779696,0.0,0.07093846153846162,7940.036809433319,11.4,0.44736842105263164
gabaa_complete_loss,False,1.0,1.0,0.0,perampanel,9,20261208,22,0.9301837569953113,0.0,0.06981624300468868,4.9,206.42708333333334,6.607072737974365,0.1428244025367155,0.0,0.07096538461538536,7187.736165509398,11.4,0.5701754385964912
gabaa_complete_loss,False,1.0,1.0,0.0,memantine,9,20261208,0,1.0,0.0,0.0,11.4,88.26991150442478,6.062271492483037,0.22130545744325722,0.0,0.07771923076923076,15858.269983816359,11.4,0.0
gabaa_complete_loss,False,1.0,1.0,0.0,memantine,9,20261208,50,0.9268452221991218,0.0,0.07315477780087822,10.8,93.2196261682243,6.016532233767168,0.16112313228572603,0.0,0.07075000000000134,6790.641338882772,11.4,0.05263157894736836
gabaa_complete_loss,False,1.0,1.0,0.0,memantine,9,20261208,100,0.870062755069906,0.0,0.12993724493009393,10.2,98.75742574257426,6.068537403033481,0.16397249466797062,0.0,0.07025769230769302,4304.914055847875,11.4,0.10526315789473695
gabaa_complete_loss,False,1.0,1.0,0.0,memantine,9,20261208,125,0.8450406189991146,0.0,0.15495938100088538,8.7,115.98837209302326,6.281247779513013,0.15514188655250452,0.0,0.07158846153846278,3358.707687975055,11.4,0.23684210526315796
gabaa_complete_loss,False,1.0,1.0,0.0,memantine,9,20261208,150,0.8217846664011272,0.0,0.1782153335988728,7.7,130.375,6.36185905250472,0.13412912681867367,0.0,0.0701461538461552,2428.795479466336,11.4,0.32456140350877194
gabaa_complete_loss,False,1.0,1.0,0.0,memantine,9,20261208,175,0.8000596497582824,0.0,0.19994035024171763,5.9,169.67241379310346,6.594996265424455,0.11798509069728517,0.0,0.07346538461538622,1724.538592452196,11.4,0.48245614035087714
gabaa_complete_loss,False,1.0,1.0,0.0,memantine,9,20261208,200,0.7796827121197533,0.0,0.22031728788024676,5.2,192.9607843137255,6.64300374382162,0.10599445015261931,0.0,0.07335000000000164,1229.1693609123672,11.4,0.543859649122807
gabaa_complete_loss,False,1.0,1.0,0.0,memantine,9,20261208,250,0.7424088119900276,0.0,0.2575911880099724,3.0,339.36206896551727,6.770437853388282,0.07663176014726587,0.0,0.07425769230769375,446.3334448965421,11.4,0.736842105263158
gabaa_complete_loss,False,1.0,1.0,0.0,memantine,9,20261208,350,0.6789546199580587,0.0,0.3210453800419412,1.2,629.0,6.744326474030896,0.04719144610276764,0.0,0.07027692307692388,53.76549913794125,11.4,0.8947368421052632
gabaa_complete_loss,False,1.0,1.0,0.0,memantine,9,20261208,500,0.6036820500876947,0.0,0.39631794991230535,1.0,768.7777777777778,6.683159146950802,0.04040349751776822,0.0,0.06657692307692381,17.845447735757755,11.4,0.9122807017543859
gabaa_complete_loss,False,1.0,1.0,0.0,diazepam,9,20261208,0,1.0,0.0,0.0,11.4,88.26991150442478,6.062271492483037,0.22130545744325722,0.0,0.07771923076923076,15858.269983816359,11.4,0.0
gabaa_complete_loss,False,1.0,1.0,0.0,diazepam,9,20261208,2.5,1.4636363636363636,0.0,0.4636363636363636,11.4,88.26991150442478,6.062271492483037,0.22130545744325722,0.0,0.07771923076923076,15858.269983816359,11.4,0.0
gabaa_complete_loss,False,1.0,1.0,0.0,diazepam,9,20261208,5,1.8499999999999999,0.0,0.8499999999999999,11.4,88.26991150442478,6.062271492483037,0.22130545744325722,0.0,0.07771923076923076,15858.269983816359,11.4,0.0
gabaa_complete_loss,False,1.0,1.0,0.0,diazepam,9,20261208,7.5,2.1769230769230767,0.0,1.1769230769230767,11.4,88.26991150442478,6.062271492483037,0.22130545744325722,0.0,0.07771923076923076,15858.269983816359,11.4,0.0
gabaa_complete_loss,False,1.0,1.0,0.0,diazepam,9,20261208,10,2.457142857142857,0.0,1.4571428571428569,11.4,88.26991150442478,6.062271492483037,0.22130545744325722,0.0,0.07771923076923076,15858.269983816359,11.4,0.0
gabaa_complete_loss,False,1.0,1.0,0.0,diazepam,9,20261208,12.5,2.6999999999999997,0.0,1.6999999999999997,11.4,88.26991150442478,6.062271492483037,0.22130545744325722,0.0,0.07771923076923076,15858.269983816359,11.4,0.0
gabaa_complete_loss,False,1.0,1.0,0.0,diazepam,9,20261208,15,2.9124999999999996,0.0,1.9124999999999996,11.4,88.26991150442478,6.062271492483037,0.22130545744325722,0.0,0.07771923076923076,15858.269983816359,11.4,0.0
gabaa_complete_loss,False,1.0,1.0,0.0,diazepam,9,20261208,20,3.2666666666666666,0.0,2.2666666666666666,11.4,88.26991150442478,6.062271492483037,0.22130545744325722,0.0,0.07771923076923076,15858.269983816359,11.4,0.0
gabaa_complete_loss,False,1.0,1.0,0.0,diazepam,9,20261208,30,3.7818181818181813,0.0,2.7818181818181813,11.4,88.26991150442478,6.062271492483037,0.22130545744325722,0.0,0.07771923076923076,15858.269983816359,11.4,0.0
gabaa_complete_loss,False,1.0,1.0,0.0,diazepam,9,20261208,60,4.6,0.0,3.5999999999999996,11.4,88.26991150442478,6.062271492483037,0.22130545744325722,0.0,0.07771923076923076,15858.269983816359,11.4,0.0
gabaa_complete_loss,False,1.0,1.0,0.0,perampanel,10,20261209,0,1.0,0.0,0.0,11.5,87.50438596491227,5.902853044098871,0.1742510852803737,0.0,0.06922692307692423,14924.148606878585,11.5,0.0
gabaa_complete_loss,False,1.0,1.0,0.0,perampanel,10,20261209,6,0.9741421208800244,0.0,0.025857879119975637,11.1,90.68636363636364,5.956072892614488,0.1889684554405873,0.0,0.07135000000000044,14517.797157960704,11.5,0.034782608695652195
gabaa_complete_loss,False,1.0,1.0,0.0,perampanel,10,20261209,8,0.9676668921927091,0.0,0.03233310780729098,11.1,90.68636363636364,5.9260377821872545,0.17720431416889165,0.0,0.07028076923076981,13711.754542924351,11.5,0.034782608695652195
gabaa_complete_loss,False,1.0,1.0,0.0,perampanel,10,20261209,10,0.9615904074078002,0.0,0.03840959259219974,11.1,90.68636363636364,5.877390283585945,0.170411915136849,0.0,0.06798846153846215,13253.664422968606,11.5,0.034782608695652195
gabaa_complete_loss,False,1.0,1.0,0.0,perampanel,10,20261209,12,0.9558253497558058,0.0,0.044174650244194216,11.1,90.68636363636364,5.861520259266795,0.17048406233311067,0.0,0.06738846153846209,13373.819636199627,11.5,0.034782608695652195
gabaa_complete_loss,False,1.0,1.0,0.0,perampanel,10,20261209,14,0.9503156200134328,0.0,0.049684379986567204,10.1,99.755,6.031599811412539,0.176289864903204,0.0,0.0698500000000006,13292.153240652842,11.5,0.12173913043478268
gabaa_complete_loss,False,1.0,1.0,0.0,perampanel,10,20261209,16,0.9450221738818855,0.0,0.05497782611811456,10.0,100.76262626262626,6.0425047942361125,0.17844898122496639,0.0,0.0694884615384621,13474.289725729963,11.5,0.13043478260869568
gabaa_complete_loss,False,1.0,1.0,0.0,perampanel,10,20261209,18,0.9399162876906435,0.0,0.06008371230935653,9.2,109.62087912087912,6.078618707915979,0.1623264950767688,0.0,0.06675000000000045,10611.088746351312,11.5,0.20000000000000007
gabaa_complete_loss,False,1.0,1.0,0.0,perampanel,10,20261209,22,0.9301837569953113,0.0,0.06981624300468868,8.7,115.99418604651163,6.129491576009044,0.15510673172563397,0.0,0.0663269230769236,10158.752392042588,11.5,0.24347826086956526
gabaa_complete_loss,False,1.0,1.0,0.0,memantine,10,20261209,0,1.0,0.0,0.0,11.5,87.50438596491227,5.902853044098871,0.1742510852803737,0.0,0.06922692307692423,14924.148606878585,11.5,0.0
gabaa_complete_loss,False,1.0,1.0,0.0,memantine,10,20261209,50,0.9268452221991218,0.0,0.07315477780087822,11.3,89.06696428571429,5.91618752391938,0.1766793193552847,0.0,0.06998076923076985,8222.987623818397,11.5,0.017391304347825987
gabaa_complete_loss,False,1.0,1.0,0.0,memantine,10,20261209,100,0.870062755069906,0.0,0.12993724493009393,10.1,99.755,6.096894736389337,0.17514054584756714,0.0,0.07143461538461601,5022.101037846243,11.5,0.12173913043478268
gabaa_complete_loss,False,1.0,1.0,0.0,memantine,10,20261209,125,0.8450406189991146,0.0,0.15495938100088538,8.7,115.99418604651163,6.271524548938847,0.15171551747546522,0.0,0.0716846153846161,3383.44125404426,11.5,0.24347826086956526
gabaa_complete_loss,False,1.0,1.0,0.0,memantine,10,20261209,150,0.8217846664011272,0.0,0.1782153335988728,8.2,123.15432098765432,6.2869903773850275,0.14067079059953724,0.0,0.06939615384615458,2508.1567729562535,11.5,0.28695652173913044
gabaa_complete_loss,False,1.0,1.0,0.0,memantine,10,20261209,175,0.8000596497582824,0.0,0.19994035024171763,7.4,136.65068493150685,6.35664443402726,0.1257917800809296,0.0,0.06975769230769309,1811.7157516577608,11.5,0.3565217391304347
gabaa_complete_loss,False,1.0,1.0,0.0,memantine,10,20261209,200,0.7796827121197533,0.0,0.22031728788024676,5.1,196.84,6.659920296192011,0.10465380784963359,0.0,0.07410000000000148,1227.7637961953674,11.5,0.5565217391304348
gabaa_complete_loss,False,1.0,1.0,0.0,memantine,10,20261209,250,0.7424088119900276,0.0,0.2575911880099724,3.1,328.06666666666666,6.787789261279277,0.09117917898225904,0.0,0.07465384615384758,511.6240407194515,11.5,0.7304347826086957
gabaa_complete_loss,False,1.0,1.0,0.0,memantine,10,20261209,350,0.6789546199580587,0.0,0.3210453800419412,1.4,634.3076923076923,6.759888947103008,0.05159160471126885,0.0,0.07194615384615456,59.76890489832177,11.5,0.8782608695652174
gabaa_complete_loss,False,1.0,1.0,0.0,memantine,10,20261209,500,0.6036820500876947,0.0,0.39631794991230535,0.8,988.6428571428571,6.731295312784675,0.04190911006985261,0.0,0.06866153846153913,17.611002170396922,11.5,0.9304347826086956
gabaa_complete_loss,False,1.0,1.0,0.0,diazepam,10,20261209,0,1.0,0.0,0.0,11.5,87.50438596491227,5.902853044098871,0.1742510852803737,0.0,0.06922692307692423,14924.148606878585,11.5,0.0
gabaa_complete_loss,False,1.0,1.0,0.0,diazepam,10,20261209,2.5,1.4636363636363636,0.0,0.4636363636363636,11.5,87.50438596491227,5.902853044098871,0.1742510852803737,0.0,0.06922692307692423,14924.148606878585,11.5,0.0
gabaa_complete_loss,False,1.0,1.0,0.0,diazepam,10,20261209,5,1.8499999999999999,0.0,0.8499999999999999,11.5,87.50438596491227,5.902853044098871,0.1742510852803737,0.0,0.06922692307692423,14924.148606878585,11.5,0.0
gabaa_complete_loss,False,1.0,1.0,0.0,diazepam,10,20261209,7.5,2.1769230769230767,0.0,1.1769230769230767,11.5,87.50438596491227,5.902853044098871,0.1742510852803737,0.0,0.06922692307692423,14924.148606878585,11.5,0.0
gabaa_complete_loss,False,1.0,1.0,0.0,diazepam,10,20261209,10,2.457142857142857,0.0,1.4571428571428569,11.5,87.50438596491227,5.902853044098871,0.1742510852803737,0.0,0.06922692307692423,14924.148606878585,11.5,0.0
gabaa_complete_loss,False,1.0,1.0,0.0,diazepam,10,20261209,12.5,2.6999999999999997,0.0,1.6999999999999997,11.5,87.50438596491227,5.902853044098871,0.1742510852803737,0.0,0.06922692307692423,14924.148606878585,11.5,0.0
gabaa_complete_loss,False,1.0,1.0,0.0,diazepam,10,20261209,15,2.9124999999999996,0.0,1.9124999999999996,11.5,87.50438596491227,5.902853044098871,0.1742510852803737,0.0,0.06922692307692423,14924.148606878585,11.5,0.0
gabaa_complete_loss,False,1.0,1.0,0.0,diazepam,10,20261209,20,3.2666666666666666,0.0,2.2666666666666666,11.5,87.50438596491227,5.902853044098871,0.1742510852803737,0.0,0.06922692307692423,14924.148606878585,11.5,0.0
gabaa_complete_loss,False,1.0,1.0,0.0,diazepam,10,20261209,30,3.7818181818181813,0.0,2.7818181818181813,11.5,87.50438596491227,5.902853044098871,0.1742510852803737,0.0,0.06922692307692423,14924.148606878585,11.5,0.0
gabaa_complete_loss,False,1.0,1.0,0.0,diazepam,10,20261209,60,4.6,0.0,3.5999999999999996,11.5,87.50438596491227,5.902853044098871,0.1742510852803737,0.0,0.06922692307692423,14924.148606878585,11.5,0.0
gabaa_complete_loss,False,1.0,1.0,0.0,perampanel,11,20261210,0,1.0,0.0,0.0,11.7,85.99137931034483,5.960418890815084,0.2089639741321759,0.0,0.07362692307692321,15741.826209483457,11.7,0.0
gabaa_complete_loss,False,1.0,1.0,0.0,perampanel,11,20261210,6,0.9741421208800244,0.0,0.025857879119975637,11.2,89.86036036036036,5.95222617716013,0.18705591513684877,0.0,0.07104230769230807,13830.275275110778,11.7,0.042735042735042694
gabaa_complete_loss,False,1.0,1.0,0.0,perampanel,11,20261210,8,0.9676668921927091,0.0,0.03233310780729098,10.3,97.78921568627452,6.063780324036727,0.18477054122162848,0.0,0.0719615384615388,12081.956284010897,11.7,0.11965811965811957
gabaa_complete_loss,False,1.0,1.0,0.0,perampanel,11,20261210,10,0.9615904074078002,0.0,0.03840959259219974,6.3,160.8790322580645,6.518633531305823,0.16294455240320396,0.0,0.07221538461538468,8044.539002802925,11.7,0.46153846153846156
gabaa_complete_loss,False,1.0,1.0,0.0,perampanel,11,20261210,12,0.9558253497558058,0.0,0.044174650244194216,6.2,163.51639344262296,6.514805399127827,0.16302386315086753,0.0,0.07174615384615393,8074.870307480496,11.7,0.4700854700854701
gabaa_complete_loss,False,1.0,1.0,0.0,perampanel,11,20261210,14,0.9503156200134328,0.0,0.049684379986567204,6.2,163.51639344262296,6.45198873325607,0.16105454439252306,0.0,0.06986538461538486,7975.8346685630295,11.7,0.4700854700854701
gabaa_complete_loss,False,1.0,1.0,0.0,perampanel,11,20261210,16,0.9450221738818855,0.0,0.05497782611811456,6.0,169.0593220338983,6.458310524533124,0.1533031249165551,0.0,0.06951153846153875,7543.538277425593,11.7,0.4871794871794871
gabaa_complete_loss,False,1.0,1.0,0.0,perampanel,11,20261210,18,0.9399162876906435,0.0,0.06008371230935653,5.9,171.97413793103448,6.450690860600364,0.15124385972963925,0.0,0.06865384615384644,7429.3703819636985,11.7,0.49572649572649563
gabaa_complete_loss,False,1.0,1.0,0.0,perampanel,11,20261210,22,0.9301837569953113,0.0,0.06981624300468868,5.7,178.11607142857142,6.445362878539859,0.15124385972963925,0.0,0.067792307692308,7429.3703819636985,11.7,0.5128205128205128
gabaa_complete_loss,False,1.0,1.0,0.0,memantine,11,20261210,0,1.0,0.0,0.0,11.7,85.99137931034483,5.960418890815084,0.2089639741321759,0.0,0.07362692307692321,15741.826209483457,11.7,0.0
gabaa_complete_loss,False,1.0,1.0,0.0,memantine,11,20261210,50,0.9268452221991218,0.0,0.07315477780087822,11.6,86.73913043478261,5.926621946497575,0.1804065875088037,0.0,0.07052692307692364,7989.01917514783,11.7,0.008547008547008517
gabaa_complete_loss,False,1.0,1.0,0.0,memantine,11,20261210,100,0.870062755069906,0.0,0.12993724493009393,9.4,107.25806451612904,6.271380108711298,0.17958382115272487,0.0,0.07359615384615406,5129.682019653333,11.7,0.19658119658119655
gabaa_complete_loss,False,1.0,1.0,0.0,memantine,11,20261210,125,0.8450406189991146,0.0,0.15495938100088538,9.1,110.83333333333333,6.272709338985875,0.16699079395379457,0.0,0.0726961538461542,3879.7353487622977,11.7,0.2222222222222222
gabaa_complete_loss,False,1.0,1.0,0.0,memantine,11,20261210,150,0.8217846664011272,0.0,0.1782153335988728,8.4,120.18072289156626,6.285743439840533,0.15235371253860722,0.0,0.07084615384615452,2760.1851808265283,11.7,0.28205128205128194
gabaa_complete_loss,False,1.0,1.0,0.0,memantine,11,20261210,175,0.8000596497582824,0.0,0.19994035024171763,7.5,134.7972972972973,6.370830478019013,0.13397184990603597,0.0,0.07115769230769302,2010.9134784072667,11.7,0.3589743589743589
gabaa_complete_loss,False,1.0,1.0,0.0,memantine,11,20261210,200,0.7796827121197533,0.0,0.22031728788024676,5.1,196.83,6.677878937928595,0.11521626024478712,0.0,0.07462692307692456,1318.6694295096127,11.7,0.5641025641025641
gabaa_complete_loss,False,1.0,1.0,0.0,memantine,11,20261210,250,0.7424088119900276,0.0,0.2575911880099724,3.8,265.9864864864865,6.707756450986967,0.10011245746723303,0.0,0.07299230769230922,610.0472120576915,11.7,0.6752136752136753
gabaa_complete_loss,False,1.0,1.0,0.0,memantine,11,20261210,350,0.6789546199580587,0.0,0.3210453800419412,1.7,540.3125,6.764918172868183,0.053466025279012584,0.0,0.07091538461538574,101.09671676622986,11.7,0.8547008547008547
gabaa_complete_loss,False,1.0,1.0,0.0,memantine,11,20261210,500,0.6036820500876947,0.0,0.39631794991230535,0.9,1005.8125,6.723449056778289,0.044210829131474165,0.0,0.06788076923077,19.262223157673223,11.7,0.9230769230769231
gabaa_complete_loss,False,1.0,1.0,0.0,diazepam,11,20261210,0,1.0,0.0,0.0,11.7,85.99137931034483,5.960418890815084,0.2089639741321759,0.0,0.07362692307692321,15741.826209483457,11.7,0.0
gabaa_complete_loss,False,1.0,1.0,0.0,diazepam,11,20261210,2.5,1.4636363636363636,0.0,0.4636363636363636,11.7,85.99137931034483,5.960418890815084,0.2089639741321759,0.0,0.07362692307692321,15741.826209483457,11.7,0.0
gabaa_complete_loss,False,1.0,1.0,0.0,diazepam,11,20261210,5,1.8499999999999999,0.0,0.8499999999999999,11.7,85.99137931034483,5.960418890815084,0.2089639741321759,0.0,0.07362692307692321,15741.826209483457,11.7,0.0
gabaa_complete_loss,False,1.0,1.0,0.0,diazepam,11,20261210,7.5,2.1769230769230767,0.0,1.1769230769230767,11.7,85.99137931034483,5.960418890815084,0.2089639741321759,0.0,0.07362692307692321,15741.826209483457,11.7,0.0
gabaa_complete_loss,False,1.0,1.0,0.0,diazepam,11,20261210,10,2.457142857142857,0.0,1.4571428571428569,11.7,85.99137931034483,5.960418890815084,0.2089639741321759,0.0,0.07362692307692321,15741.826209483457,11.7,0.0
gabaa_complete_loss,False,1.0,1.0,0.0,diazepam,11,20261210,12.5,2.6999999999999997,0.0,1.6999999999999997,11.7,85.99137931034483,5.960418890815084,0.2089639741321759,0.0,0.07362692307692321,15741.826209483457,11.7,0.0
gabaa_complete_loss,False,1.0,1.0,0.0,diazepam,11,20261210,15,2.9124999999999996,0.0,1.9124999999999996,11.7,85.99137931034483,5.960418890815084,0.2089639741321759,0.0,0.07362692307692321,15741.826209483457,11.7,0.0
gabaa_complete_loss,False,1.0,1.0,0.0,diazepam,11,20261210,20,3.2666666666666666,0.0,2.2666666666666666,11.7,85.99137931034483,5.960418890815084,0.2089639741321759,0.0,0.07362692307692321,15741.826209483457,11.7,0.0
gabaa_complete_loss,False,1.0,1.0,0.0,diazepam,11,20261210,30,3.7818181818181813,0.0,2.7818181818181813,11.7,85.99137931034483,5.960418890815084,0.2089639741321759,0.0,0.07362692307692321,15741.826209483457,11.7,0.0
gabaa_complete_loss,False,1.0,1.0,0.0,diazepam,11,20261210,60,4.6,0.0,3.5999999999999996,11.7,85.99137931034483,5.960418890815084,0.2089639741321759,0.0,0.07362692307692321,15741.826209483457,11.7,0.0
gabaa_complete_loss,False,1.0,1.0,0.0,perampanel,12,20261211,0,1.0,0.0,0.0,8.3,121.65243902439025,6.393235485870994,0.17188322087783695,0.0,0.07579615384615372,10465.757308423086,8.3,0.0
gabaa_complete_loss,False,1.0,1.0,0.0,perampanel,12,20261211,6,0.9741421208800244,0.0,0.025857879119975637,7.3,138.54861111111111,6.435945081600463,0.15237529881508663,0.0,0.07330769230769246,8242.691836331082,8.3,0.12048192771084343
gabaa_complete_loss,False,1.0,1.0,0.0,perampanel,12,20261211,8,0.9676668921927091,0.0,0.03233310780729098,6.8,148.88805970149255,6.489154781626907,0.16417229739652858,0.0,0.07358461538461558,8405.272802355023,8.3,0.1807228915662652
gabaa_complete_loss,False,1.0,1.0,0.0,perampanel,12,20261211,10,0.9615904074078002,0.0,0.03840959259219974,6.3,160.8951612903226,6.525527126830005,0.15027615896194912,0.0,0.07237307692307729,7456.967767508255,8.3,0.24096385542168686
gabaa_complete_loss,False,1.0,1.0,0.0,perampanel,12,20261211,12,0.9558253497558058,0.0,0.044174650244194216,5.9,171.99137931034483,6.570593084712042,0.1494602268024031,0.0,0.07270769230769276,7047.385694720973,8.3,0.28915662650602414
gabaa_complete_loss,False,1.0,1.0,0.0,perampanel,12,20261211,14,0.9503156200134328,0.0,0.049684379986567204,5.9,171.99137931034483,6.515779167044728,0.147705887683578,0.0,0.07023846153846187,6946.47938565384,8.3,0.28915662650602414
gabaa_complete_loss,False,1.0,1.0,0.0,perampanel,12,20261211,16,0.9450221738818855,0.0,0.05497782611811456,5.8,175.00877192982455,6.502566534679252,0.1457689511014685,0.0,0.0694384615384619,6755.783094175272,8.3,0.3012048192771085
gabaa_complete_loss,False,1.0,1.0,0.0,perampanel,12,20261211,18,0.9399162876906435,0.0,0.06008371230935653,5.7,178.13392857142858,6.498537287671816,0.1426733649032042,0.0,0.06892307692307739,6678.805189969288,8.3,0.3132530120481928
gabaa_complete_loss,False,1.0,1.0,0.0,perampanel,12,20261211,22,0.9301837569953113,0.0,0.06981624300468868,4.7,216.8586956521739,6.504279275903794,0.11602683594793045,0.0,0.06488076923077042,5818.293276600728,8.3,0.4337349397590362
gabaa_complete_loss,False,1.0,1.0,0.0,memantine,12,20261211,0,1.0,0.0,0.0,8.3,121.65243902439025,6.393235485870994,0.17188322087783695,0.0,0.07579615384615372,10465.757308423086,8.3,0.0
gabaa_complete_loss,False,1.0,1.0,0.0,memantine,12,20261211,50,0.9268452221991218,0.0,0.07315477780087822,7.4,136.65068493150685,6.476733611012391,0.15633867565479975,0.0,0.07577692307692328,5402.7417495198115,8.3,0.10843373493975905
gabaa_complete_loss,False,1.0,1.0,0.0,memantine,12,20261211,100,0.870062755069906,0.0,0.12993724493009393,5.5,184.7314814814815,6.68438633794465,0.12153450437961781,0.0,0.07700000000000107,2533.2612032198676,8.3,0.33734939759036153
gabaa_complete_loss,False,1.0,1.0,0.0,memantine,12,20261211,125,0.8450406189991146,0.0,0.15495938100088538,5.2,195.59803921568627,6.687506524239568,0.11781112924662762,0.0,0.07580384615384751,1931.4922820360646,8.3,0.37349397590361444
gabaa_complete_loss,False,1.0,1.0,0.0,memantine,12,20261211,150,0.8217846664011272,0.0,0.1782153335988728,5.1,199.51,6.637079554507095,0.11143287238726698,0.0,0.07349615384615524,1460.8268105252525,8.3,0.3855421686746989
gabaa_complete_loss,False,1.0,1.0,0.0,memantine,12,20261211,175,0.8000596497582824,0.0,0.19994035024171763,3.9,258.9868421052632,6.77573523943263,0.10135211635296484,0.0,0.07462692307692484,1059.9375555938984,8.3,0.5301204819277109
gabaa_complete_loss,False,1.0,1.0,0.0,memantine,12,20261211,200,0.7796827121197533,0.0,0.22031728788024676,3.6,281.1857142857143,6.774292130851354,0.09546295911150626,0.0,0.07391923076923251,808.0323263371283,8.3,0.5662650602409639
gabaa_complete_loss,False,1.0,1.0,0.0,memantine,12,20261211,250,0.7424088119900276,0.0,0.2575911880099724,2.6,369.76,6.725824994494244,0.06612762075267219,0.0,0.07121923076923198,256.75710162747146,8.3,0.6867469879518072
gabaa_complete_loss,False,1.0,1.0,0.0,memantine,12,20261211,350,0.6789546199580587,0.0,0.3210453800419412,1.4,532.3461538461538,6.716989898969094,0.04941826349431098,0.0,0.0689692307692314,55.23548302239445,8.3,0.8313253012048193
gabaa_complete_loss,False,1.0,1.0,0.0,memantine,12,20261211,500,0.6036820500876947,0.0,0.39631794991230535,0.9,665.0,6.6838841141130425,0.04280721758802539,0.0,0.06617307692307757,14.834424684145127,8.3,0.891566265060241
gabaa_complete_loss,False,1.0,1.0,0.0,diazepam,12,20261211,0,1.0,0.0,0.0,8.3,121.65243902439025,6.393235485870994,0.17188322087783695,0.0,0.07579615384615372,10465.757308423086,8.3,0.0
gabaa_complete_loss,False,1.0,1.0,0.0,diazepam,12,20261211,2.5,1.4636363636363636,0.0,0.4636363636363636,8.3,121.65243902439025,6.393235485870994,0.17188322087783695,0.0,0.07579615384615372,10465.757308423086,8.3,0.0
gabaa_complete_loss,False,1.0,1.0,0.0,diazepam,12,20261211,5,1.8499999999999999,0.0,0.8499999999999999,8.3,121.65243902439025,6.393235485870994,0.17188322087783695,0.0,0.07579615384615372,10465.757308423086,8.3,0.0
gabaa_complete_loss,False,1.0,1.0,0.0,diazepam,12,20261211,7.5,2.1769230769230767,0.0,1.1769230769230767,8.3,121.65243902439025,6.393235485870994,0.17188322087783695,0.0,0.07579615384615372,10465.757308423086,8.3,0.0
gabaa_complete_loss,False,1.0,1.0,0.0,diazepam,12,20261211,10,2.457142857142857,0.0,1.4571428571428569,8.3,121.65243902439025,6.393235485870994,0.17188322087783695,0.0,0.07579615384615372,10465.757308423086,8.3,0.0
gabaa_complete_loss,False,1.0,1.0,0.0,diazepam,12,20261211,12.5,2.6999999999999997,0.0,1.6999999999999997,8.3,121.65243902439025,6.393235485870994,0.17188322087783695,0.0,0.07579615384615372,10465.757308423086,8.3,0.0
gabaa_complete_loss,False,1.0,1.0,0.0,diazepam,12,20261211,15,2.9124999999999996,0.0,1.9124999999999996,8.3,121.65243902439025,6.393235485870994,0.17188322087783695,0.0,0.07579615384615372,10465.757308423086,8.3,0.0
gabaa_complete_loss,False,1.0,1.0,0.0,diazepam,12,20261211,20,3.2666666666666666,0.0,2.2666666666666666,8.3,121.65243902439025,6.393235485870994,0.17188322087783695,0.0,0.07579615384615372,10465.757308423086,8.3,0.0
gabaa_complete_loss,False,1.0,1.0,0.0,diazepam,12,20261211,30,3.7818181818181813,0.0,2.7818181818181813,8.3,121.65243902439025,6.393235485870994,0.17188322087783695,0.0,0.07579615384615372,10465.757308423086,8.3,0.0
gabaa_complete_loss,False,1.0,1.0,0.0,diazepam,12,20261211,60,4.6,0.0,3.5999999999999996,8.3,121.65243902439025,6.393235485870994,0.17188322087783695,0.0,0.07579615384615372,10465.757308423086,8.3,0.0
gabaa_complete_loss,False,1.0,1.0,0.0,perampanel,13,20261212,0,1.0,0.0,0.0,11.1,90.68181818181819,6.043259173002712,0.20280057877169538,0.0,0.0765653846153852,14530.040251766319,11.1,0.0
gabaa_complete_loss,False,1.0,1.0,0.0,perampanel,13,20261212,6,0.9741421208800244,0.0,0.025857879119975637,10.5,95.91346153846153,5.994968206135324,0.1829348629005338,0.0,0.0689038461538466,11540.944043252468,11.1,0.05405405405405406
gabaa_complete_loss,False,1.0,1.0,0.0,perampanel,13,20261212,8,0.9676668921927091,0.0,0.03233310780729098,10.4,96.84466019417475,5.9921840120853105,0.18226488810080083,0.0,0.06823846153846205,11584.40512247689,11.1,0.06306306306306297
gabaa_complete_loss,False,1.0,1.0,0.0,perampanel,13,20261212,10,0.9615904074078002,0.0,0.03840959259219974,10.3,97.79411764705883,5.994593279875363,0.1773734251502001,0.0,0.06771538461538512,10814.454302632297,11.1,0.072072072072072
gabaa_complete_loss,False,1.0,1.0,0.0,perampanel,13,20261212,12,0.9558253497558058,0.0,0.044174650244194216,10.0,100.75757575757575,6.021656611082223,0.17628083736648845,0.0,0.0676884615384621,10314.308204078148,11.1,0.09909909909909909
gabaa_complete_loss,False,1.0,1.0,0.0,perampanel,13,20261212,14,0.9503156200134328,0.0,0.049684379986567204,9.5,106.12234042553192,6.078221851205406,0.17361424190587432,0.0,0.06794230769230822,10211.011620035939,11.1,0.14414414414414412
gabaa_complete_loss,False,1.0,1.0,0.0,perampanel,13,20261212,16,0.9450221738818855,0.0,0.05497782611811456,9.4,107.26344086021506,6.077454291067004,0.17038812191254987,0.0,0.06732692307692358,10170.329184579452,11.1,0.15315315315315314
gabaa_complete_loss,False,1.0,1.0,0.0,perampanel,13,20261212,18,0.9399162876906435,0.0,0.06008371230935653,8.9,113.35795454545455,6.132739152380021,0.16474397438250984,0.0,0.0674923076923081,9326.93366749051,11.1,0.19819819819819817
gabaa_complete_loss,False,1.0,1.0,0.0,perampanel,13,20261212,22,0.9301837569953113,0.0,0.06981624300468868,8.1,124.69375,6.25733198862802,0.15631225509012006,0.0,0.06934230769230817,9116.086162499769,11.1,0.2702702702702703
gabaa_complete_loss,False,1.0,1.0,0.0,memantine,13,20261212,0,1.0,0.0,0.0,11.1,90.68181818181819,6.043259173002712,0.20280057877169538,0.0,0.0765653846153852,14530.040251766319,11.1,0.0
gabaa_complete_loss,False,1.0,1.0,0.0,memantine,13,20261212,50,0.9268452221991218,0.0,0.07315477780087822,9.9,101.78571428571429,6.098771333350162,0.17508155335180378,0.0,0.06923076923076969,6724.762697663592,11.1,0.108108108108108
gabaa_complete_loss,False,1.0,1.0,0.0,memantine,13,20261212,100,0.870062755069906,0.0,0.12993724493009393,7.1,140.6,6.433711785131684,0.14345099392747665,0.0,0.07094230769230887,3762.348838817781,11.1,0.36036036036036034
gabaa_complete_loss,False,1.0,1.0,0.0,memantine,13,20261212,125,0.8450406189991146,0.0,0.15495938100088538,6.3,158.74193548387098,6.516241807133049,0.1274526431766849,0.0,0.07120384615384745,2489.7154680406416,11.1,0.43243243243243246
gabaa_complete_loss,False,1.0,1.0,0.0,memantine,13,20261212,150,0.8217846664011272,0.0,0.1782153335988728,4.9,205.04166666666666,6.675295352434268,0.11262851312091528,0.0,0.07337692307692449,1643.415116565619,11.1,0.5585585585585585
gabaa_complete_loss,False,1.0,1.0,0.0,memantine,13,20261212,175,0.8000596497582824,0.0,0.19994035024171763,4.5,223.6818181818182,6.669136832573289,0.09895821524157083,0.0,0.07255000000000153,1085.9201564053724,11.1,0.5945945945945945
gabaa_complete_loss,False,1.0,1.0,0.0,memantine,13,20261212,200,0.7796827121197533,0.0,0.22031728788024676,3.3,307.578125,6.737604516563995,0.07865585949891254,0.0,0.07291538461538613,563.9495417781778,11.1,0.7027027027027026
gabaa_complete_loss,False,1.0,1.0,0.0,memantine,13,20261212,250,0.7424088119900276,0.0,0.2575911880099724,2.2,468.6904761904762,6.755630097830076,0.05154409999704586,0.0,0.0714076923076936,173.08000835743383,11.1,0.8018018018018018
gabaa_complete_loss,False,1.0,1.0,0.0,memantine,13,20261212,350,0.6789546199580587,0.0,0.3210453800419412,1.0,768.8333333333334,6.7149374797619155,0.027741131586430545,0.0,0.06816153846153913,33.08804017720346,11.1,0.9099099099099099
gabaa_complete_loss,False,1.0,1.0,0.0,memantine,13,20261212,500,0.6036820500876947,0.0,0.39631794991230535,0.7,1153.3333333333333,6.697497206060929,0.02172678849853147,0.0,0.06615769230769293,9.796917765161217,11.1,0.9369369369369369
gabaa_complete_loss,False,1.0,1.0,0.0,diazepam,13,20261212,0,1.0,0.0,0.0,11.1,90.68181818181819,6.043259173002712,0.20280057877169538,0.0,0.0765653846153852,14530.040251766319,11.1,0.0
gabaa_complete_loss,False,1.0,1.0,0.0,diazepam,13,20261212,2.5,1.4636363636363636,0.0,0.4636363636363636,11.1,90.68181818181819,6.043259173002712,0.20280057877169538,0.0,0.0765653846153852,14530.040251766319,11.1,0.0
gabaa_complete_loss,False,1.0,1.0,0.0,diazepam,13,20261212,5,1.8499999999999999,0.0,0.8499999999999999,11.1,90.68181818181819,6.043259173002712,0.20280057877169538,0.0,0.0765653846153852,14530.040251766319,11.1,0.0
gabaa_complete_loss,False,1.0,1.0,0.0,diazepam,13,20261212,7.5,2.1769230769230767,0.0,1.1769230769230767,11.1,90.68181818181819,6.043259173002712,0.20280057877169538,0.0,0.0765653846153852,14530.040251766319,11.1,0.0
gabaa_complete_loss,False,1.0,1.0,0.0,diazepam,13,20261212,10,2.457142857142857,0.0,1.4571428571428569,11.1,90.68181818181819,6.043259173002712,0.20280057877169538,0.0,0.0765653846153852,14530.040251766319,11.1,0.0
gabaa_complete_loss,False,1.0,1.0,0.0,diazepam,13,20261212,12.5,2.6999999999999997,0.0,1.6999999999999997,11.1,90.68181818181819,6.043259173002712,0.20280057877169538,0.0,0.0765653846153852,14530.040251766319,11.1,0.0
gabaa_complete_loss,False,1.0,1.0,0.0,diazepam,13,20261212,15,2.9124999999999996,0.0,1.9124999999999996,11.1,90.68181818181819,6.043259173002712,0.20280057877169538,0.0,0.0765653846153852,14530.040251766319,11.1,0.0
gabaa_complete_loss,False,1.0,1.0,0.0,diazepam,13,20261212,20,3.2666666666666666,0.0,2.2666666666666666,11.1,90.68181818181819,6.043259173002712,0.20280057877169538,0.0,0.0765653846153852,14530.040251766319,11.1,0.0
gabaa_complete_loss,False,1.0,1.0,0.0,diazepam,13,20261212,30,3.7818181818181813,0.0,2.7818181818181813,11.1,90.68181818181819,6.043259173002712,0.20280057877169538,0.0,0.0765653846153852,14530.040251766319,11.1,0.0
gabaa_complete_loss,False,1.0,1.0,0.0,diazepam,13,20261212,60,4.6,0.0,3.5999999999999996,11.1,90.68181818181819,6.043259173002712,0.20280057877169538,0.0,0.0765653846153852,14530.040251766319,11.1,0.0
gabaa_complete_loss,False,1.0,1.0,0.0,perampanel,14,20261213,0,1.0,0.0,0.0,11.2,89.86486486486487,6.037220285076778,0.20941514994993285,0.0,0.0740576923076925,14173.576728632446,11.2,0.0
gabaa_complete_loss,False,1.0,1.0,0.0,perampanel,14,20261213,6,0.9741421208800244,0.0,0.025857879119975637,6.4,158.33333333333334,6.593443950648846,0.15726392923898508,0.0,0.07571538461538485,7233.653769593482,11.2,0.4285714285714285
gabaa_complete_loss,False,1.0,1.0,0.0,perampanel,14,20261213,8,0.9676668921927091,0.0,0.03233310780729098,6.0,169.0677966101695,6.634345228608493,0.1542232757843789,0.0,0.07618076923076954,7126.543565082452,11.2,0.4642857142857143
gabaa_complete_loss,False,1.0,1.0,0.0,perampanel,14,20261213,10,0.9615904074078002,0.0,0.03840959259219974,5.9,171.98275862068965,6.624529422256287,0.15216401059746298,0.0,0.07528846153846191,6975.321009792448,11.2,0.4732142857142857
gabaa_complete_loss,False,1.0,1.0,0.0,perampanel,14,20261213,12,0.9558253497558058,0.0,0.044174650244194216,5.4,188.20754716981133,6.611979766205629,0.13974935672563396,0.0,0.07350769230769262,5901.228851423708,11.2,0.5178571428571428
gabaa_complete_loss,False,1.0,1.0,0.0,perampanel,14,20261213,14,0.9503156200134328,0.0,0.049684379986567204,5.0,203.57142857142858,6.642578866334472,0.1327131411048062,0.0,0.07313461538461588,5368.735081249373,11.2,0.5535714285714286
gabaa_complete_loss,False,1.0,1.0,0.0,perampanel,14,20261213,16,0.9450221738818855,0.0,0.05497782611811456,4.8,212.2340425531915,6.655095539128146,0.1327131411048062,0.0,0.07296923076923127,5368.735081249373,11.2,0.5714285714285714
gabaa_complete_loss,False,1.0,1.0,0.0,perampanel,14,20261213,18,0.9399162876906435,0.0,0.06008371230935653,4.8,212.2340425531915,6.63347156000079,0.1327847766188249,0.0,0.07217307692307737,5395.8238278553545,11.2,0.5714285714285714
gabaa_complete_loss,False,1.0,1.0,0.0,perampanel,14,20261213,22,0.9301837569953113,0.0,0.06981624300468868,3.8,269.5945945945946,6.552510994460179,0.09913850767690247,0.0,0.0671500000000014,4302.590329540865,11.2,0.6607142857142857
gabaa_complete_loss,False,1.0,1.0,0.0,memantine,14,20261213,0,1.0,0.0,0.0,11.2,89.86486486486487,6.037220285076778,0.20941514994993285,0.0,0.0740576923076925,14173.576728632446,11.2,0.0
gabaa_complete_loss,False,1.0,1.0,0.0,memantine,14,20261213,50,0.9268452221991218,0.0,0.07315477780087822,11.0,91.5137614678899,6.1043245730690865,0.19467232273182716,0.0,0.07725000000000039,8371.752185190686,11.2,0.017857142857142794
gabaa_complete_loss,False,1.0,1.0,0.0,memantine,14,20261213,100,0.870062755069906,0.0,0.12993724493009393,9.1,110.83333333333333,6.328906351191779,0.1721286222954569,0.0,0.07619230769230813,4646.20905081708,11.2,0.1875
gabaa_complete_loss,False,1.0,1.0,0.0,memantine,14,20261213,125,0.8450406189991146,0.0,0.15495938100088538,8.7,115.98837209302326,6.34843717759561,0.1629474165367076,0.0,0.07438461538461599,3644.8974326120406,11.2,0.2232142857142857
gabaa_complete_loss,False,1.0,1.0,0.0,memantine,14,20261213,150,0.8217846664011272,0.0,0.1782153335988728,8.2,123.14814814814815,6.368156492277216,0.15586183742582832,0.0,0.07309230769230836,2822.0533994886287,11.2,0.2678571428571429
gabaa_complete_loss,False,1.0,1.0,0.0,memantine,14,20261213,175,0.8000596497582824,0.0,0.19994035024171763,6.7,151.13636363636363,6.550584980157959,0.13454430420179123,0.0,0.07580769230769314,1739.5509451589103,11.2,0.4017857142857142
gabaa_complete_loss,False,1.0,1.0,0.0,memantine,14,20261213,200,0.7796827121197533,0.0,0.22031728788024676,5.1,196.83,6.6572212442411605,0.10039960666843976,0.0,0.07370000000000168,1074.4278218910385,11.2,0.5446428571428572
gabaa_complete_loss,False,1.0,1.0,0.0,memantine,14,20261213,250,0.7424088119900276,0.0,0.2575911880099724,2.0,518.0,6.784227940970271,0.05779005787576913,0.0,0.07206923076923223,222.93791481527035,11.2,0.8214285714285714
gabaa_complete_loss,False,1.0,1.0,0.0,memantine,14,20261213,350,0.6789546199580587,0.0,0.3210453800419412,1.0,1027.0555555555557,6.741972728962437,0.03182666169489969,0.0,0.06888461538461613,36.942815133539554,11.2,0.9107142857142857
gabaa_complete_loss,False,1.0,1.0,0.0,memantine,14,20261213,500,0.6036820500876947,0.0,0.39631794991230535,0.9,1155.4375,6.690697328281256,0.029381166589785915,0.0,0.06627692307692375,13.674415132199469,11.2,0.9196428571428571
gabaa_complete_loss,False,1.0,1.0,0.0,diazepam,14,20261213,0,1.0,0.0,0.0,11.2,89.86486486486487,6.037220285076778,0.20941514994993285,0.0,0.0740576923076925,14173.576728632446,11.2,0.0
gabaa_complete_loss,False,1.0,1.0,0.0,diazepam,14,20261213,2.5,1.4636363636363636,0.0,0.4636363636363636,11.2,89.86486486486487,6.037220285076778,0.20941514994993285,0.0,0.0740576923076925,14173.576728632446,11.2,0.0
gabaa_complete_loss,False,1.0,1.0,0.0,diazepam,14,20261213,5,1.8499999999999999,0.0,0.8499999999999999,11.2,89.86486486486487,6.037220285076778,0.20941514994993285,0.0,0.0740576923076925,14173.576728632446,11.2,0.0
gabaa_complete_loss,False,1.0,1.0,0.0,diazepam,14,20261213,7.5,2.1769230769230767,0.0,1.1769230769230767,11.2,89.86486486486487,6.037220285076778,0.20941514994993285,0.0,0.0740576923076925,14173.576728632446,11.2,0.0
gabaa_complete_loss,False,1.0,1.0,0.0,diazepam,14,20261213,10,2.457142857142857,0.0,1.4571428571428569,11.2,89.86486486486487,6.037220285076778,0.20941514994993285,0.0,0.0740576923076925,14173.576728632446,11.2,0.0
gabaa_complete_loss,False,1.0,1.0,0.0,diazepam,14,20261213,12.5,2.6999999999999997,0.0,1.6999999999999997,11.2,89.86486486486487,6.037220285076778,0.20941514994993285,0.0,0.0740576923076925,14173.576728632446,11.2,0.0
gabaa_complete_loss,False,1.0,1.0,0.0,diazepam,14,20261213,15,2.9124999999999996,0.0,1.9124999999999996,11.2,89.86486486486487,6.037220285076778,0.20941514994993285,0.0,0.0740576923076925,14173.576728632446,11.2,0.0
gabaa_complete_loss,False,1.0,1.0,0.0,diazepam,14,20261213,20,3.2666666666666666,0.0,2.2666666666666666,11.2,89.86486486486487,6.037220285076778,0.20941514994993285,0.0,0.0740576923076925,14173.576728632446,11.2,0.0
gabaa_complete_loss,False,1.0,1.0,0.0,diazepam,14,20261213,30,3.7818181818181813,0.0,2.7818181818181813,11.2,89.86486486486487,6.037220285076778,0.20941514994993285,0.0,0.0740576923076925,14173.576728632446,11.2,0.0
gabaa_complete_loss,False,1.0,1.0,0.0,diazepam,14,20261213,60,4.6,0.0,3.5999999999999996,11.2,89.86486486486487,6.037220285076778,0.20941514994993285,0.0,0.0740576923076925,14173.576728632446,11.2,0.0
gabaa_complete_loss,False,1.0,1.0,0.0,perampanel,15,20261214,0,1.0,0.0,0.0,11.8,85.25641025641026,5.959793634932905,0.18682370277036014,0.0,0.07529230769230925,16189.682614906054,11.8,0.0
gabaa_complete_loss,False,1.0,1.0,0.0,perampanel,15,20261214,6,0.9741421208800244,0.0,0.025857879119975637,10.1,99.75,5.986546008796258,0.18887872830440552,0.0,0.06754230769230815,12314.041264612528,11.8,0.14406779661016955
gabaa_complete_loss,False,1.0,1.0,0.0,perampanel,15,20261214,8,0.9676668921927091,0.0,0.03233310780729098,10.0,100.75757575757575,5.983205732489848,0.18645975050066724,0.0,0.06677307692307725,11968.214248221431,11.8,0.15254237288135597
gabaa_complete_loss,False,1.0,1.0,0.0,perampanel,15,20261214,10,0.9615904074078002,0.0,0.03840959259219974,10.0,100.75757575757575,5.968545347236831,0.18511669425901167,0.0,0.06591923076923116,12105.89109538197,11.8,0.15254237288135597
gabaa_complete_loss,False,1.0,1.0,0.0,perampanel,15,20261214,12,0.9558253497558058,0.0,0.044174650244194216,9.9,101.78571428571429,5.968162786281875,0.1819047917222961,0.0,0.0654038461538465,12026.317111601786,11.8,0.1610169491525424
gabaa_complete_loss,False,1.0,1.0,0.0,perampanel,15,20261214,14,0.9503156200134328,0.0,0.049684379986567204,9.7,103.90625,5.990789303961548,0.1759022473297727,0.0,0.06541538461538506,11227.351019730186,11.8,0.17796610169491534
gabaa_complete_loss,False,1.0,1.0,0.0,perampanel,15,20261214,16,0.9450221738818855,0.0,0.05497782611811456,9.7,103.91145833333333,5.974147978412562,0.17273924699599436,0.0,0.06470384615384654,10849.93965862877,11.8,0.17796610169491534
gabaa_complete_loss,False,1.0,1.0,0.0,perampanel,15,20261214,18,0.9399162876906435,0.0,0.06008371230935653,9.6,105.00526315789473,5.977376697977627,0.16692571436915865,0.0,0.0642576923076928,10387.7568023636,11.8,0.18644067796610175
gabaa_complete_loss,False,1.0,1.0,0.0,perampanel,15,20261214,22,0.9301837569953113,0.0,0.06981624300468868,8.4,119.37951807228916,6.161874159046277,0.16331181233311057,0.0,0.06684615384615453,10154.379290072677,11.8,0.288135593220339
gabaa_complete_loss,False,1.0,1.0,0.0,memantine,15,20261214,0,1.0,0.0,0.0,11.8,85.25641025641026,5.959793634932905,0.18682370277036014,0.0,0.07529230769230925,16189.682614906054,11.8,0.0
gabaa_complete_loss,False,1.0,1.0,0.0,memantine,15,20261214,50,0.9268452221991218,0.0,0.07315477780087822,11.7,85.99137931034483,5.848716743581399,0.15279980340999458,0.0,0.06786153846154015,8259.960221462017,11.8,0.008474576271186529
gabaa_complete_loss,False,1.0,1.0,0.0,memantine,15,20261214,100,0.870062755069906,0.0,0.12993724493009393,9.9,101.10714285714286,6.019422313147076,0.12612421725790227,0.0,0.0660538461538481,4109.616851583593,11.8,0.1610169491525424
gabaa_complete_loss,False,1.0,1.0,0.0,memantine,15,20261214,125,0.8450406189991146,0.0,0.15495938100088538,8.5,117.16666666666667,6.239567590290713,0.11521654393182029,0.0,0.06745000000000127,2923.9184537408964,11.8,0.2796610169491526
gabaa_complete_loss,False,1.0,1.0,0.0,memantine,15,20261214,150,0.8217846664011272,0.0,0.1782153335988728,7.7,129.5,6.339633537783543,0.11305918767074911,0.0,0.06851153846153997,2208.179453745538,11.8,0.34745762711864414
gabaa_complete_loss,False,1.0,1.0,0.0,memantine,15,20261214,175,0.8000596497582824,0.0,0.19994035024171763,6.0,166.8135593220339,6.527430356190801,0.09498156294799882,0.0,0.07078846153846313,1458.173288926595,11.8,0.4915254237288136
gabaa_complete_loss,False,1.0,1.0,0.0,memantine,15,20261214,200,0.7796827121197533,0.0,0.22031728788024676,5.3,189.26923076923077,6.589433202682811,0.1061389554690849,0.0,0.07212307692307847,1150.6968756191102,11.8,0.5508474576271187
gabaa_complete_loss,False,1.0,1.0,0.0,memantine,15,20261214,250,0.7424088119900276,0.0,0.2575911880099724,3.1,328.06666666666666,6.791720281585958,0.09317276204260577,0.0,0.07458846153846307,534.357840065281,11.8,0.7372881355932204
gabaa_complete_loss,False,1.0,1.0,0.0,memantine,15,20261214,350,0.6789546199580587,0.0,0.3210453800419412,1.3,770.3333333333334,6.791006762216924,0.05348870612521731,0.0,0.07208846153846242,62.322920666068015,11.8,0.8898305084745762
gabaa_complete_loss,False,1.0,1.0,0.0,memantine,15,20261214,500,0.6036820500876947,0.0,0.39631794991230535,0.7,1540.6666666666667,6.74760370071299,0.0464807321743952,0.0,0.06863846153846223,18.444033301244385,11.8,0.940677966101695
gabaa_complete_loss,False,1.0,1.0,0.0,diazepam,15,20261214,0,1.0,0.0,0.0,11.8,85.25641025641026,5.959793634932905,0.18682370277036014,0.0,0.07529230769230925,16189.682614906054,11.8,0.0
gabaa_complete_loss,False,1.0,1.0,0.0,diazepam,15,20261214,2.5,1.4636363636363636,0.0,0.4636363636363636,11.8,85.25641025641026,5.959793634932905,0.18682370277036014,0.0,0.07529230769230925,16189.682614906054,11.8,0.0
gabaa_complete_loss,False,1.0,1.0,0.0,diazepam,15,20261214,5,1.8499999999999999,0.0,0.8499999999999999,11.8,85.25641025641026,5.959793634932905,0.18682370277036014,0.0,0.07529230769230925,16189.682614906054,11.8,0.0
gabaa_complete_loss,False,1.0,1.0,0.0,diazepam,15,20261214,7.5,2.1769230769230767,0.0,1.1769230769230767,11.8,85.25641025641026,5.959793634932905,0.18682370277036014,0.0,0.07529230769230925,16189.682614906054,11.8,0.0
gabaa_complete_loss,False,1.0,1.0,0.0,diazepam,15,20261214,10,2.457142857142857,0.0,1.4571428571428569,11.8,85.25641025641026,5.959793634932905,0.18682370277036014,0.0,0.07529230769230925,16189.682614906054,11.8,0.0
gabaa_complete_loss,False,1.0,1.0,0.0,diazepam,15,20261214,12.5,2.6999999999999997,0.0,1.6999999999999997,11.8,85.25641025641026,5.959793634932905,0.18682370277036014,0.0,0.07529230769230925,16189.682614906054,11.8,0.0
gabaa_complete_loss,False,1.0,1.0,0.0,diazepam,15,20261214,15,2.9124999999999996,0.0,1.9124999999999996,11.8,85.25641025641026,5.959793634932905,0.18682370277036014,0.0,0.07529230769230925,16189.682614906054,11.8,0.0
gabaa_complete_loss,False,1.0,1.0,0.0,diazepam,15,20261214,20,3.2666666666666666,0.0,2.2666666666666666,11.8,85.25641025641026,5.959793634932905,0.18682370277036014,0.0,0.07529230769230925,16189.682614906054,11.8,0.0
gabaa_complete_loss,False,1.0,1.0,0.0,diazepam,15,20261214,30,3.7818181818181813,0.0,2.7818181818181813,11.8,85.25641025641026,5.959793634932905,0.18682370277036014,0.0,0.07529230769230925,16189.682614906054,11.8,0.0
gabaa_complete_loss,False,1.0,1.0,0.0,diazepam,15,20261214,60,4.6,0.0,3.5999999999999996,11.8,85.25641025641026,5.959793634932905,0.18682370277036014,0.0,0.07529230769230925,16189.682614906054,11.8,0.0
gabaa_complete_loss,False,1.0,1.0,0.0,perampanel,16,20261215,0,1.0,0.0,0.0,11.2,89.86486486486487,5.972747979255207,0.2006314298230973,0.0,0.07204230769230813,12939.642257188547,11.2,0.0
gabaa_complete_loss,False,1.0,1.0,0.0,perampanel,16,20261215,6,0.9741421208800244,0.0,0.025857879119975637,10.5,95.91346153846153,6.0245831895680775,0.20072974591121484,0.0,0.07074230769230808,12597.049310474682,11.2,0.06249999999999989
gabaa_complete_loss,False,1.0,1.0,0.0,perampanel,16,20261215,8,0.9676668921927091,0.0,0.03233310780729098,10.2,98.76237623762377,5.992443166905136,0.1851057661882508,0.0,0.06720000000000027,11599.63226556109,11.2,0.0892857142857143
gabaa_complete_loss,False,1.0,1.0,0.0,perampanel,16,20261215,10,0.9615904074078002,0.0,0.03840959259219974,10.0,100.75757575757575,6.006716520618513,0.18160211340120136,0.0,0.06680000000000028,11518.570806644491,11.2,0.1071428571428571
gabaa_complete_loss,False,1.0,1.0,0.0,perampanel,16,20261215,12,0.9558253497558058,0.0,0.044174650244194216,9.5,106.11702127659575,6.072072791509424,0.18135195560747633,0.0,0.06749615384615425,11389.578332100327,11.2,0.1517857142857142
gabaa_complete_loss,False,1.0,1.0,0.0,perampanel,16,20261215,14,0.9503156200134328,0.0,0.049684379986567204,5.4,188.20754716981133,6.589496807796211,0.15456747346461935,0.0,0.07233461538461583,6892.773598363205,11.2,0.5178571428571428
gabaa_complete_loss,False,1.0,1.0,0.0,perampanel,16,20261215,16,0.9450221738818855,0.0,0.05497782611811456,5.2,195.58823529411765,6.601189534263073,0.1451761672229638,0.0,0.07208461538461593,6475.0979529276965,11.2,0.5357142857142856
gabaa_complete_loss,False,1.0,1.0,0.0,perampanel,16,20261215,18,0.9399162876906435,0.0,0.06008371230935653,5.2,195.58823529411765,6.580838545727071,0.14143116488651522,0.0,0.07131923076923136,6455.219588982399,11.2,0.5357142857142856
gabaa_complete_loss,False,1.0,1.0,0.0,perampanel,16,20261215,22,0.9301837569953113,0.0,0.06981624300468868,5.1,199.5,6.551520493940782,0.1371971039719625,0.0,0.06994230769230823,6071.703373809599,11.2,0.5446428571428572
gabaa_complete_loss,False,1.0,1.0,0.0,memantine,16,20261215,0,1.0,0.0,0.0,11.2,89.86486486486487,5.972747979255207,0.2006314298230973,0.0,0.07204230769230813,12939.642257188547,11.2,0.0
gabaa_complete_loss,False,1.0,1.0,0.0,memantine,16,20261215,50,0.9268452221991218,0.0,0.07315477780087822,10.1,99.75,6.1011132263194074,0.18852275371623675,0.0,0.07056538461538497,7242.112293138382,11.2,0.0982142857142857
gabaa_complete_loss,False,1.0,1.0,0.0,memantine,16,20261215,100,0.870062755069906,0.0,0.12993724493009393,8.4,120.18072289156626,6.302282518548181,0.16013048790411077,0.0,0.07095000000000118,4126.91032681676,11.2,0.2499999999999999
gabaa_complete_loss,False,1.0,1.0,0.0,memantine,16,20261215,125,0.8450406189991146,0.0,0.15495938100088538,7.3,138.54166666666666,6.420456950923448,0.13945795304244743,0.0,0.07050769230769365,2772.48916455815,11.2,0.3482142857142857
gabaa_complete_loss,False,1.0,1.0,0.0,memantine,16,20261215,150,0.8217846664011272,0.0,0.1782153335988728,5.4,185.68867924528303,6.645085299441068,0.1211295974293459,0.0,0.07355384615384777,1860.960923171542,11.2,0.5178571428571428
gabaa_complete_loss,False,1.0,1.0,0.0,memantine,16,20261215,175,0.8000596497582824,0.0,0.19994035024171763,4.9,205.03125,6.647783120188124,0.11453004231277396,0.0,0.07247692307692474,1358.374591715416,11.2,0.5625
gabaa_complete_loss,False,1.0,1.0,0.0,memantine,16,20261215,200,0.7796827121197533,0.0,0.22031728788024676,4.5,223.67045454545453,6.6450325027644315,0.09864803182431964,0.0,0.07206538461538625,816.9859248033837,11.2,0.5982142857142857
gabaa_complete_loss,False,1.0,1.0,0.0,memantine,16,20261215,250,0.7424088119900276,0.0,0.2575911880099724,2.9,351.48214285714283,6.668494805631683,0.06577760442406938,0.0,0.07011923076923221,283.0232636653365,11.2,0.7410714285714286
gabaa_complete_loss,False,1.0,1.0,0.0,memantine,16,20261215,350,0.6789546199580587,0.0,0.3210453800419412,1.1,924.4,6.793962073102665,0.05321443910915883,0.0,0.07138461538461638,63.29390590324868,11.2,0.9017857142857143
gabaa_complete_loss,False,1.0,1.0,0.0,memantine,16,20261215,500,0.6036820500876947,0.0,0.39631794991230535,0.8,1320.5714285714287,6.716105401281197,0.04043497154736345,0.0,0.06714615384615467,16.463324255963315,11.2,0.9285714285714286
gabaa_complete_loss,False,1.0,1.0,0.0,diazepam,16,20261215,0,1.0,0.0,0.0,11.2,89.86486486486487,5.972747979255207,0.2006314298230973,0.0,0.07204230769230813,12939.642257188547,11.2,0.0
gabaa_complete_loss,False,1.0,1.0,0.0,diazepam,16,20261215,2.5,1.4636363636363636,0.0,0.4636363636363636,11.2,89.86486486486487,5.972747979255207,0.2006314298230973,0.0,0.07204230769230813,12939.642257188547,11.2,0.0
gabaa_complete_loss,False,1.0,1.0,0.0,diazepam,16,20261215,5,1.8499999999999999,0.0,0.8499999999999999,11.2,89.86486486486487,5.972747979255207,0.2006314298230973,0.0,0.07204230769230813,12939.642257188547,11.2,0.0
gabaa_complete_loss,False,1.0,1.0,0.0,diazepam,16,20261215,7.5,2.1769230769230767,0.0,1.1769230769230767,11.2,89.86486486486487,5.972747979255207,0.2006314298230973,0.0,0.07204230769230813,12939.642257188547,11.2,0.0
gabaa_complete_loss,False,1.0,1.0,0.0,diazepam,16,20261215,10,2.457142857142857,0.0,1.4571428571428569,11.2,89.86486486486487,5.972747979255207,0.2006314298230973,0.0,0.07204230769230813,12939.642257188547,11.2,0.0
gabaa_complete_loss,False,1.0,1.0,0.0,diazepam,16,20261215,12.5,2.6999999999999997,0.0,1.6999999999999997,11.2,89.86486486486487,5.972747979255207,0.2006314298230973,0.0,0.07204230769230813,12939.642257188547,11.2,0.0
gabaa_complete_loss,False,1.0,1.0,0.0,diazepam,16,20261215,15,2.9124999999999996,0.0,1.9124999999999996,11.2,89.86486486486487,5.972747979255207,0.2006314298230973,0.0,0.07204230769230813,12939.642257188547,11.2,0.0
gabaa_complete_loss,False,1.0,1.0,0.0,diazepam,16,20261215,20,3.2666666666666666,0.0,2.2666666666666666,11.2,89.86486486486487,5.972747979255207,0.2006314298230973,0.0,0.07204230769230813,12939.642257188547,11.2,0.0
gabaa_complete_loss,False,1.0,1.0,0.0,diazepam,16,20261215,30,3.7818181818181813,0.0,2.7818181818181813,11.2,89.86486486486487,5.972747979255207,0.2006314298230973,0.0,0.07204230769230813,12939.642257188547,11.2,0.0
gabaa_complete_loss,False,1.0,1.0,0.0,diazepam,16,20261215,60,4.6,0.0,3.5999999999999996,11.2,89.86486486486487,5.972747979255207,0.2006314298230973,0.0,0.07204230769230813,12939.642257188547,11.2,0.0
gabaa_complete_loss,False,1.0,1.0,0.0,perampanel,17,20261216,0,1.0,0.0,0.0,11.5,87.5,5.888258077252813,0.15978462216288364,0.0,0.06790769230769352,13708.71022417887,11.5,0.0
gabaa_complete_loss,False,1.0,1.0,0.0,perampanel,17,20261216,6,0.9741421208800244,0.0,0.025857879119975637,11.4,88.27876106194691,5.835519775572248,0.1417618212616819,0.0,0.06378461538461655,11984.52438806034,11.5,0.008695652173912993
gabaa_complete_loss,False,1.0,1.0,0.0,perampanel,17,20261216,8,0.9676668921927091,0.0,0.03233310780729098,11.4,88.27876106194691,5.825135412203237,0.144910859979973,0.0,0.06316538461538568,12292.36599677683,11.5,0.008695652173912993
gabaa_complete_loss,False,1.0,1.0,0.0,perampanel,17,20261216,10,0.9615904074078002,0.0,0.03840959259219974,11.3,89.06696428571429,5.81967450152371,0.14013006658878477,0.0,0.06259230769230884,11747.218685848986,11.5,0.017391304347825987
gabaa_complete_loss,False,1.0,1.0,0.0,perampanel,17,20261216,12,0.9558253497558058,0.0,0.044174650244194216,8.4,118.57228915662651,6.218609168716833,0.1477282372329771,0.0,0.06702307692307859,10255.474168363531,11.5,0.26956521739130435
gabaa_complete_loss,False,1.0,1.0,0.0,perampanel,17,20261216,14,0.9503156200134328,0.0,0.049684379986567204,8.4,118.57228915662651,6.204897478944617,0.14767553396194905,0.0,0.06611538461538621,10256.914221272513,11.5,0.26956521739130435
gabaa_complete_loss,False,1.0,1.0,0.0,perampanel,17,20261216,16,0.9450221738818855,0.0,0.05497782611811456,8.1,123.01875,6.148593162376666,0.11296648272696916,0.0,0.06122307692307814,9230.857352249543,11.5,0.29565217391304355
gabaa_complete_loss,False,1.0,1.0,0.0,perampanel,17,20261216,18,0.9399162876906435,0.0,0.06008371230935653,7.9,126.17307692307692,6.1888966021677305,0.11053215445594107,0.0,0.06261923076923215,9196.95424208252,11.5,0.31304347826086953
gabaa_complete_loss,False,1.0,1.0,0.0,perampanel,17,20261216,22,0.9301837569953113,0.0,0.06981624300468868,7.3,136.6875,6.249459515739614,0.09537926960947901,0.0,0.06279230769230905,8266.413748979283,11.5,0.3652173913043478
gabaa_complete_loss,False,1.0,1.0,0.0,memantine,17,20261216,0,1.0,0.0,0.0,11.5,87.5,5.888258077252813,0.15978462216288364,0.0,0.06790769230769352,13708.71022417887,11.5,0.0
gabaa_complete_loss,False,1.0,1.0,0.0,memantine,17,20261216,50,0.9268452221991218,0.0,0.07315477780087822,10.1,98.415,6.011500162516073,0.10658723380919448,0.0,0.06435000000000164,6494.992819808492,11.5,0.12173913043478268
gabaa_complete_loss,False,1.0,1.0,0.0,memantine,17,20261216,100,0.870062755069906,0.0,0.12993724493009393,9.1,109.35,6.180024070090268,0.13135299260922417,0.0,0.06693076923077099,4454.688323647933,11.5,0.20869565217391306
gabaa_complete_loss,False,1.0,1.0,0.0,memantine,17,20261216,125,0.8450406189991146,0.0,0.15495938100088538,7.5,132.99324324324326,6.394937139677291,0.10685826218879699,0.0,0.06948461538461706,3093.2179748628305,11.5,0.34782608695652173
gabaa_complete_loss,False,1.0,1.0,0.0,memantine,17,20261216,150,0.8217846664011272,0.0,0.1782153335988728,7.4,134.81506849315068,6.454801847757465,0.12908539291343515,0.0,0.07187307692307854,2767.2026997622534,11.5,0.3565217391304347
gabaa_complete_loss,False,1.0,1.0,0.0,memantine,17,20261216,175,0.8000596497582824,0.0,0.19994035024171763,6.7,149.11363636363637,6.494938409235395,0.11600704282015019,0.0,0.07243461538461705,2042.2326155581936,11.5,0.4173913043478261
gabaa_complete_loss,False,1.0,1.0,0.0,memantine,17,20261216,200,0.7796827121197533,0.0,0.22031728788024676,5.2,192.98039215686273,6.599545587680771,0.10075283397079628,0.0,0.07317307692307835,1250.3888398298072,11.5,0.5478260869565217
gabaa_complete_loss,False,1.0,1.0,0.0,memantine,17,20261216,250,0.7424088119900276,0.0,0.2575911880099724,3.4,298.24242424242425,6.765422854261624,0.09536126291345047,0.0,0.07526923076923202,654.1973008128019,11.5,0.7043478260869565
gabaa_complete_loss,False,1.0,1.0,0.0,memantine,17,20261216,350,0.6789546199580587,0.0,0.3210453800419412,1.9,384.44444444444446,6.6982192701194,0.06064425254603104,0.0,0.07018461538461611,90.49185617526103,11.5,0.8347826086956522
gabaa_complete_loss,False,1.0,1.0,0.0,memantine,17,20261216,500,0.6036820500876947,0.0,0.39631794991230535,1.1,692.0,6.661735632543581,0.034035417674934294,0.0,0.06606538461538529,15.970195884576032,11.5,0.9043478260869565
gabaa_complete_loss,False,1.0,1.0,0.0,diazepam,17,20261216,0,1.0,0.0,0.0,11.5,87.5,5.888258077252813,0.15978462216288364,0.0,0.06790769230769352,13708.71022417887,11.5,0.0
gabaa_complete_loss,False,1.0,1.0,0.0,diazepam,17,20261216,2.5,1.4636363636363636,0.0,0.4636363636363636,11.5,87.5,5.888258077252813,0.15978462216288364,0.0,0.06790769230769352,13708.71022417887,11.5,0.0
gabaa_complete_loss,False,1.0,1.0,0.0,diazepam,17,20261216,5,1.8499999999999999,0.0,0.8499999999999999,11.5,87.5,5.888258077252813,0.15978462216288364,0.0,0.06790769230769352,13708.71022417887,11.5,0.0
gabaa_complete_loss,False,1.0,1.0,0.0,diazepam,17,20261216,7.5,2.1769230769230767,0.0,1.1769230769230767,11.5,87.5,5.888258077252813,0.15978462216288364,0.0,0.06790769230769352,13708.71022417887,11.5,0.0
gabaa_complete_loss,False,1.0,1.0,0.0,diazepam,17,20261216,10,2.457142857142857,0.0,1.4571428571428569,11.5,87.5,5.888258077252813,0.15978462216288364,0.0,0.06790769230769352,13708.71022417887,11.5,0.0
gabaa_complete_loss,False,1.0,1.0,0.0,diazepam,17,20261216,12.5,2.6999999999999997,0.0,1.6999999999999997,11.5,87.5,5.888258077252813,0.15978462216288364,0.0,0.06790769230769352,13708.71022417887,11.5,0.0
gabaa_complete_loss,False,1.0,1.0,0.0,diazepam,17,20261216,15,2.9124999999999996,0.0,1.9124999999999996,11.5,87.5,5.888258077252813,0.15978462216288364,0.0,0.06790769230769352,13708.71022417887,11.5,0.0
gabaa_complete_loss,False,1.0,1.0,0.0,diazepam,17,20261216,20,3.2666666666666666,0.0,2.2666666666666666,11.5,87.5,5.888258077252813,0.15978462216288364,0.0,0.06790769230769352,13708.71022417887,11.5,0.0
gabaa_complete_loss,False,1.0,1.0,0.0,diazepam,17,20261216,30,3.7818181818181813,0.0,2.7818181818181813,11.5,87.5,5.888258077252813,0.15978462216288364,0.0,0.06790769230769352,13708.71022417887,11.5,0.0
gabaa_complete_loss,False,1.0,1.0,0.0,diazepam,17,20261216,60,4.6,0.0,3.5999999999999996,11.5,87.5,5.888258077252813,0.15978462216288364,0.0,0.06790769230769352,13708.71022417887,11.5,0.0
gabaa_complete_loss,False,1.0,1.0,0.0,perampanel,18,20261217,0,1.0,0.0,0.0,11.2,89.86486486486487,5.765464237925636,0.12303182067756989,0.0,0.058903846153847146,11450.220002022894,11.2,0.0
gabaa_complete_loss,False,1.0,1.0,0.0,perampanel,18,20261217,6,0.9741421208800244,0.0,0.025857879119975637,11.0,91.5137614678899,5.804989288190578,0.140739151201602,0.0,0.06200000000000121,11223.297103838224,11.2,0.017857142857142794
gabaa_complete_loss,False,1.0,1.0,0.0,perampanel,18,20261217,8,0.9676668921927091,0.0,0.03233310780729098,11.0,91.5137614678899,5.783068289478415,0.140739151201602,0.0,0.06108076923077029,11223.297103838224,11.2,0.017857142857142794
gabaa_complete_loss,False,1.0,1.0,0.0,perampanel,18,20261217,10,0.9615904074078002,0.0,0.03840959259219974,10.8,93.22897196261682,5.782116177224825,0.13438435013351127,0.0,0.06008846153846255,9923.595510544643,11.2,0.03571428571428559
gabaa_complete_loss,False,1.0,1.0,0.0,perampanel,18,20261217,12,0.9558253497558058,0.0,0.044174650244194216,10.7,94.10849056603773,5.780662987578482,0.12595160747663536,0.0,0.05924615384615484,9054.625432861558,11.2,0.044642857142857095
gabaa_complete_loss,False,1.0,1.0,0.0,perampanel,18,20261217,14,0.9503156200134328,0.0,0.049684379986567204,8.2,121.5,6.201208073397215,0.14384127962283036,0.0,0.06641923076923238,9791.501850355768,11.2,0.2678571428571429
gabaa_complete_loss,False,1.0,1.0,0.0,perampanel,18,20261217,16,0.9450221738818855,0.0,0.05497782611811456,8.2,121.5,6.173715476185966,0.1353437360647529,0.0,0.06520000000000153,9489.80329923382,11.2,0.2678571428571429
gabaa_complete_loss,False,1.0,1.0,0.0,perampanel,18,20261217,18,0.9399162876906435,0.0,0.06008371230935653,6.0,169.07627118644066,6.480545854176408,0.1461963154205605,0.0,0.06984230769230794,7048.483196211068,11.2,0.4642857142857143
gabaa_complete_loss,False,1.0,1.0,0.0,perampanel,18,20261217,22,0.9301837569953113,0.0,0.06981624300468868,5.6,181.37272727272727,6.40212742681984,0.14270635013351107,0.0,0.06781923076923126,6591.788813762812,11.2,0.5
gabaa_complete_loss,False,1.0,1.0,0.0,memantine,18,20261217,0,1.0,0.0,0.0,11.2,89.86486486486487,5.765464237925636,0.12303182067756989,0.0,0.058903846153847146,11450.220002022894,11.2,0.0
gabaa_complete_loss,False,1.0,1.0,0.0,memantine,18,20261217,50,0.9268452221991218,0.0,0.07315477780087822,10.0,100.08585858585859,5.97325675211597,0.130974654826372,0.0,0.06326923076923226,6600.219831279624,11.2,0.1071428571428571
gabaa_complete_loss,False,1.0,1.0,0.0,memantine,18,20261217,100,0.870062755069906,0.0,0.12993724493009393,9.5,106.11702127659575,6.096392920727411,0.15947004013944938,0.0,0.06716538461538529,4190.420855910375,11.2,0.1517857142857142
gabaa_complete_loss,False,1.0,1.0,0.0,memantine,18,20261217,125,0.8450406189991146,0.0,0.15495938100088538,7.8,129.54545454545453,6.330297510544031,0.147257568517972,0.0,0.06912307692307759,3109.7910306242466,11.2,0.3035714285714285
gabaa_complete_loss,False,1.0,1.0,0.0,memantine,18,20261217,150,0.8217846664011272,0.0,0.1782153335988728,7.3,136.6875,6.372123262518437,0.1163311608982961,0.0,0.0680730769230784,2151.235020577529,11.2,0.3482142857142857
gabaa_complete_loss,False,1.0,1.0,0.0,memantine,18,20261217,175,0.8000596497582824,0.0,0.19994035024171763,5.6,178.93636363636364,6.56779935741263,0.09578570961809237,0.0,0.07135000000000148,1340.4316567303813,11.2,0.5
gabaa_complete_loss,False,1.0,1.0,0.0,memantine,18,20261217,200,0.7796827121197533,0.0,0.22031728788024676,4.1,246.0375,6.716716701735322,0.10962546325142557,0.0,0.07353076923077045,1054.5025065364043,11.2,0.6339285714285714
gabaa_complete_loss,False,1.0,1.0,0.0,memantine,18,20261217,250,0.7424088119900276,0.0,0.2575911880099724,2.6,393.68,6.774293709476349,0.08020975760040105,0.0,0.07319615384615528,421.73536518272067,11.2,0.7678571428571428
gabaa_complete_loss,False,1.0,1.0,0.0,memantine,18,20261217,350,0.6789546199580587,0.0,0.3210453800419412,1.0,849.7777777777778,6.792086832950475,0.04764541043588436,0.0,0.07111153846153916,55.81249596537597,11.2,0.9107142857142857
gabaa_complete_loss,False,1.0,1.0,0.0,memantine,18,20261217,500,0.6036820500876947,0.0,0.39631794991230535,0.8,1092.5714285714287,6.7251100005951825,0.039385451110790885,0.0,0.06746538461538534,17.190008441038078,11.2,0.9285714285714286
gabaa_complete_loss,False,1.0,1.0,0.0,diazepam,18,20261217,0,1.0,0.0,0.0,11.2,89.86486486486487,5.765464237925636,0.12303182067756989,0.0,0.058903846153847146,11450.220002022894,11.2,0.0
gabaa_complete_loss,False,1.0,1.0,0.0,diazepam,18,20261217,2.5,1.4636363636363636,0.0,0.4636363636363636,11.2,89.86486486486487,5.765464237925636,0.12303182067756989,0.0,0.058903846153847146,11450.220002022894,11.2,0.0
gabaa_complete_loss,False,1.0,1.0,0.0,diazepam,18,20261217,5,1.8499999999999999,0.0,0.8499999999999999,11.2,89.86486486486487,5.765464237925636,0.12303182067756989,0.0,0.058903846153847146,11450.220002022894,11.2,0.0
gabaa_complete_loss,False,1.0,1.0,0.0,diazepam,18,20261217,7.5,2.1769230769230767,0.0,1.1769230769230767,11.2,89.86486486486487,5.765464237925636,0.12303182067756989,0.0,0.058903846153847146,11450.220002022894,11.2,0.0
gabaa_complete_loss,False,1.0,1.0,0.0,diazepam,18,20261217,10,2.457142857142857,0.0,1.4571428571428569,11.2,89.86486486486487,5.765464237925636,0.12303182067756989,0.0,0.058903846153847146,11450.220002022894,11.2,0.0
gabaa_complete_loss,False,1.0,1.0,0.0,diazepam,18,20261217,12.5,2.6999999999999997,0.0,1.6999999999999997,11.2,89.86486486486487,5.765464237925636,0.12303182067756989,0.0,0.058903846153847146,11450.220002022894,11.2,0.0
gabaa_complete_loss,False,1.0,1.0,0.0,diazepam,18,20261217,15,2.9124999999999996,0.0,1.9124999999999996,11.2,89.86486486486487,5.765464237925636,0.12303182067756989,0.0,0.058903846153847146,11450.220002022894,11.2,0.0
gabaa_complete_loss,False,1.0,1.0,0.0,diazepam,18,20261217,20,3.2666666666666666,0.0,2.2666666666666666,11.2,89.86486486486487,5.765464237925636,0.12303182067756989,0.0,0.058903846153847146,11450.220002022894,11.2,0.0
gabaa_complete_loss,False,1.0,1.0,0.0,diazepam,18,20261217,30,3.7818181818181813,0.0,2.7818181818181813,11.2,89.86486486486487,5.765464237925636,0.12303182067756989,0.0,0.058903846153847146,11450.220002022894,11.2,0.0
gabaa_complete_loss,False,1.0,1.0,0.0,diazepam,18,20261217,60,4.6,0.0,3.5999999999999996,11.2,89.86486486486487,5.765464237925636,0.12303182067756989,0.0,0.058903846153847146,11450.220002022894,11.2,0.0
gabaa_complete_loss,False,1.0,1.0,0.0,perampanel,19,20261218,0,1.0,0.0,0.0,11.3,89.05803571428571,6.015630745797735,0.21265055332109445,0.0,0.07431538461538464,15675.29307539095,11.3,0.0
gabaa_complete_loss,False,1.0,1.0,0.0,perampanel,19,20261218,6,0.9741421208800244,0.0,0.025857879119975637,10.9,92.35648148148148,6.00775731526991,0.19929577469959914,0.0,0.07226923076923096,13768.99734107635,11.3,0.03539823008849563
gabaa_complete_loss,False,1.0,1.0,0.0,perampanel,19,20261218,8,0.9676668921927091,0.0,0.03233310780729098,10.7,94.09905660377359,6.015490385160667,0.198548700350467,0.0,0.07171538461538479,13293.40201485781,11.3,0.053097345132743445
gabaa_complete_loss,False,1.0,1.0,0.0,perampanel,19,20261218,10,0.9615904074078002,0.0,0.03840959259219974,6.9,146.68382352941177,6.435436352192065,0.15839273681575408,0.0,0.07548076923076924,8624.4257216846,11.3,0.3893805309734514
gabaa_complete_loss,False,1.0,1.0,0.0,perampanel,19,20261218,12,0.9558253497558058,0.0,0.044174650244194216,6.0,169.0593220338983,6.46135942408044,0.1376745400534044,0.0,0.07165000000000007,6825.607650461501,11.3,0.46902654867256643
gabaa_complete_loss,False,1.0,1.0,0.0,perampanel,19,20261218,14,0.9503156200134328,0.0,0.049684379986567204,6.0,169.0593220338983,6.437774887484343,0.1376745400534044,0.0,0.0706076923076925,6825.607650461501,11.3,0.46902654867256643
gabaa_complete_loss,False,1.0,1.0,0.0,perampanel,19,20261218,16,0.9450221738818855,0.0,0.05497782611811456,5.8,174.99122807017545,6.453121801917766,0.13768360413885167,0.0,0.07033461538461572,6840.729763162285,11.3,0.48672566371681425
gabaa_complete_loss,False,1.0,1.0,0.0,perampanel,19,20261218,18,0.9399162876906435,0.0,0.06008371230935653,5.6,181.36363636363637,6.450051342186044,0.13348738943591443,0.0,0.06988461538461571,6462.815909011251,11.3,0.5044247787610621
gabaa_complete_loss,False,1.0,1.0,0.0,perampanel,19,20261218,22,0.9301837569953113,0.0,0.06981624300468868,5.5,184.72222222222223,6.430526118371944,0.13598059771361803,0.0,0.06848076923076965,6649.608265437017,11.3,0.5132743362831859
gabaa_complete_loss,False,1.0,1.0,0.0,memantine,19,20261218,0,1.0,0.0,0.0,11.3,89.05803571428571,6.015630745797735,0.21265055332109445,0.0,0.07431538461538464,15675.29307539095,11.3,0.0
gabaa_complete_loss,False,1.0,1.0,0.0,memantine,19,20261218,50,0.9268452221991218,0.0,0.07315477780087822,11.0,91.5091743119266,5.998260572085956,0.19143751264230702,0.0,0.07080384615384645,8457.355079104971,11.3,0.026548672566371723
gabaa_complete_loss,False,1.0,1.0,0.0,memantine,19,20261218,100,0.870062755069906,0.0,0.12993724493009393,9.6,104.99473684210527,6.148258788276514,0.15447678919320057,0.0,0.06897692307692384,4410.120849257498,11.3,0.15044247787610632
gabaa_complete_loss,False,1.0,1.0,0.0,memantine,19,20261218,125,0.8450406189991146,0.0,0.15495938100088538,8.7,115.98837209302326,6.245752969277798,0.13884326108961056,0.0,0.0691230769230778,2937.2544531048443,11.3,0.23008849557522137
gabaa_complete_loss,False,1.0,1.0,0.0,memantine,19,20261218,150,0.8217846664011272,0.0,0.1782153335988728,7.2,140.49295774647888,6.39473444720917,0.1280565525921236,0.0,0.07061538461538565,2041.488100472467,11.3,0.36283185840707965
gabaa_complete_loss,False,1.0,1.0,0.0,memantine,19,20261218,175,0.8000596497582824,0.0,0.19994035024171763,5.0,200.8469387755102,6.6133800402159,0.09249578609480257,0.0,0.07163461538461707,1217.9445455093385,11.3,0.5575221238938053
gabaa_complete_loss,False,1.0,1.0,0.0,memantine,19,20261218,200,0.7796827121197533,0.0,0.22031728788024676,4.4,228.87209302325581,6.696360524130272,0.10956442393218484,0.0,0.07327692307692484,1127.2606780543688,11.3,0.6106194690265487
gabaa_complete_loss,False,1.0,1.0,0.0,memantine,19,20261218,250,0.7424088119900276,0.0,0.2575911880099724,3.4,298.22727272727275,6.74926765934163,0.09532996372859502,0.0,0.07379615384615554,645.704282972669,11.3,0.6991150442477876
gabaa_complete_loss,False,1.0,1.0,0.0,memantine,19,20261218,350,0.6789546199580587,0.0,0.3210453800419412,1.1,864.5,6.8148496844248045,0.05338885084608413,0.0,0.07220384615384723,68.40786569467193,11.3,0.9026548672566371
gabaa_complete_loss,False,1.0,1.0,0.0,memantine,19,20261218,500,0.6036820500876947,0.0,0.39631794991230535,0.7,1153.25,6.728814455154214,0.03854371663546126,0.0,0.06772692307692368,15.7243875499556,11.3,0.9380530973451328
gabaa_complete_loss,False,1.0,1.0,0.0,diazepam,19,20261218,0,1.0,0.0,0.0,11.3,89.05803571428571,6.015630745797735,0.21265055332109445,0.0,0.07431538461538464,15675.29307539095,11.3,0.0
gabaa_complete_loss,False,1.0,1.0,0.0,diazepam,19,20261218,2.5,1.4636363636363636,0.0,0.4636363636363636,11.3,89.05803571428571,6.015630745797735,0.21265055332109445,0.0,0.07431538461538464,15675.29307539095,11.3,0.0
gabaa_complete_loss,False,1.0,1.0,0.0,diazepam,19,20261218,5,1.8499999999999999,0.0,0.8499999999999999,11.3,89.05803571428571,6.015630745797735,0.21265055332109445,0.0,0.07431538461538464,15675.29307539095,11.3,0.0
gabaa_complete_loss,False,1.0,1.0,0.0,diazepam,19,20261218,7.5,2.1769230769230767,0.0,1.1769230769230767,11.3,89.05803571428571,6.015630745797735,0.21265055332109445,0.0,0.07431538461538464,15675.29307539095,11.3,0.0
gabaa_complete_loss,False,1.0,1.0,0.0,diazepam,19,20261218,10,2.457142857142857,0.0,1.4571428571428569,11.3,89.05803571428571,6.015630745797735,0.21265055332109445,0.0,0.07431538461538464,15675.29307539095,11.3,0.0
gabaa_complete_loss,False,1.0,1.0,0.0,diazepam,19,20261218,12.5,2.6999999999999997,0.0,1.6999999999999997,11.3,89.05803571428571,6.015630745797735,0.21265055332109445,0.0,0.07431538461538464,15675.29307539095,11.3,0.0
gabaa_complete_loss,False,1.0,1.0,0.0,diazepam,19,20261218,15,2.9124999999999996,0.0,1.9124999999999996,11.3,89.05803571428571,6.015630745797735,0.21265055332109445,0.0,0.07431538461538464,15675.29307539095,11.3,0.0
gabaa_complete_loss,False,1.0,1.0,0.0,diazepam,19,20261218,20,3.2666666666666666,0.0,2.2666666666666666,11.3,89.05803571428571,6.015630745797735,0.21265055332109445,0.0,0.07431538461538464,15675.29307539095,11.3,0.0
gabaa_complete_loss,False,1.0,1.0,0.0,diazepam,19,20261218,30,3.7818181818181813,0.0,2.7818181818181813,11.3,89.05803571428571,6.015630745797735,0.21265055332109445,0.0,0.07431538461538464,15675.29307539095,11.3,0.0
gabaa_complete_loss,False,1.0,1.0,0.0,diazepam,19,20261218,60,4.6,0.0,3.5999999999999996,11.3,89.05803571428571,6.015630745797735,0.21265055332109445,0.0,0.07431538461538464,15675.29307539095,11.3,0.0
gabaa_complete_loss,False,1.0,1.0,0.0,perampanel,20,20261219,0,1.0,0.0,0.0,11.5,87.49561403508773,5.9676543121378165,0.1854997615153535,0.0,0.07485000000000193,16335.046915615874,11.5,0.0
gabaa_complete_loss,False,1.0,1.0,0.0,perampanel,20,20261219,6,0.9741421208800244,0.0,0.025857879119975637,11.4,88.27433628318585,5.937080319452828,0.2037032410714284,0.0,0.07396153846153936,16292.294626470804,11.5,0.008695652173912993
gabaa_complete_loss,False,1.0,1.0,0.0,perampanel,20,20261219,8,0.9676668921927091,0.0,0.03233310780729098,11.0,91.5137614678899,5.851706498758292,0.16182298147530022,0.0,0.06715384615384794,13738.484054272816,11.5,0.04347826086956519
gabaa_complete_loss,False,1.0,1.0,0.0,perampanel,20,20261219,10,0.9615904074078002,0.0,0.03840959259219974,11.0,91.5137614678899,5.833361255483433,0.16182298147530022,0.0,0.06634230769230931,13738.484054272816,11.5,0.04347826086956519
gabaa_complete_loss,False,1.0,1.0,0.0,perampanel,20,20261219,12,0.9558253497558058,0.0,0.044174650244194216,9.9,101.79081632653062,6.028121395434266,0.15984341079773015,0.0,0.06781923076923124,9860.940273298604,11.5,0.13913043478260867
gabaa_complete_loss,False,1.0,1.0,0.0,perampanel,20,20261219,14,0.9503156200134328,0.0,0.049684379986567204,9.9,101.79081632653062,6.0111913587839405,0.1572958362817088,0.0,0.0671076923076927,9839.389656449965,11.5,0.13913043478260867
gabaa_complete_loss,False,1.0,1.0,0.0,perampanel,20,20261219,16,0.9450221738818855,0.0,0.05497782611811456,9.4,107.26344086021506,6.073267788662755,0.1599895143524698,0.0,0.06762692307692354,9583.507713371158,11.5,0.18260869565217386
gabaa_complete_loss,False,1.0,1.0,0.0,perampanel,20,20261219,18,0.9399162876906435,0.0,0.06008371230935653,9.2,109.62087912087912,6.085405186693642,0.15464194150534027,0.0,0.06730769230769262,9302.608412225158,11.5,0.20000000000000007
gabaa_complete_loss,False,1.0,1.0,0.0,perampanel,20,20261219,22,0.9301837569953113,0.0,0.06981624300468868,5.2,194.2843137254902,6.5476020044481285,0.12832499073765008,0.0,0.06946153846153881,5850.5707889770965,11.5,0.5478260869565217
gabaa_complete_loss,False,1.0,1.0,0.0,memantine,20,20261219,0,1.0,0.0,0.0,11.5,87.49561403508773,5.9676543121378165,0.1854997615153535,0.0,0.07485000000000193,16335.046915615874,11.5,0.0
gabaa_complete_loss,False,1.0,1.0,0.0,memantine,20,20261219,50,0.9268452221991218,0.0,0.07315477780087822,11.5,87.5,5.813229370189547,0.13114738353958466,0.0,0.06445769230769395,8015.250113428033,11.5,0.0
gabaa_complete_loss,False,1.0,1.0,0.0,memantine,20,20261219,100,0.870062755069906,0.0,0.12993724493009393,11.4,88.27876106194691,5.775141967489796,0.12427363428980259,0.0,0.06205384615384736,4466.963629147652,11.5,0.008695652173912993
gabaa_complete_loss,False,1.0,1.0,0.0,memantine,20,20261219,125,0.8450406189991146,0.0,0.15495938100088538,11.2,89.27027027027027,5.755765724199067,0.10891444190290943,0.0,0.05960384615384711,3042.422125476618,11.5,0.026086956521739202
gabaa_complete_loss,False,1.0,1.0,0.0,memantine,20,20261219,150,0.8217846664011272,0.0,0.1782153335988728,10.0,100.76262626262626,5.994681649567439,0.15582375280840827,0.0,0.06565769230769292,2887.221454892058,11.5,0.13043478260869568
gabaa_complete_loss,False,1.0,1.0,0.0,memantine,20,20261219,175,0.8000596497582824,0.0,0.19994035024171763,7.1,140.59285714285716,6.453279261913251,0.13991308452005957,0.0,0.07195384615384705,2023.4821140767108,11.5,0.3826086956521739
gabaa_complete_loss,False,1.0,1.0,0.0,memantine,20,20261219,200,0.7796827121197533,0.0,0.22031728788024676,5.0,200.8469387755102,6.740603177210673,0.12256143897906854,0.0,0.0763692307692322,1408.491904516463,11.5,0.5652173913043479
gabaa_complete_loss,False,1.0,1.0,0.0,memantine,20,20261219,250,0.7424088119900276,0.0,0.2575911880099724,4.1,246.0375,6.702285385820667,0.09302850359762596,0.0,0.07388461538461684,566.5554999979478,11.5,0.6434782608695653
gabaa_complete_loss,False,1.0,1.0,0.0,memantine,20,20261219,350,0.6789546199580587,0.0,0.3210453800419412,0.9,1155.5,6.783917015303329,0.03645127134707868,0.0,0.07075384615384707,44.41775555366445,11.5,0.9217391304347826
gabaa_complete_loss,False,1.0,1.0,0.0,memantine,20,20261219,500,0.6036820500876947,0.0,0.39631794991230535,0.8,1320.5714285714287,6.709895007070748,0.029247790838714694,0.0,0.06721923076923145,13.730364953959276,11.5,0.9304347826086956
gabaa_complete_loss,False,1.0,1.0,0.0,diazepam,20,20261219,0,1.0,0.0,0.0,11.5,87.49561403508773,5.9676543121378165,0.1854997615153535,0.0,0.07485000000000193,16335.046915615874,11.5,0.0
gabaa_complete_loss,False,1.0,1.0,0.0,diazepam,20,20261219,2.5,1.4636363636363636,0.0,0.4636363636363636,11.5,87.49561403508773,5.9676543121378165,0.1854997615153535,0.0,0.07485000000000193,16335.046915615874,11.5,0.0
gabaa_complete_loss,False,1.0,1.0,0.0,diazepam,20,20261219,5,1.8499999999999999,0.0,0.8499999999999999,11.5,87.49561403508773,5.9676543121378165,0.1854997615153535,0.0,0.07485000000000193,16335.046915615874,11.5,0.0
gabaa_complete_loss,False,1.0,1.0,0.0,diazepam,20,20261219,7.5,2.1769230769230767,0.0,1.1769230769230767,11.5,87.49561403508773,5.9676543121378165,0.1854997615153535,0.0,0.07485000000000193,16335.046915615874,11.5,0.0
gabaa_complete_loss,False,1.0,1.0,0.0,diazepam,20,20261219,10,2.457142857142857,0.0,1.4571428571428569,11.5,87.49561403508773,5.9676543121378165,0.1854997615153535,0.0,0.07485000000000193,16335.046915615874,11.5,0.0
gabaa_complete_loss,False,1.0,1.0,0.0,diazepam,20,20261219,12.5,2.6999999999999997,0.0,1.6999999999999997,11.5,87.49561403508773,5.9676543121378165,0.1854997615153535,0.0,0.07485000000000193,16335.046915615874,11.5,0.0
gabaa_complete_loss,False,1.0,1.0,0.0,diazepam,20,20261219,15,2.9124999999999996,0.0,1.9124999999999996,11.5,87.49561403508773,5.9676543121378165,0.1854997615153535,0.0,0.07485000000000193,16335.046915615874,11.5,0.0
gabaa_complete_loss,False,1.0,1.0,0.0,diazepam,20,20261219,20,3.2666666666666666,0.0,2.2666666666666666,11.5,87.49561403508773,5.9676543121378165,0.1854997615153535,0.0,0.07485000000000193,16335.046915615874,11.5,0.0
gabaa_complete_loss,False,1.0,1.0,0.0,diazepam,20,20261219,30,3.7818181818181813,0.0,2.7818181818181813,11.5,87.49561403508773,5.9676543121378165,0.1854997615153535,0.0,0.07485000000000193,16335.046915615874,11.5,0.0
gabaa_complete_loss,False,1.0,1.0,0.0,diazepam,20,20261219,60,4.6,0.0,3.5999999999999996,11.5,87.49561403508773,5.9676543121378165,0.1854997615153535,0.0,0.07485000000000193,16335.046915615874,11.5,0.0
