pathology_state,drug,concentration_nM,seed,healthy_baseline_hz,healthy_drug_hz,pathological_baseline_hz,pathological_drug_hz,pathological_activity_normalization,pathological_suppression_fraction,healthy_suppression_fraction,therapeutic_selectivity_index_exploratory
input_hyperexcitable,perampanel,0,20261200,12.0,12.0,24.1,24.1,0.0,0.0,0.0,0.0
input_hyperexcitable,perampanel,0,20261201,10.5,10.5,23.1,23.1,0.0,0.0,0.0,0.0
input_hyperexcitable,perampanel,0,20261202,10.8,10.8,25.2,25.2,0.0,0.0,0.0,0.0
input_hyperexcitable,perampanel,0,20261203,11.5,11.5,25.3,25.3,0.0,0.0,0.0,0.0
input_hyperexcitable,perampanel,0,20261204,11.4,11.4,25.5,25.5,0.0,0.0,0.0,0.0
input_hyperexcitable,perampanel,0,20261205,11.0,11.0,25.6,25.6,0.0,0.0,0.0,0.0
input_hyperexcitable,perampanel,0,20261206,11.4,11.4,25.6,25.6,0.0,0.0,0.0,0.0
input_hyperexcitable,perampanel,0,20261207,11.3,11.3,24.3,24.3,0.0,0.0,0.0,0.0
input_hyperexcitable,perampanel,0,20261208,11.1,11.1,22.5,22.5,0.0,0.0,0.0,0.0
input_hyperexcitable,perampanel,0,20261209,11.3,11.3,25.2,25.2,0.0,0.0,0.0,0.0
input_hyperexcitable,perampanel,0,20261210,11.0,11.0,24.6,24.6,0.0,0.0,0.0,0.0
input_hyperexcitable,perampanel,0,20261211,7.4,7.4,22.6,22.6,0.0,0.0,0.0,0.0
input_hyperexcitable,perampanel,0,20261212,10.8,10.8,24.6,24.6,0.0,0.0,0.0,0.0
input_hyperexcitable,perampanel,0,20261213,11.1,11.1,25.7,25.7,0.0,0.0,0.0,0.0
input_hyperexcitable,perampanel,0,20261214,11.5,11.5,25.2,25.2,0.0,0.0,0.0,0.0
input_hyperexcitable,perampanel,0,20261215,10.9,10.9,24.4,24.4,0.0,0.0,0.0,0.0
input_hyperexcitable,perampanel,0,20261216,11.2,11.2,22.6,22.6,0.0,0.0,0.0,0.0
input_hyperexcitable,perampanel,0,20261217,10.7,10.7,24.9,24.9,0.0,0.0,0.0,0.0
input_hyperexcitable,perampanel,0,20261218,11.0,11.0,25.6,25.6,0.0,0.0,0.0,0.0
input_hyperexcitable,perampanel,0,20261219,11.4,11.4,25.5,25.5,0.0,0.0,0.0,0.0
input_hyperexcitable,perampanel,6,20261200,12.0,10.9,24.1,22.4,0.14049586776859524,0.07053941908713704,0.09166666666666663,0.693830351676758
input_hyperexcitable,perampanel,6,20261201,10.5,8.0,23.1,22.5,0.04761904761904767,0.025974025974026035,0.23809523809523808,0.10469377072064237
input_hyperexcitable,perampanel,6,20261202,10.8,9.4,25.2,23.3,0.1319444444444443,0.07539682539682534,0.12962962962962965,0.5399772641151946
input_hyperexcitable,perampanel,6,20261203,11.5,9.2,25.3,24.7,0.0434782608695653,0.0237154150197629,0.20000000000000007,0.11293054771315662
input_hyperexcitable,perampanel,6,20261204,11.4,8.1,25.5,20.9,0.3262411347517732,0.18039215686274515,0.2894736842105264,0.602363968434474
input_hyperexcitable,perampanel,6,20261205,11.0,8.9,25.6,25.0,0.04109589041095896,0.023437500000000056,0.1909090909090909,0.1166572398190048
input_hyperexcitable,perampanel,6,20261206,11.4,9.9,25.6,22.8,0.19718309859154937,0.10937500000000003,0.13157894736842105,0.7725371747211898
input_hyperexcitable,perampanel,6,20261207,11.3,11.0,24.3,21.8,0.1923076923076923,0.102880658436214,0.026548672566371743,2.81489452864217
input_hyperexcitable,perampanel,6,20261208,11.1,10.7,22.5,22.0,0.04385964912280704,0.022222222222222223,0.03603603603603607,0.48271363339856455
input_hyperexcitable,perampanel,6,20261209,11.3,10.7,25.2,22.9,0.16546762589928066,0.0912698412698413,0.05309734513274349,1.4464925755248315
input_hyperexcitable,perampanel,6,20261210,11.0,10.3,24.6,22.1,0.18382352941176472,0.1016260162601626,0.06363636363636357,1.3801063936565303
input_hyperexcitable,perampanel,6,20261211,7.4,6.2,22.6,22.3,0.019736842105263164,0.013274336283185872,0.16216216216216217,0.07710368013781432
input_hyperexcitable,perampanel,6,20261212,10.8,9.7,24.6,23.9,0.050724637681159646,0.02845528455284564,0.10185185185185197,0.25440155063802367
input_hyperexcitable,perampanel,6,20261213,11.1,5.6,25.7,22.7,0.20547945205479456,0.11673151750972763,0.4954954954954955,0.23092494107253195
input_hyperexcitable,perampanel,6,20261214,11.5,9.7,25.2,24.7,0.03649635036496346,0.01984126984126984,0.15652173913043485,0.11915122881180316
input_hyperexcitable,perampanel,6,20261215,10.9,9.8,24.4,23.8,0.04444444444444429,0.024590163934426142,0.10091743119266051,0.2216979213277461
input_hyperexcitable,perampanel,6,20261216,11.2,10.8,22.6,22.5,0.008771929824561542,0.004424778761062009,0.03571428571428559,0.09679203539823172
input_hyperexcitable,perampanel,6,20261217,10.7,10.3,24.9,24.4,0.035211267605633756,0.020080321285140562,0.03738317757009333,0.42378587327614314
input_hyperexcitable,perampanel,6,20261218,11.0,10.6,25.6,24.9,0.047945205479452246,0.02734375000000011,0.0363636363636364,0.589767156862747
input_hyperexcitable,perampanel,6,20261219,11.4,10.9,25.5,22.1,0.24113475177304955,0.13333333333333328,0.043859649122807015,2.475570032573289
input_hyperexcitable,perampanel,8,20261200,12.0,8.1,24.1,22.2,0.1570247933884299,0.078838174273859,0.325,0.23533783365331043
input_hyperexcitable,perampanel,8,20261201,10.5,7.9,23.1,22.5,0.04761904761904767,0.025974025974026035,0.24761904761904757,0.10082339102671845
input_hyperexcitable,perampanel,8,20261202,10.8,8.9,25.2,23.1,0.14583333333333315,0.08333333333333325,0.17592592592592596,0.44820717131474047
input_hyperexcitable,perampanel,8,20261203,11.5,8.6,25.3,24.7,0.0434782608695653,0.0237154150197629,0.2521739130434783,0.09045680687471751
input_hyperexcitable,perampanel,8,20261204,11.4,8.0,25.5,20.9,0.3262411347517732,0.18039215686274515,0.29824561403508776,0.5852221366634304
input_hyperexcitable,perampanel,8,20261205,11.0,8.2,25.6,24.7,0.06164383561643849,0.03515625000000008,0.25454545454545463,0.13289304123711368
input_hyperexcitable,perampanel,8,20261206,11.4,8.5,25.6,22.5,0.21830985915492962,0.12109375000000006,0.2543859649122807,0.45801882879893846
input_hyperexcitable,perampanel,8,20261207,11.3,11.0,24.3,21.4,0.22307692307692328,0.11934156378600831,0.026548672566371743,3.2652776532249193
input_hyperexcitable,perampanel,8,20261208,11.1,10.5,22.5,22.0,0.04385964912280704,0.022222222222222223,0.05405405405405402,0.34692920768870156
input_hyperexcitable,perampanel,8,20261209,11.3,10.7,25.2,22.6,0.18705035971223005,0.1031746031746031,0.05309734513274349,1.6351655201585034
input_hyperexcitable,perampanel,8,20261210,11.0,9.4,24.6,22.0,0.1911764705882354,0.10569105691056915,0.14545454545454542,0.6798839918223748
input_hyperexcitable,perampanel,8,20261211,7.4,6.1,22.6,22.4,0.013157894736842257,0.008849557522124019,0.17567567567567577,0.047661372389896435
input_hyperexcitable,perampanel,8,20261212,10.8,9.6,24.6,21.3,0.23913043478260876,0.13414634146341464,0.1111111111111112,1.1076303423584688
input_hyperexcitable,perampanel,8,20261213,11.1,5.4,25.7,22.5,0.2191780821917808,0.12451361867704278,0.5135135135135135,0.23784222462832127
input_hyperexcitable,perampanel,8,20261214,11.5,9.3,25.2,24.7,0.03649635036496346,0.01984126984126984,0.1913043478260869,0.09856354348794955
input_hyperexcitable,perampanel,8,20261215,10.9,9.3,24.4,23.2,0.0888888888888888,0.04918032786885243,0.14678899082568803,0.31367207359303195
input_hyperexcitable,perampanel,8,20261216,11.2,10.6,22.6,22.5,0.008771929824561542,0.004424778761062009,0.05357142857142854,0.06960326140996423
input_hyperexcitable,perampanel,8,20261217,10.7,10.0,24.9,21.9,0.21126760563380287,0.12048192771084339,0.06542056074766349,1.5974679386691764
input_hyperexcitable,perampanel,8,20261218,11.0,10.3,25.6,24.8,0.0547945205479452,0.03125000000000003,0.06363636363636357,0.4243827160493835
input_hyperexcitable,perampanel,8,20261219,11.4,10.6,25.5,22.0,0.24822695035460995,0.13725490196078433,0.0701754385964913,1.7119320375852736
input_hyperexcitable,perampanel,10,20261200,12.0,7.8,24.1,22.2,0.1570247933884299,0.078838174273859,0.35000000000000003,0.2189949285384972
input_hyperexcitable,perampanel,10,20261201,10.5,7.4,23.1,22.5,0.04761904761904767,0.025974025974026035,0.2952380952380952,0.08509431286342384
input_hyperexcitable,perampanel,10,20261202,10.8,8.7,25.2,22.8,0.16666666666666663,0.09523809523809519,0.19444444444444456,0.4658385093167697
input_hyperexcitable,perampanel,10,20261203,11.5,6.2,25.3,22.2,0.2246376811594204,0.12252964426877476,0.4608695652173913,0.2602199278099556
input_hyperexcitable,perampanel,10,20261204,11.4,7.6,25.5,20.9,0.3262411347517732,0.18039215686274515,0.33333333333333337,0.5254140491147916
input_hyperexcitable,perampanel,10,20261205,11.0,8.3,25.6,24.7,0.06164383561643849,0.03515625000000008,0.2454545454545454,0.13762233096085447
input_hyperexcitable,perampanel,10,20261206,11.4,8.4,25.6,22.5,0.21830985915492962,0.12109375000000006,0.2631578947368421,0.4433104527938345
input_hyperexcitable,perampanel,10,20261207,11.3,10.7,24.3,21.4,0.22307692307692328,0.11934156378600831,0.05309734513274349,1.89138803756226
input_hyperexcitable,perampanel,10,20261208,11.1,10.2,22.5,22.0,0.04385964912280704,0.022222222222222223,0.08108108108108111,0.24398285525881958
input_hyperexcitable,perampanel,10,20261209,11.3,9.3,25.2,22.2,0.2158273381294964,0.11904761904761905,0.17699115044247787,0.6366484123228089
input_hyperexcitable,perampanel,10,20261210,11.0,5.7,24.6,21.9,0.19852941176470607,0.10975609756097572,0.4818181818181818,0.2231639691627972
input_hyperexcitable,perampanel,10,20261211,7.4,5.7,22.6,22.3,0.019736842105263164,0.013274336283185872,0.22972972972972974,0.05537209047101209
input_hyperexcitable,perampanel,10,20261212,10.8,9.3,24.6,21.2,0.246376811594203,0.13821138211382122,0.13888888888888887,0.9282854022570083
input_hyperexcitable,perampanel,10,20261213,11.1,5.3,25.7,22.3,0.23287671232876705,0.13229571984435792,0.5225225225225225,0.24843215873327237
input_hyperexcitable,perampanel,10,20261214,11.5,8.9,25.2,24.5,0.05109489051094884,0.027777777777777752,0.2260869565217391,0.11765909555964794
input_hyperexcitable,perampanel,10,20261215,10.9,6.6,24.4,23.2,0.0888888888888888,0.04918032786885243,0.3944954128440368,0.12158438960546414
input_hyperexcitable,perampanel,10,20261216,11.2,10.3,22.6,22.0,0.052631578947368585,0.026548672566371743,0.08035714285714274,0.29381930112980625
input_hyperexcitable,perampanel,10,20261217,10.7,7.6,24.9,21.7,0.22535211267605626,0.1285140562248996,0.2897196261682243,0.4287809172455334
input_hyperexcitable,perampanel,10,20261218,11.0,5.9,25.6,24.3,0.08904109589041098,0.05078125000000003,0.4636363636363636,0.10721569097888682
input_hyperexcitable,perampanel,10,20261219,11.4,10.5,25.5,22.0,0.24822695035460995,0.13725490196078433,0.07894736842105265,1.5431024480798234
input_hyperexcitable,perampanel,12,20261200,12.0,7.6,24.1,22.0,0.17355371900826455,0.08713692946058096,0.3666666666666667,0.231336980868799
input_hyperexcitable,perampanel,12,20261201,10.5,0.0,23.1,22.2,0.07142857142857162,0.03896103896103905,1.0,0.038575286100038665
input_hyperexcitable,perampanel,12,20261202,10.8,0.0,25.2,22.4,0.19444444444444453,0.11111111111111115,1.0,0.11001100110011004
input_hyperexcitable,perampanel,12,20261203,11.5,6.1,25.3,20.6,0.3405797101449275,0.18577075098814225,0.46956521739130436,0.38737327948570005
input_hyperexcitable,perampanel,12,20261204,11.4,0.0,25.5,21.0,0.3191489361702128,0.17647058823529413,1.0,0.17472335468841002
input_hyperexcitable,perampanel,12,20261205,11.0,8.3,25.6,24.7,0.06164383561643849,0.03515625000000008,0.2454545454545454,0.13762233096085447
input_hyperexcitable,perampanel,12,20261206,11.4,0.0,25.6,19.2,0.45070422535211274,0.25000000000000006,1.0,0.24752475247524758
input_hyperexcitable,perampanel,12,20261207,11.3,7.5,24.3,21.2,0.2384615384615386,0.1275720164609054,0.336283185840708,0.3684037275768543
input_hyperexcitable,perampanel,12,20261208,11.1,9.9,22.5,21.9,0.052631578947368585,0.02666666666666673,0.10810810810810804,0.22578184591914635
input_hyperexcitable,perampanel,12,20261209,11.3,9.1,25.2,22.2,0.2158273381294964,0.11904761904761905,0.19469026548672574,0.5815988306260678
input_hyperexcitable,perampanel,12,20261210,11.0,5.7,24.6,21.7,0.2132352941176472,0.1178861788617887,0.4818181818181818,0.23969463354522658
input_hyperexcitable,perampanel,12,20261211,7.4,5.2,22.6,22.2,0.026315789473684403,0.01769911504424788,0.2972972972972973,0.05759606478778993
input_hyperexcitable,perampanel,12,20261212,10.8,8.8,24.6,21.3,0.23913043478260876,0.13414634146341464,0.18518518518518517,0.6872772712546861
input_hyperexcitable,perampanel,12,20261213,11.1,4.8,25.7,22.0,0.2534246575342465,0.14396887159533073,0.5675675675675675,0.24926758301484497
input_hyperexcitable,perampanel,12,20261214,11.5,8.8,25.2,22.4,0.2043795620437957,0.11111111111111115,0.23478260869565212,0.45391750542727477
input_hyperexcitable,perampanel,12,20261215,10.9,6.4,24.4,23.0,0.10370370370370363,0.057377049180327815,0.4128440366972477,0.13569317337070366
input_hyperexcitable,perampanel,12,20261216,11.2,7.3,22.6,21.6,0.08771929824561397,0.04424778761061947,0.3482142857142857,0.12352323560292573
input_hyperexcitable,perampanel,12,20261217,10.7,0.0,24.9,21.4,0.24647887323943662,0.14056224899598393,1.0,0.13917054356038014
input_hyperexcitable,perampanel,12,20261218,11.0,4.9,25.6,24.0,0.10958904109589052,0.06250000000000006,0.5545454545454546,0.11070853462157819
input_hyperexcitable,perampanel,12,20261219,11.4,0.0,25.5,21.8,0.26241134751773043,0.14509803921568626,1.0,0.143661424966026
input_hyperexcitable,perampanel,14,20261200,12.0,7.4,24.1,22.0,0.17355371900826455,0.08713692946058096,0.3833333333333333,0.22153456642520586
input_hyperexcitable,perampanel,14,20261201,10.5,0.0,23.1,22.1,0.0793650793650793,0.04329004329004329,1.0,0.04286142900004286
input_hyperexcitable,perampanel,14,20261202,10.8,0.0,25.2,22.3,0.20138888888888884,0.11507936507936503,1.0,0.11393996542511389
input_hyperexcitable,perampanel,14,20261203,11.5,0.0,25.3,20.2,0.36956521739130443,0.20158102766798425,1.0,0.1995851759088953
input_hyperexcitable,perampanel,14,20261204,11.4,0.0,25.5,20.8,0.33333333333333326,0.18431372549019606,1.0,0.182488837119006
input_hyperexcitable,perampanel,14,20261205,11.0,7.6,25.6,24.7,0.06164383561643849,0.03515625000000008,0.30909090909090914,0.1101762820512823
input_hyperexcitable,perampanel,14,20261206,11.4,0.0,25.6,18.8,0.47887323943661975,0.265625,1.0,0.2629950495049505
input_hyperexcitable,perampanel,14,20261207,11.3,7.4,24.3,21.0,0.25384615384615394,0.1358024691358025,0.3451327433628319,0.38239917798020634
input_hyperexcitable,perampanel,14,20261208,11.1,5.9,22.5,21.8,0.06140350877192979,0.03111111111111108,0.4684684684684684,0.06502228080085351
input_hyperexcitable,perampanel,14,20261209,11.3,0.0,25.2,21.9,0.23741007194244612,0.130952380952381,1.0,0.12965582272512968
input_hyperexcitable,perampanel,14,20261210,11.0,5.6,24.6,21.6,0.22058823529411764,0.12195121951219512,0.49090909090909096,0.24345978487008096
input_hyperexcitable,perampanel,14,20261211,7.4,5.2,22.6,22.1,0.03289473684210531,0.022123893805309734,0.2972972972972973,0.07199508098473703
input_hyperexcitable,perampanel,14,20261212,10.8,0.0,24.6,21.1,0.2536231884057971,0.14227642276422764,1.0,0.14086774531111648
input_hyperexcitable,perampanel,14,20261213,11.1,4.5,25.7,19.0,0.45890410958904104,0.2607003891050583,0.5945945945945946,0.43119867666013223
input_hyperexcitable,perampanel,14,20261214,11.5,8.7,25.2,22.4,0.2043795620437957,0.11111111111111115,0.24347826086956528,0.4383457213645893
input_hyperexcitable,perampanel,14,20261215,10.9,5.0,24.4,23.0,0.10370370370370363,0.057377049180327815,0.5412844036697247,0.10407885439600154
input_hyperexcitable,perampanel,14,20261216,11.2,8.6,22.6,21.7,0.07894736842105277,0.03982300884955761,0.23214285714285712,0.1644608035084975
input_hyperexcitable,perampanel,14,20261217,10.7,0.0,24.9,21.2,0.2605633802816901,0.14859437751004015,1.0,0.1471231460495447
input_hyperexcitable,perampanel,14,20261218,11.0,4.9,25.6,20.5,0.34931506849315075,0.19921875000000006,0.5545454545454546,0.35288345410628025
input_hyperexcitable,perampanel,14,20261219,11.4,0.0,25.5,21.8,0.26241134751773043,0.14509803921568626,1.0,0.143661424966026
input_hyperexcitable,perampanel,16,20261200,12.0,0.0,24.1,21.5,0.2148760330578513,0.10788381742738594,1.0,0.106815660819194
input_hyperexcitable,perampanel,16,20261201,10.5,0.0,23.1,21.7,0.11111111111111127,0.0606060606060607,1.0,0.060006000600060096
input_hyperexcitable,perampanel,16,20261202,10.8,0.0,25.2,22.2,0.20833333333333337,0.11904761904761905,1.0,0.11786892975011788
input_hyperexcitable,perampanel,16,20261203,11.5,0.0,25.3,20.1,0.37681159420289845,0.20553359683794464,1.0,0.20349861073063827
input_hyperexcitable,perampanel,16,20261204,11.4,0.0,25.5,20.6,0.34751773049645385,0.192156862745098,1.0,0.19025431954960198
input_hyperexcitable,perampanel,16,20261205,11.0,7.4,25.6,21.0,0.31506849315068497,0.17968750000000006,0.3272727272727272,0.5327661725067387
input_hyperexcitable,perampanel,16,20261206,11.4,0.0,25.6,18.3,0.5140845070422535,0.28515625,1.0,0.2823329207920792
input_hyperexcitable,perampanel,16,20261207,11.3,4.4,24.3,21.0,0.25384615384615394,0.1358024691358025,0.6106194690265486,0.21881761032861374
input_hyperexcitable,perampanel,16,20261208,11.1,5.6,22.5,21.8,0.06140350877192979,0.03111111111111108,0.4954954954954955,0.06154577318362734
input_hyperexcitable,perampanel,16,20261209,11.3,0.0,25.2,21.7,0.2517985611510791,0.1388888888888889,1.0,0.13751375137513752
input_hyperexcitable,perampanel,16,20261210,11.0,5.6,24.6,21.5,0.2279411764705883,0.12601626016260167,0.49090909090909096,0.2515751110324171
input_hyperexcitable,perampanel,16,20261211,7.4,0.0,22.6,21.0,0.10526315789473695,0.0707964601769912,1.0,0.07009550512573387
input_hyperexcitable,perampanel,16,20261212,10.8,0.0,24.6,21.1,0.2536231884057971,0.14227642276422764,1.0,0.14086774531111648
input_hyperexcitable,perampanel,16,20261213,11.1,0.0,25.7,18.7,0.4794520547945206,0.27237354085603116,1.0,0.26967677312478333
input_hyperexcitable,perampanel,16,20261214,11.5,8.1,25.2,22.3,0.21167883211678817,0.11507936507936503,0.2956521739130435,0.37650432387274474
input_hyperexcitable,perampanel,16,20261215,10.9,4.8,24.4,21.3,0.22962962962962952,0.12704918032786877,0.5596330275229358,0.22303689250664674
input_hyperexcitable,perampanel,16,20261216,11.2,8.2,22.6,21.5,0.09649122807017552,0.04867256637168148,0.26785714285714285,0.17517119002661713
input_hyperexcitable,perampanel,16,20261217,10.7,0.0,24.9,21.2,0.2605633802816901,0.14859437751004015,1.0,0.1471231460495447
input_hyperexcitable,perampanel,16,20261218,11.0,0.0,25.6,20.3,0.363013698630137,0.20703125000000003,1.0,0.20498143564356439
input_hyperexcitable,perampanel,16,20261219,11.4,0.0,25.5,21.2,0.3049645390070923,0.1686274509803922,1.0,0.16695787225781406
input_hyperexcitable,perampanel,18,20261200,12.0,0.0,24.1,21.2,0.2396694214876035,0.12033195020746897,1.0,0.11914054475987026
input_hyperexcitable,perampanel,18,20261201,10.5,0.0,23.1,21.6,0.11904761904761907,0.06493506493506493,1.0,0.06429214350006429
input_hyperexcitable,perampanel,18,20261202,10.8,0.0,25.2,22.2,0.20833333333333337,0.11904761904761905,1.0,0.11786892975011788
input_hyperexcitable,perampanel,18,20261203,11.5,0.0,25.3,20.0,0.3840579710144928,0.20948616600790515,1.0,0.20741204555238132
input_hyperexcitable,perampanel,18,20261204,11.4,0.0,25.5,20.5,0.35460992907801414,0.19607843137254902,1.0,0.1941370607649
input_hyperexcitable,perampanel,18,20261205,11.0,0.0,25.6,21.0,0.31506849315068497,0.17968750000000006,1.0,0.1779084158415842
input_hyperexcitable,perampanel,18,20261206,11.4,0.0,25.6,18.2,0.5211267605633805,0.28906250000000006,1.0,0.286200495049505
input_hyperexcitable,perampanel,18,20261207,11.3,0.0,24.3,20.0,0.3307692307692308,0.1769547325102881,1.0,0.17520270545573077
input_hyperexcitable,perampanel,18,20261208,11.1,5.5,22.5,21.4,0.09649122807017552,0.048888888888888954,0.5045045045045045,0.09502130391641873
input_hyperexcitable,perampanel,18,20261209,11.3,0.0,25.2,21.7,0.2517985611510791,0.1388888888888889,1.0,0.13751375137513752
input_hyperexcitable,perampanel,18,20261210,11.0,5.6,24.6,21.3,0.24264705882352944,0.13414634146341464,0.49090909090909096,0.2678057633570891
input_hyperexcitable,perampanel,18,20261211,7.4,0.0,22.6,20.9,0.11184210526315808,0.07522123893805321,1.0,0.0744764741960923
input_hyperexcitable,perampanel,18,20261212,10.8,0.0,24.6,21.1,0.2536231884057971,0.14227642276422764,1.0,0.14086774531111648
input_hyperexcitable,perampanel,18,20261213,11.1,0.0,25.7,18.5,0.4931506849315068,0.2801556420233463,1.0,0.27738182378549137
input_hyperexcitable,perampanel,18,20261214,11.5,6.0,25.2,21.8,0.24817518248175174,0.13492063492063486,0.4782608695652174,0.2763289940493857
input_hyperexcitable,perampanel,18,20261215,10.9,0.0,24.4,21.1,0.24444444444444424,0.13524590163934416,1.0,0.13390683330628134
input_hyperexcitable,perampanel,18,20261216,11.2,7.9,22.6,21.3,0.11403508771929827,0.05752212389380534,0.29464285714285704,0.18881822614613716
input_hyperexcitable,perampanel,18,20261217,10.7,0.0,24.9,21.0,0.27464788732394363,0.15662650602409633,1.0,0.15507574853870923
input_hyperexcitable,perampanel,18,20261218,11.0,0.0,25.6,20.3,0.363013698630137,0.20703125000000003,1.0,0.20498143564356439
input_hyperexcitable,perampanel,18,20261219,11.4,0.0,25.5,21.0,0.3191489361702128,0.17647058823529413,1.0,0.17472335468841002
input_hyperexcitable,perampanel,22,20261200,12.0,0.0,24.1,20.9,0.2644628099173556,0.13278008298755198,1.0,0.1314654287005465
input_hyperexcitable,perampanel,22,20261201,10.5,0.0,23.1,21.4,0.1349206349206351,0.07359307359307371,1.0,0.07286442930007297
input_hyperexcitable,perampanel,22,20261202,10.8,0.0,25.2,20.9,0.29861111111111116,0.17063492063492067,1.0,0.16894546597516896
input_hyperexcitable,perampanel,22,20261203,11.5,0.0,25.3,19.9,0.39130434782608714,0.21343873517786568,1.0,0.21132548037412444
input_hyperexcitable,perampanel,22,20261204,11.4,0.0,25.5,20.0,0.3900709219858156,0.21568627450980393,1.0,0.21355076684139004
input_hyperexcitable,perampanel,22,20261205,11.0,0.0,25.6,20.7,0.3356164383561645,0.19140625000000008,1.0,0.18951113861386146
input_hyperexcitable,perampanel,22,20261206,11.4,0.0,25.6,18.0,0.5352112676056339,0.29687500000000006,1.0,0.2939356435643565
input_hyperexcitable,perampanel,22,20261207,11.3,0.0,24.3,19.4,0.37692307692307714,0.2016460905349795,1.0,0.19964959458908862
input_hyperexcitable,perampanel,22,20261208,11.1,0.0,22.5,20.5,0.17543859649122806,0.08888888888888889,1.0,0.08800880088008801
input_hyperexcitable,perampanel,22,20261209,11.3,0.0,25.2,21.0,0.302158273381295,0.16666666666666663,1.0,0.165016501650165
input_hyperexcitable,perampanel,22,20261210,11.0,0.0,24.6,20.3,0.3161764705882353,0.17479674796747968,1.0,0.17306608709651453
input_hyperexcitable,perampanel,22,20261211,7.4,0.0,22.6,20.5,0.13815789473684215,0.09292035398230095,1.0,0.0920003504775257
input_hyperexcitable,perampanel,22,20261212,10.8,0.0,24.6,20.6,0.28985507246376807,0.16260162601626016,1.0,0.16099170892699025
input_hyperexcitable,perampanel,22,20261213,11.1,0.0,25.7,18.3,0.5068493150684931,0.28793774319066145,1.0,0.28508687444619946
input_hyperexcitable,perampanel,22,20261214,11.5,0.0,25.2,21.6,0.2627737226277371,0.14285714285714277,1.0,0.14144271570014136
input_hyperexcitable,perampanel,22,20261215,10.9,0.0,24.4,18.7,0.4222222222222223,0.23360655737704916,1.0,0.2312936211653952
input_hyperexcitable,perampanel,22,20261216,11.2,0.0,22.6,20.7,0.16666666666666685,0.08407079646017708,1.0,0.083238412336809
input_hyperexcitable,perampanel,22,20261217,10.7,0.0,24.9,20.6,0.3028169014084505,0.17269076305220873,1.0,0.17098095351703835
input_hyperexcitable,perampanel,22,20261218,11.0,0.0,25.6,20.0,0.38356164383561653,0.21875000000000006,1.0,0.21658415841584164
input_hyperexcitable,perampanel,22,20261219,11.4,0.0,25.5,20.5,0.35460992907801414,0.19607843137254902,1.0,0.1941370607649
input_hyperexcitable,memantine,0,20261200,12.0,12.0,24.1,24.1,0.0,0.0,0.0,0.0
input_hyperexcitable,memantine,0,20261201,10.5,10.5,23.1,23.1,0.0,0.0,0.0,0.0
input_hyperexcitable,memantine,0,20261202,10.8,10.8,25.2,25.2,0.0,0.0,0.0,0.0
input_hyperexcitable,memantine,0,20261203,11.5,11.5,25.3,25.3,0.0,0.0,0.0,0.0
input_hyperexcitable,memantine,0,20261204,11.4,11.4,25.5,25.5,0.0,0.0,0.0,0.0
input_hyperexcitable,memantine,0,20261205,11.0,11.0,25.6,25.6,0.0,0.0,0.0,0.0
input_hyperexcitable,memantine,0,20261206,11.4,11.4,25.6,25.6,0.0,0.0,0.0,0.0
input_hyperexcitable,memantine,0,20261207,11.3,11.3,24.3,24.3,0.0,0.0,0.0,0.0
input_hyperexcitable,memantine,0,20261208,11.1,11.1,22.5,22.5,0.0,0.0,0.0,0.0
input_hyperexcitable,memantine,0,20261209,11.3,11.3,25.2,25.2,0.0,0.0,0.0,0.0
input_hyperexcitable,memantine,0,20261210,11.0,11.0,24.6,24.6,0.0,0.0,0.0,0.0
input_hyperexcitable,memantine,0,20261211,7.4,7.4,22.6,22.6,0.0,0.0,0.0,0.0
input_hyperexcitable,memantine,0,20261212,10.8,10.8,24.6,24.6,0.0,0.0,0.0,0.0
input_hyperexcitable,memantine,0,20261213,11.1,11.1,25.7,25.7,0.0,0.0,0.0,0.0
input_hyperexcitable,memantine,0,20261214,11.5,11.5,25.2,25.2,0.0,0.0,0.0,0.0
input_hyperexcitable,memantine,0,20261215,10.9,10.9,24.4,24.4,0.0,0.0,0.0,0.0
input_hyperexcitable,memantine,0,20261216,11.2,11.2,22.6,22.6,0.0,0.0,0.0,0.0
input_hyperexcitable,memantine,0,20261217,10.7,10.7,24.9,24.9,0.0,0.0,0.0,0.0
input_hyperexcitable,memantine,0,20261218,11.0,11.0,25.6,25.6,0.0,0.0,0.0,0.0
input_hyperexcitable,memantine,0,20261219,11.4,11.4,25.5,25.5,0.0,0.0,0.0,0.0
input_hyperexcitable,memantine,50,20261200,12.0,11.5,24.1,23.8,0.024793388429752095,0.012448132780083016,0.041666666666666664,0.24093160219515516
input_hyperexcitable,memantine,50,20261201,10.5,9.3,23.1,22.6,0.03968253968253965,0.021645021645021644,0.11428571428571421,0.17415534656913978
input_hyperexcitable,memantine,50,20261202,10.8,9.6,25.2,23.8,0.0972222222222221,0.055555555555555504,0.1111111111111112,0.4587155963302745
input_hyperexcitable,memantine,50,20261203,11.5,11.3,25.3,24.7,0.0434782608695653,0.0237154150197629,0.017391304347826025,0.8658008658008698
input_hyperexcitable,memantine,50,20261204,11.4,10.9,25.5,24.5,0.07092198581560283,0.0392156862745098,0.043859649122807015,0.7281088331097911
input_hyperexcitable,memantine,50,20261205,11.0,9.4,25.6,24.8,0.0547945205479452,0.03125000000000003,0.14545454545454542,0.20102339181286571
input_hyperexcitable,memantine,50,20261206,11.4,11.1,25.6,24.7,0.06338028169014098,0.03515625000000008,0.02631578947368427,0.9680706521739136
input_hyperexcitable,memantine,50,20261207,11.3,11.1,24.3,23.9,0.030769230769230882,0.016460905349794327,0.01769911504424788,0.5942754966539147
input_hyperexcitable,memantine,50,20261208,11.1,10.7,22.5,22.4,0.008771929824561542,0.004444444444444508,0.03603603603603607,0.09654272667971428
input_hyperexcitable,memantine,50,20261209,11.3,10.8,25.2,24.7,0.03597122302158273,0.01984126984126984,0.04424778761061947,0.36575260881949295
input_hyperexcitable,memantine,50,20261210,11.0,10.4,24.6,24.2,0.02941176470588247,0.0162601626016261,0.054545454545454515,0.2519180121378693
input_hyperexcitable,memantine,50,20261211,7.4,6.3,22.6,22.2,0.026315789473684403,0.01769911504424788,0.1486486486486487,0.11156171322609391
input_hyperexcitable,memantine,50,20261212,10.8,8.9,24.6,24.2,0.02898550724637694,0.0162601626016261,0.17592592592592596,0.08745505781751088
input_hyperexcitable,memantine,50,20261213,11.1,10.1,25.7,24.9,0.0547945205479452,0.03112840466926073,0.0900900900900901,0.3110038630322179
input_hyperexcitable,memantine,50,20261214,11.5,11.3,25.2,24.4,0.058394160583941646,0.03174603174603177,0.017391304347826025,1.1589821113630674
input_hyperexcitable,memantine,50,20261215,10.9,9.2,24.4,24.2,0.014814814814814725,0.00819672131147538,0.15596330275229367,0.04938875748760729
input_hyperexcitable,memantine,50,20261216,11.2,11.0,22.6,22.5,0.008771929824561542,0.004424778761062009,0.017857142857142794,0.15883821193555966
input_hyperexcitable,memantine,50,20261217,10.7,9.5,24.9,23.8,0.07746478873239426,0.044176706827309155,0.11214953271028032,0.3616608745617507
input_hyperexcitable,memantine,50,20261218,11.0,10.4,25.6,24.5,0.07534246575342474,0.042968750000000056,0.054545454545454515,0.6657130281690152
input_hyperexcitable,memantine,50,20261219,11.4,11.2,25.5,24.6,0.06382978723404242,0.03529411764705877,0.0175438596491229,1.2813787935556324
input_hyperexcitable,memantine,100,20261200,12.0,11.0,24.1,23.2,0.0743801652892564,0.03734439834024905,0.08333333333333333,0.4001185536455256
input_hyperexcitable,memantine,100,20261201,10.5,7.1,23.1,22.0,0.08730158730158744,0.04761904761904768,0.3238095238095238,0.1426533523537805
input_hyperexcitable,memantine,100,20261202,10.8,7.8,25.2,23.2,0.13888888888888895,0.07936507936507936,0.27777777777777785,0.2757859900717043
input_hyperexcitable,memantine,100,20261203,11.5,10.8,25.3,24.1,0.08695652173913038,0.04743083003952566,0.060869565217391244,0.6692693809258228
input_hyperexcitable,memantine,100,20261204,11.4,9.6,25.5,23.6,0.13475177304964525,0.07450980392156857,0.1578947368421053,0.4437888007867719
input_hyperexcitable,memantine,100,20261205,11.0,8.3,25.6,24.0,0.10958904109589052,0.06250000000000006,0.2454545454545454,0.24466192170818535
input_hyperexcitable,memantine,100,20261206,11.4,10.7,25.6,23.7,0.1338028169014086,0.07421875000000008,0.06140350877192992,1.0394272113022112
input_hyperexcitable,memantine,100,20261207,11.3,10.1,24.3,23.3,0.07692307692307687,0.0411522633744856,0.10619469026548681,0.35416647077813174
input_hyperexcitable,memantine,100,20261208,11.1,8.8,22.5,21.8,0.06140350877192979,0.03111111111111108,0.20720720720720712,0.14323240702336504
input_hyperexcitable,memantine,100,20261209,11.3,8.9,25.2,23.9,0.09352517985611519,0.05158730158730162,0.21238938053097348,0.23196836766275694
input_hyperexcitable,memantine,100,20261210,11.0,8.4,24.6,23.6,0.07352941176470584,0.04065040650406504,0.23636363636363633,0.1650016500165002
input_hyperexcitable,memantine,100,20261211,7.4,4.9,22.6,21.6,0.06578947368421051,0.04424778761061947,0.33783783783783783,0.12720809180986173
input_hyperexcitable,memantine,100,20261212,10.8,6.2,24.6,23.7,0.065217391304348,0.036585365853658625,0.42592592592592593,0.08392564809250491
input_hyperexcitable,memantine,100,20261213,11.1,8.3,25.7,24.0,0.11643835616438347,0.06614785992217896,0.2522522522522522,0.2522299021422833
input_hyperexcitable,memantine,100,20261214,11.5,9.5,25.2,24.0,0.08759124087591241,0.047619047619047596,0.17391304347826086,0.2589215355172801
input_hyperexcitable,memantine,100,20261215,10.9,7.8,24.4,23.6,0.05925925925925901,0.03278688524590152,0.28440366972477066,0.11136710787794533
input_hyperexcitable,memantine,100,20261216,11.2,9.3,22.6,21.7,0.07894736842105277,0.03982300884955761,0.16964285714285704,0.22167877689614587
input_hyperexcitable,memantine,100,20261217,10.7,8.2,24.9,23.2,0.11971830985915488,0.06827309236947789,0.23364485981308414,0.28021560734691725
input_hyperexcitable,memantine,100,20261218,11.0,8.6,25.6,24.1,0.10273972602739723,0.05859375,0.21818181818181823,0.256785358565737
input_hyperexcitable,memantine,100,20261219,11.4,10.8,25.5,24.1,0.09929078014184389,0.05490196078431367,0.05263157894736839,0.8765859284890423
input_hyperexcitable,memantine,125,20261200,12.0,9.9,24.1,23.0,0.09090909090909105,0.04564315352697101,0.17499999999999996,0.24671974879443792
input_hyperexcitable,memantine,125,20261201,10.5,6.0,23.1,22.0,0.08730158730158744,0.04761904761904768,0.42857142857142855,0.10857763300760058
input_hyperexcitable,memantine,125,20261202,10.8,6.3,25.2,22.9,0.15972222222222232,0.0912698412698413,0.41666666666666674,0.21391369047619052
input_hyperexcitable,memantine,125,20261203,11.5,9.7,25.3,23.7,0.11594202898550732,0.06324110671936764,0.15652173913043485,0.37977688108236424
input_hyperexcitable,memantine,125,20261204,11.4,9.2,25.5,23.6,0.13475177304964525,0.07450980392156857,0.19298245614035098,0.36707509278560124
input_hyperexcitable,memantine,125,20261205,11.0,7.6,25.6,23.9,0.1164383561643837,0.06640625000000011,0.30909090909090914,0.2081107549857553
input_hyperexcitable,memantine,125,20261206,11.4,9.5,25.6,23.5,0.1478873239436621,0.08203125000000006,0.16666666666666669,0.4643278301886795
input_hyperexcitable,memantine,125,20261207,11.3,9.1,24.3,23.1,0.0923076923076922,0.049382716049382686,0.19469026548672574,0.24125581122266498
input_hyperexcitable,memantine,125,20261208,11.1,7.7,22.5,21.7,0.07017543859649134,0.03555555555555559,0.3063063063063063,0.11240862052596612
input_hyperexcitable,memantine,125,20261209,11.3,7.7,25.2,23.5,0.12230215827338131,0.06746031746031743,0.31858407079646023,0.20530611023473924
input_hyperexcitable,memantine,125,20261210,11.0,8.1,24.6,23.4,0.0882352941176473,0.04878048780487816,0.26363636363636367,0.17826756340653147
input_hyperexcitable,memantine,125,20261211,7.4,4.8,22.6,21.5,0.07236842105263164,0.04867256637168148,0.3513513513513514,0.134695957797473
input_hyperexcitable,memantine,125,20261212,10.8,5.1,24.6,23.7,0.065217391304348,0.036585365853658625,0.5277777777777778,0.06803063898407595
input_hyperexcitable,memantine,125,20261213,11.1,7.8,25.7,23.8,0.13013698630136972,0.07392996108949411,0.2972972972972973,0.2405812278198137
input_hyperexcitable,memantine,125,20261214,11.5,8.9,25.2,23.8,0.10218978102189769,0.055555555555555504,0.2260869565217391,0.2353181911192959
input_hyperexcitable,memantine,125,20261215,10.9,5.4,24.4,23.3,0.08148148148148138,0.04508196721311467,0.5045871559633027,0.08760803041949544
input_hyperexcitable,memantine,125,20261216,11.2,6.9,22.6,21.4,0.10526315789473706,0.05309734513274349,0.38392857142857134,0.13478927141584932
input_hyperexcitable,memantine,125,20261217,10.7,7.3,24.9,23.1,0.12676056338028152,0.07228915662650591,0.3177570093457944,0.2205571645006026
input_hyperexcitable,memantine,125,20261218,11.0,6.9,25.6,24.0,0.10958904109589052,0.06250000000000006,0.3727272727272727,0.16330166270783864
input_hyperexcitable,memantine,125,20261219,11.4,9.5,25.5,23.9,0.11347517730496459,0.06274509803921574,0.16666666666666669,0.35516093229744755
input_hyperexcitable,memantine,150,20261200,12.0,8.3,24.1,22.8,0.1074380165289257,0.05394190871369297,0.3083333333333333,0.1694510221372554
input_hyperexcitable,memantine,150,20261201,10.5,5.7,23.1,21.9,0.09523809523809545,0.05194805194805207,0.45714285714285713,0.11120378092855183
input_hyperexcitable,memantine,150,20261202,10.8,4.8,25.2,22.9,0.15972222222222232,0.0912698412698413,0.5555555555555556,0.16138085882683137
input_hyperexcitable,memantine,150,20261203,11.5,7.9,25.3,23.6,0.12318840579710144,0.06719367588932804,0.31304347826086953,0.20800195766548385
input_hyperexcitable,memantine,150,20261204,11.4,8.3,25.5,23.4,0.14893617021276606,0.08235294117647064,0.27192982456140347,0.29210439620776774
input_hyperexcitable,memantine,150,20261205,11.0,5.6,25.6,23.8,0.12328767123287676,0.07031250000000003,0.49090909090909096,0.1403697822141561
input_hyperexcitable,memantine,150,20261206,11.4,7.6,25.6,23.5,0.1478873239436621,0.08203125000000006,0.33333333333333337,0.23892597087378653
input_hyperexcitable,memantine,150,20261207,11.3,7.6,24.3,22.9,0.10769230769230786,0.05761316872427992,0.32743362831858414,0.17073926215168186
input_hyperexcitable,memantine,150,20261208,11.1,6.6,22.5,21.7,0.07017543859649134,0.03555555555555559,0.40540540540540543,0.08559242391382933
input_hyperexcitable,memantine,150,20261209,11.3,7.3,25.2,23.3,0.13669064748201432,0.07539682539682534,0.3539823008849558,0.20714420787360227
input_hyperexcitable,memantine,150,20261210,11.0,7.3,24.6,23.2,0.10294117647058842,0.05691056910569114,0.33636363636363636,0.16430872970147048
input_hyperexcitable,memantine,150,20261211,7.4,4.6,22.6,21.6,0.06578947368421051,0.04424778761061947,0.37837837837837845,0.11392958535789283
input_hyperexcitable,memantine,150,20261212,10.8,4.1,24.6,23.5,0.07971014492753636,0.0447154471544716,0.6203703703703705,0.07093519818864472
input_hyperexcitable,memantine,150,20261213,11.1,6.5,25.7,23.8,0.13013698630136972,0.07392996108949411,0.4144144144144144,0.17419286098352466
input_hyperexcitable,memantine,150,20261214,11.5,6.2,25.2,23.7,0.10948905109489049,0.05952380952380953,0.4608695652173913,0.12641252253440619
input_hyperexcitable,memantine,150,20261215,10.9,4.1,24.4,23.3,0.08148148148148138,0.04508196721311467,0.6238532110091743,0.0711236709542553
input_hyperexcitable,memantine,150,20261216,11.2,6.2,22.6,21.1,0.13157894736842102,0.0663716814159292,0.4464285714285714,0.1454152644480452
input_hyperexcitable,memantine,150,20261217,10.7,6.0,24.9,22.8,0.14788732394366177,0.08433734939759029,0.43925233644859807,0.18772823768550367
input_hyperexcitable,memantine,150,20261218,11.0,5.5,25.6,23.6,0.136986301369863,0.078125,0.5,0.15318627450980393
input_hyperexcitable,memantine,150,20261219,11.4,8.7,25.5,23.5,0.14184397163120566,0.0784313725490196,0.236842105263158,0.31773903591287245
input_hyperexcitable,memantine,175,20261200,12.0,6.9,24.1,22.7,0.11570247933884314,0.05809128630705403,0.425,0.13354318691276787
input_hyperexcitable,memantine,175,20261201,10.5,5.0,23.1,21.7,0.11111111111111127,0.0606060606060607,0.5238095238095238,0.11353499310680415
input_hyperexcitable,memantine,175,20261202,10.8,4.5,25.2,22.9,0.15972222222222232,0.0912698412698413,0.5833333333333334,0.15382557517388984
input_hyperexcitable,memantine,175,20261203,11.5,5.8,25.3,23.4,0.13768115942029002,0.07509881422924909,0.4956521739130435,0.14851872117564308
input_hyperexcitable,memantine,175,20261204,11.4,6.3,25.5,23.3,0.15602836879432624,0.08627450980392154,0.44736842105263164,0.1886324149913129
input_hyperexcitable,memantine,175,20261205,11.0,4.8,25.6,23.5,0.1438356164383563,0.08203125000000006,0.5636363636363636,0.1430021790808242
input_hyperexcitable,memantine,175,20261206,11.4,6.9,25.6,23.4,0.15492957746478897,0.08593750000000011,0.39473684210526316,0.2123293237971394
input_hyperexcitable,memantine,175,20261207,11.3,5.8,24.3,22.9,0.10769230769230786,0.05761316872427992,0.4867256637168142,0.11598589107150598
input_hyperexcitable,memantine,175,20261208,11.1,4.7,22.5,21.6,0.07894736842105254,0.03999999999999994,0.5765765765765766,0.06819228997081851
input_hyperexcitable,memantine,175,20261209,11.3,6.4,25.2,23.2,0.14388489208633093,0.07936507936507936,0.4336283185840708,0.1788999395223213
input_hyperexcitable,memantine,175,20261210,11.0,6.5,24.6,22.9,0.12500000000000022,0.06910569105691068,0.4090909090909091,0.1648942736715873
input_hyperexcitable,memantine,175,20261211,7.4,3.4,22.6,21.5,0.07236842105263164,0.04867256637168148,0.5405405405405405,0.08840868707669194
input_hyperexcitable,memantine,175,20261212,10.8,4.0,24.6,23.2,0.10144927536231896,0.05691056910569114,0.6296296296296297,0.08897425395794213
input_hyperexcitable,memantine,175,20261213,11.1,5.8,25.7,23.6,0.14383561643835607,0.08171206225680926,0.4774774774774775,0.16762223083544311
input_hyperexcitable,memantine,175,20261214,11.5,5.1,25.2,23.3,0.13868613138686126,0.07539682539682534,0.5565217391304348,0.13308725895065102
input_hyperexcitable,memantine,175,20261215,10.9,3.8,24.4,23.1,0.0962962962962961,0.05327868852459005,0.6513761467889908,0.08055731792454315
input_hyperexcitable,memantine,175,20261216,11.2,5.7,22.6,20.9,0.1491228070175441,0.07522123893805321,0.49107142857142855,0.1501207904679608
input_hyperexcitable,memantine,175,20261217,10.7,5.5,24.9,22.8,0.14788732394366177,0.08433734939759029,0.4859813084112149,0.17004138657513024
input_hyperexcitable,memantine,175,20261218,11.0,4.0,25.6,23.6,0.136986301369863,0.078125,0.6363636363636364,0.12086849507735584
input_hyperexcitable,memantine,175,20261219,11.4,6.2,25.5,23.3,0.15602836879432624,0.08627450980392154,0.45614035087719296,0.18508268945515724
input_hyperexcitable,memantine,200,20261200,12.0,4.8,24.1,22.7,0.11570247933884314,0.05809128630705403,0.6,0.09523161689680988
input_hyperexcitable,memantine,200,20261201,10.5,4.0,23.1,21.6,0.11904761904761907,0.06493506493506493,0.6190476190476191,0.10322758241001995
input_hyperexcitable,memantine,200,20261202,10.8,4.3,25.2,22.9,0.15972222222222232,0.0912698412698413,0.6018518518518519,0.1491698374264961
input_hyperexcitable,memantine,200,20261203,11.5,4.8,25.3,23.3,0.14492753623188404,0.07905138339920949,0.5826086956521739,0.13339558460614953
input_hyperexcitable,memantine,200,20261204,11.4,5.1,25.5,23.3,0.15602836879432624,0.08627450980392154,0.5526315789473685,0.1533410370696454
input_hyperexcitable,memantine,200,20261205,11.0,4.0,25.6,23.1,0.17123287671232879,0.09765625,0.6363636363636364,0.1510856188466948
input_hyperexcitable,memantine,200,20261206,11.4,4.5,25.6,23.3,0.1619718309859155,0.08984375000000003,0.6052631578947368,0.14602491445680074
input_hyperexcitable,memantine,200,20261207,11.3,4.6,24.3,22.8,0.11538461538461542,0.06172839506172839,0.5929203539823009,0.10238233732533844
input_hyperexcitable,memantine,200,20261208,11.1,4.5,22.5,21.4,0.09649122807017552,0.048888888888888954,0.5945945945945946,0.08086226593155527
input_hyperexcitable,memantine,200,20261209,11.3,4.7,25.2,23.1,0.15107913669064732,0.08333333333333325,0.584070796460177,0.1402750881374446
input_hyperexcitable,memantine,200,20261210,11.0,4.4,24.6,22.9,0.12500000000000022,0.06910569105691068,0.6,0.11328801812608309
input_hyperexcitable,memantine,200,20261211,7.4,3.1,22.6,21.4,0.07894736842105277,0.05309734513274349,0.5810810810810811,0.08983089940153217
input_hyperexcitable,memantine,200,20261212,10.8,2.6,24.6,23.0,0.11594202898550732,0.06504065040650411,0.7592592592592593,0.08454971405756433
input_hyperexcitable,memantine,200,20261213,11.1,5.3,25.7,23.3,0.1643835616438355,0.09338521400778205,0.5225225225225225,0.1753638767528981
input_hyperexcitable,memantine,200,20261214,11.5,4.0,25.2,23.2,0.14598540145985406,0.07936507936507936,0.6521739130434783,0.11985533981594387
input_hyperexcitable,memantine,200,20261215,10.9,3.5,24.4,22.8,0.11851851851851836,0.0655737704918032,0.6788990825688074,0.09518632286065452
input_hyperexcitable,memantine,200,20261216,11.2,4.9,22.6,21.0,0.14035087719298256,0.0707964601769912,0.5624999999999999,0.12366193917378379
input_hyperexcitable,memantine,200,20261217,10.7,3.2,24.9,22.8,0.14788732394366177,0.08433734939759029,0.7009345794392523,0.11862884692444013
input_hyperexcitable,memantine,200,20261218,11.0,3.7,25.6,23.5,0.1438356164383563,0.08203125000000006,0.6636363636363636,0.12177378542510131
input_hyperexcitable,memantine,200,20261219,11.4,4.5,25.5,23.1,0.17021276595744672,0.09411764705882347,0.6052631578947368,0.15297136818799367
input_hyperexcitable,memantine,250,20261200,12.0,3.4,24.1,22.5,0.1322314049586778,0.06639004149377599,0.7166666666666667,0.0913624424226275
input_hyperexcitable,memantine,250,20261201,10.5,2.8,23.1,21.4,0.1349206349206351,0.07359307359307371,0.7333333333333334,0.09900413487857448
input_hyperexcitable,memantine,250,20261202,10.8,3.6,25.2,22.6,0.18055555555555547,0.1031746031746031,0.6666666666666667,0.15247478301665482
input_hyperexcitable,memantine,250,20261203,11.5,2.9,25.3,22.8,0.1811594202898551,0.09881422924901186,0.7478260869565218,0.1303916966567569
input_hyperexcitable,memantine,250,20261204,11.4,3.5,25.5,23.2,0.16312056737588654,0.09019607843137258,0.6929824561403509,0.12830487822780726
input_hyperexcitable,memantine,250,20261205,11.0,3.4,25.6,22.6,0.20547945205479445,0.1171875,0.6909090909090909,0.16719357976653695
input_hyperexcitable,memantine,250,20261206,11.4,2.8,25.6,22.8,0.19718309859154937,0.10937500000000003,0.7543859649122808,0.14308870782648614
input_hyperexcitable,memantine,250,20261207,11.3,2.7,24.3,22.8,0.11538461538461542,0.06172839506172839,0.7610619469026549,0.08005633699042015
input_hyperexcitable,memantine,250,20261208,11.1,3.0,22.5,20.8,0.14912280701754377,0.07555555555555553,0.7297297297297297,0.10213940648723253
input_hyperexcitable,memantine,250,20261209,11.3,2.7,25.2,22.6,0.18705035971223005,0.1031746031746031,0.7610619469026549,0.13380844896970215
input_hyperexcitable,memantine,250,20261210,11.0,3.1,24.6,22.9,0.12500000000000022,0.06910569105691068,0.7181818181818183,0.09490169808065137
input_hyperexcitable,memantine,250,20261211,7.4,2.2,22.6,21.2,0.09210526315789491,0.061946902654867346,0.7027027027027027,0.0869182934482401
input_hyperexcitable,memantine,250,20261212,10.8,1.6,24.6,22.8,0.13043478260869568,0.0731707317073171,0.8518518518518519,0.08489943085937093
input_hyperexcitable,memantine,250,20261213,11.1,1.7,25.7,23.1,0.17808219178082174,0.1011673151750972,0.8468468468468469,0.11806930905725779
input_hyperexcitable,memantine,250,20261214,11.5,2.9,25.2,23.0,0.16058394160583933,0.08730158730158727,0.7478260869565218,0.1152000291415093
input_hyperexcitable,memantine,250,20261215,10.9,2.4,24.4,22.5,0.1407407407407406,0.07786885245901634,0.7798165137614679,0.09859106653540227
input_hyperexcitable,memantine,250,20261216,11.2,2.8,22.6,20.2,0.21052631578947378,0.10619469026548681,0.7499999999999999,0.13972985561248266
input_hyperexcitable,memantine,250,20261217,10.7,2.2,24.9,22.3,0.18309859154929564,0.10441767068273085,0.7943925233644861,0.1298093500993633
input_hyperexcitable,memantine,250,20261218,11.0,3.2,25.6,23.1,0.17123287671232879,0.09765625,0.7090909090909091,0.13580515170670038
input_hyperexcitable,memantine,250,20261219,11.4,3.7,25.5,22.8,0.1914893617021276,0.10588235294117644,0.6754385964912281,0.15447387042864236
input_hyperexcitable,memantine,350,20261200,12.0,1.0,24.1,21.0,0.25619834710743805,0.12863070539419091,0.9166666666666666,0.1388101137347384
input_hyperexcitable,memantine,350,20261201,10.5,1.2,23.1,19.9,0.2539682539682542,0.13852813852813864,0.8857142857142858,0.15465661398675765
input_hyperexcitable,memantine,350,20261202,10.8,0.8,25.2,21.4,0.26388888888888895,0.1507936507936508,0.9259259259259258,0.16111707841031153
input_hyperexcitable,memantine,350,20261203,11.5,1.1,25.3,21.3,0.28985507246376807,0.15810276679841898,0.9043478260869565,0.17291315436821855
input_hyperexcitable,memantine,350,20261204,11.4,0.9,25.5,21.3,0.2978723404255319,0.16470588235294115,0.9210526315789473,0.17690286968376948
input_hyperexcitable,memantine,350,20261205,11.0,1.4,25.6,21.6,0.273972602739726,0.15625,0.8727272727272727,0.17700823892893924
input_hyperexcitable,memantine,350,20261206,11.4,0.8,25.6,22.1,0.24647887323943662,0.13671875,0.9298245614035087,0.1454726292701139
input_hyperexcitable,memantine,350,20261207,11.3,1.2,24.3,21.6,0.20769230769230762,0.11111111111111108,0.8938053097345133,0.12293699750862186
input_hyperexcitable,memantine,350,20261208,11.1,1.0,22.5,20.0,0.2192982456140351,0.1111111111111111,0.9099099099099099,0.12078477458949498
input_hyperexcitable,memantine,350,20261209,11.3,1.2,25.2,21.4,0.27338129496402885,0.1507936507936508,0.8938053097345133,0.16684306804741544
input_hyperexcitable,memantine,350,20261210,11.0,0.9,24.6,21.5,0.2279411764705883,0.12601626016260167,0.9181818181818181,0.1357667837207266
input_hyperexcitable,memantine,350,20261211,7.4,0.9,22.6,19.5,0.20394736842105277,0.1371681415929204,0.8783783783783783,0.1544028365968377
input_hyperexcitable,memantine,350,20261212,10.8,0.7,24.6,21.1,0.2536231884057971,0.14227642276422764,0.9351851851851852,0.1505275632693631
input_hyperexcitable,memantine,350,20261213,11.1,0.9,25.7,22.1,0.2465753424657533,0.14007782101167307,0.9189189189189189,0.15079660684992446
input_hyperexcitable,memantine,350,20261214,11.5,0.9,25.2,21.7,0.25547445255474455,0.1388888888888889,0.9217391304347826,0.1490641364649764
input_hyperexcitable,memantine,350,20261215,10.9,0.8,24.4,21.0,0.25185185185185177,0.13934426229508193,0.9266055045871558,0.1487758310330486
input_hyperexcitable,memantine,350,20261216,11.2,1.5,22.6,18.9,0.32456140350877216,0.16371681415929215,0.8660714285714286,0.18687610258704362
input_hyperexcitable,memantine,350,20261217,10.7,0.6,24.9,20.8,0.288732394366197,0.16465863453815252,0.9439252336448598,0.17261167723701695
input_hyperexcitable,memantine,350,20261218,11.0,0.9,25.6,21.9,0.2534246575342467,0.1445312500000001,0.9181818181818181,0.15571437316356526
input_hyperexcitable,memantine,350,20261219,11.4,0.8,25.5,21.8,0.26241134751773043,0.14509803921568626,0.9298245614035087,0.1543884307503102
input_hyperexcitable,memantine,500,20261200,12.0,0.7,24.1,17.3,0.5619834710743802,0.2821576763485477,0.9416666666666668,0.29648792611055796
input_hyperexcitable,memantine,500,20261201,10.5,0.4,23.1,16.3,0.5396825396825397,0.2943722943722944,0.9619047619047618,0.30288183154425197
input_hyperexcitable,memantine,500,20261202,10.8,0.5,25.2,17.5,0.5347222222222222,0.3055555555555555,0.9537037037037037,0.3170637970791698
input_hyperexcitable,memantine,500,20261203,11.5,0.8,25.3,17.7,0.5507246376811594,0.3003952569169961,0.9304347826086956,0.31942167864497967
input_hyperexcitable,memantine,500,20261204,11.4,0.4,25.5,17.5,0.5673758865248227,0.3137254901960784,0.9649122807017544,0.32179868528300287
input_hyperexcitable,memantine,500,20261205,11.0,0.4,25.6,18.1,0.5136986301369862,0.29296875,0.9636363636363636,0.3009016106442577
input_hyperexcitable,memantine,500,20261206,11.4,0.6,25.6,18.1,0.528169014084507,0.29296875,0.9473684210526316,0.3060146371632765
input_hyperexcitable,memantine,500,20261207,11.3,0.7,24.3,17.2,0.5461538461538462,0.2921810699588478,0.9380530973451328,0.30819061799075703
input_hyperexcitable,memantine,500,20261208,11.1,0.7,22.5,15.9,0.5789473684210527,0.29333333333333333,0.936936936936937,0.3097707163923508
input_hyperexcitable,memantine,500,20261209,11.3,0.5,25.2,17.4,0.5611510791366907,0.30952380952380953,0.9557522123893806,0.3205002334480938
input_hyperexcitable,memantine,500,20261210,11.0,0.4,24.6,17.7,0.5073529411764707,0.28048780487804886,0.9636363636363636,0.28808271275990077
input_hyperexcitable,memantine,500,20261211,7.4,0.5,22.6,16.2,0.42105263157894746,0.28318584070796465,0.9324324324324325,0.30048397207326333
input_hyperexcitable,memantine,500,20261212,10.8,0.3,24.6,16.9,0.5579710144927539,0.3130081300813009,0.9722222222222222,0.3186734356031344
input_hyperexcitable,memantine,500,20261213,11.1,0.5,25.7,17.9,0.5342465753424659,0.30350194552529186,0.954954954954955,0.31452446973492104
input_hyperexcitable,memantine,500,20261214,11.5,0.4,25.2,17.6,0.5547445255474451,0.3015873015873015,0.9652173913043478,0.3092513569553248
input_hyperexcitable,memantine,500,20261215,10.9,0.4,24.4,17.7,0.49629629629629635,0.2745901639344262,0.963302752293578,0.28212204608212327
input_hyperexcitable,memantine,500,20261216,11.2,0.7,22.6,16.0,0.5789473684210527,0.29203539823008856,0.9375000000000001,0.30821677913465806
input_hyperexcitable,memantine,500,20261217,10.7,0.4,24.9,17.2,0.5422535211267605,0.3092369477911647,0.9626168224299065,0.3179432441016106
input_hyperexcitable,memantine,500,20261218,11.0,0.4,25.6,16.9,0.5958904109589043,0.3398437500000001,0.9636363636363636,0.34904586834733903
input_hyperexcitable,memantine,500,20261219,11.4,0.3,25.5,17.6,0.5602836879432623,0.3098039215686274,0.9736842105263157,0.31494245638330237
input_hyperexcitable,diazepam,0,20261200,12.0,12.0,24.1,24.1,0.0,0.0,0.0,0.0
input_hyperexcitable,diazepam,0,20261201,10.5,10.5,23.1,23.1,0.0,0.0,0.0,0.0
input_hyperexcitable,diazepam,0,20261202,10.8,10.8,25.2,25.2,0.0,0.0,0.0,0.0
input_hyperexcitable,diazepam,0,20261203,11.5,11.5,25.3,25.3,0.0,0.0,0.0,0.0
input_hyperexcitable,diazepam,0,20261204,11.4,11.4,25.5,25.5,0.0,0.0,0.0,0.0
input_hyperexcitable,diazepam,0,20261205,11.0,11.0,25.6,25.6,0.0,0.0,0.0,0.0
input_hyperexcitable,diazepam,0,20261206,11.4,11.4,25.6,25.6,0.0,0.0,0.0,0.0
input_hyperexcitable,diazepam,0,20261207,11.3,11.3,24.3,24.3,0.0,0.0,0.0,0.0
input_hyperexcitable,diazepam,0,20261208,11.1,11.1,22.5,22.5,0.0,0.0,0.0,0.0
input_hyperexcitable,diazepam,0,20261209,11.3,11.3,25.2,25.2,0.0,0.0,0.0,0.0
input_hyperexcitable,diazepam,0,20261210,11.0,11.0,24.6,24.6,0.0,0.0,0.0,0.0
input_hyperexcitable,diazepam,0,20261211,7.4,7.4,22.6,22.6,0.0,0.0,0.0,0.0
input_hyperexcitable,diazepam,0,20261212,10.8,10.8,24.6,24.6,0.0,0.0,0.0,0.0
input_hyperexcitable,diazepam,0,20261213,11.1,11.1,25.7,25.7,0.0,0.0,0.0,0.0
input_hyperexcitable,diazepam,0,20261214,11.5,11.5,25.2,25.2,0.0,0.0,0.0,0.0
input_hyperexcitable,diazepam,0,20261215,10.9,10.9,24.4,24.4,0.0,0.0,0.0,0.0
input_hyperexcitable,diazepam,0,20261216,11.2,11.2,22.6,22.6,0.0,0.0,0.0,0.0
input_hyperexcitable,diazepam,0,20261217,10.7,10.7,24.9,24.9,0.0,0.0,0.0,0.0
input_hyperexcitable,diazepam,0,20261218,11.0,11.0,25.6,25.6,0.0,0.0,0.0,0.0
input_hyperexcitable,diazepam,0,20261219,11.4,11.4,25.5,25.5,0.0,0.0,0.0,0.0
input_hyperexcitable,diazepam,2.5,20261200,12.0,11.9,24.1,23.9,0.01652892561983499,0.00829875518672211,0.008333333333333304,0.4526593738212067
input_hyperexcitable,diazepam,2.5,20261201,10.5,9.8,23.1,23.0,0.00793650793650802,0.004329004329004391,0.0666666666666666,0.05646527385657906
input_hyperexcitable,diazepam,2.5,20261202,10.8,10.3,25.2,25.0,0.01388888888888884,0.007936507936507908,0.046296296296296294,0.14097744360902206
input_hyperexcitable,diazepam,2.5,20261203,11.5,11.5,25.3,25.2,0.007246376811594346,0.00395256916996053,0.0,0.39525691699605303
input_hyperexcitable,diazepam,2.5,20261204,11.4,11.0,25.5,25.2,0.021276595744680882,0.011764705882352969,0.03508771929824565,0.2609292744335092
input_hyperexcitable,diazepam,2.5,20261205,11.0,10.8,25.6,25.2,0.027397260273972712,0.015625000000000083,0.01818181818181812,0.5544354838709719
input_hyperexcitable,diazepam,2.5,20261206,11.4,10.9,25.6,25.2,0.028169014084507227,0.015625000000000083,0.043859649122807015,0.29010586319218395
input_hyperexcitable,diazepam,2.5,20261207,11.3,11.0,24.3,24.3,0.0,0.0,0.026548672566371743,0.0
input_hyperexcitable,diazepam,2.5,20261208,11.1,10.9,22.5,22.3,0.01754385964912275,0.008888888888888858,0.018018018018017955,0.3172561629153265
input_hyperexcitable,diazepam,2.5,20261209,11.3,11.1,25.2,25.0,0.014388489208633004,0.007936507936507908,0.01769911504424788,0.2865256858867063
input_hyperexcitable,diazepam,2.5,20261210,11.0,10.7,24.6,24.5,0.007352941176470673,0.004065040650406562,0.027272727272727337,0.10906206623041975
input_hyperexcitable,diazepam,2.5,20261211,7.4,7.3,22.6,22.5,0.006578947368421129,0.004424778761062009,0.013513513513513585,0.18818024616010787
input_hyperexcitable,diazepam,2.5,20261212,10.8,10.4,24.6,24.5,0.007246376811594346,0.004065040650406562,0.03703703703703707,0.08642212406376149
input_hyperexcitable,diazepam,2.5,20261213,11.1,10.8,25.7,25.5,0.013698630136986245,0.0077821011673151474,0.02702702702702693,0.2101735351756651
input_hyperexcitable,diazepam,2.5,20261214,11.5,11.3,25.2,25.0,0.014598540145985384,0.007936507936507908,0.017391304347826025,0.28974552784076557
input_hyperexcitable,diazepam,2.5,20261215,10.9,10.3,24.4,24.3,0.007407407407407196,0.0040983606557376175,0.055045871559632996,0.06300723716155156
input_hyperexcitable,diazepam,2.5,20261216,11.2,11.1,22.6,22.6,0.0,0.0,0.008928571428571397,0.0
input_hyperexcitable,diazepam,2.5,20261217,10.7,10.3,24.9,24.5,0.028169014084506894,0.016064257028112393,0.03738317757009333,0.33902869862091334
input_hyperexcitable,diazepam,2.5,20261218,11.0,10.5,25.6,25.4,0.013698630136986467,0.007812500000000111,0.045454545454545456,0.1408811475409856
input_hyperexcitable,diazepam,2.5,20261219,11.4,11.1,25.5,25.2,0.021276595744680882,0.011764705882352969,0.02631578947368427,0.3239556692242116
input_hyperexcitable,diazepam,5,20261200,12.0,11.4,24.1,23.8,0.024793388429752095,0.012448132780083016,0.04999999999999997,0.20746887966805036
input_hyperexcitable,diazepam,5,20261201,10.5,9.6,23.1,22.8,0.023809523809523836,0.012987012987013017,0.08571428571428574,0.13568521031207625
input_hyperexcitable,diazepam,5,20261202,10.8,9.9,25.2,24.6,0.04166666666666652,0.023809523809523725,0.08333333333333336,0.2551020408163256
input_hyperexcitable,diazepam,5,20261203,11.5,10.9,25.3,25.0,0.021739130434782705,0.01185770750988145,0.05217391304347823,0.19071837253655488
input_hyperexcitable,diazepam,5,20261204,11.4,10.6,25.5,25.2,0.021276595744680882,0.011764705882352969,0.0701754385964913,0.14673703179302378
input_hyperexcitable,diazepam,5,20261205,11.0,10.0,25.6,25.1,0.03424657534246578,0.01953125,0.09090909090909091,0.19355292792792794
input_hyperexcitable,diazepam,5,20261206,11.4,10.4,25.6,25.0,0.04225352112676062,0.023437500000000056,0.08771929824561403,0.2398451526032322
input_hyperexcitable,diazepam,5,20261207,11.3,10.6,24.3,24.2,0.007692307692307776,0.004115226337448618,0.061946902654867346,0.05719810284522672
input_hyperexcitable,diazepam,5,20261208,11.1,10.2,22.5,22.2,0.026315789473684292,0.013333333333333365,0.08108108108108111,0.1463897131552921
input_hyperexcitable,diazepam,5,20261209,11.3,10.4,25.2,24.7,0.03597122302158273,0.01984126984126984,0.07964601769911507,0.22132907127971288
input_hyperexcitable,diazepam,5,20261210,11.0,10.2,24.6,24.4,0.014705882352941346,0.008130081300813123,0.0727272727272728,0.09827570803180692
input_hyperexcitable,diazepam,5,20261211,7.4,7.2,22.6,22.3,0.019736842105263164,0.013274336283185872,0.02702702702702705,0.358503972611589
input_hyperexcitable,diazepam,5,20261212,10.8,9.8,24.6,24.4,0.014492753623188581,0.008130081300813123,0.09259259259259259,0.07924627982742034
input_hyperexcitable,diazepam,5,20261213,11.1,10.2,25.7,25.2,0.03424657534246578,0.019455252918287938,0.08108108108108111,0.2136036670553868
input_hyperexcitable,diazepam,5,20261214,11.5,10.8,25.2,24.9,0.021897810218978186,0.011904761904761934,0.060869565217391244,0.16798130295062866
input_hyperexcitable,diazepam,5,20261215,10.9,9.7,24.4,24.1,0.022222222222222032,0.012295081967212998,0.11009174311926614,0.10238074365364522
input_hyperexcitable,diazepam,5,20261216,11.2,10.3,22.6,22.5,0.008771929824561542,0.004424778761062009,0.08035714285714274,0.04896988352163495
input_hyperexcitable,diazepam,5,20261217,10.7,9.8,24.9,24.4,0.035211267605633756,0.020080321285140562,0.08411214953271015,0.2133658766147014
input_hyperexcitable,diazepam,5,20261218,11.0,9.9,25.6,25.0,0.04109589041095896,0.023437500000000056,0.09999999999999996,0.2130681818181824
input_hyperexcitable,diazepam,5,20261219,11.4,10.5,25.5,25.1,0.028368794326241065,0.015686274509803866,0.07894736842105265,0.17635456549483633
input_hyperexcitable,diazepam,7.5,20261200,12.0,10.8,24.1,23.8,0.024793388429752095,0.012448132780083016,0.09999999999999994,0.11316484345530022
input_hyperexcitable,diazepam,7.5,20261201,10.5,9.0,23.1,22.6,0.03968253968253965,0.021645021645021644,0.14285714285714285,0.14160294534126308
input_hyperexcitable,diazepam,7.5,20261202,10.8,9.2,25.2,24.5,0.04861111111111105,0.027777777777777752,0.14814814814814828,0.1756440281030442
input_hyperexcitable,diazepam,7.5,20261203,11.5,0.0,25.3,24.9,0.02898550724637694,0.01581027667984198,1.0,0.01565373928697226
input_hyperexcitable,diazepam,7.5,20261204,11.4,0.0,25.5,24.8,0.049645390070921946,0.027450980392156835,1.0,0.027179188507085974
input_hyperexcitable,diazepam,7.5,20261205,11.0,9.4,25.6,25.1,0.03424657534246578,0.01953125,0.14545454545454542,0.12563961988304095
input_hyperexcitable,diazepam,7.5,20261206,11.4,0.0,25.6,24.8,0.05633802816901412,0.03125000000000003,1.0,0.030940594059405968
input_hyperexcitable,diazepam,7.5,20261207,11.3,10.3,24.3,23.9,0.030769230769230882,0.016460905349794327,0.08849557522123894,0.16712329780114638
input_hyperexcitable,diazepam,7.5,20261208,11.1,9.9,22.5,22.4,0.008771929824561542,0.004444444444444508,0.10810810810810804,0.03763030765319151
input_hyperexcitable,diazepam,7.5,20261209,11.3,0.0,25.2,24.4,0.05755395683453246,0.03174603174603177,1.0,0.031431714600031455
input_hyperexcitable,diazepam,7.5,20261210,11.0,9.4,24.6,24.4,0.014705882352941346,0.008130081300813123,0.14545454545454542,0.052298768601721855
input_hyperexcitable,diazepam,7.5,20261211,7.4,7.1,22.6,22.4,0.013157894736842257,0.008849557522124019,0.04054054054054063,0.1750981969618118
input_hyperexcitable,diazepam,7.5,20261212,10.8,9.6,24.6,24.3,0.021739130434782705,0.01219512195121954,0.1111111111111112,0.10069366748713375
input_hyperexcitable,diazepam,7.5,20261213,11.1,9.6,25.7,25.0,0.047945205479452024,0.027237354085603085,0.13513513513513514,0.18766892014288902
input_hyperexcitable,diazepam,7.5,20261214,11.5,10.2,25.2,24.7,0.03649635036496346,0.01984126984126984,0.11304347826086962,0.1612541365191541
input_hyperexcitable,diazepam,7.5,20261215,10.9,8.4,24.4,24.0,0.02962962962962956,0.01639344262295076,0.2293577981651376,0.06848927734387249
input_hyperexcitable,diazepam,7.5,20261216,11.2,9.8,22.6,22.4,0.017543859649123084,0.008849557522124019,0.12499999999999988,0.06555227794165946
input_hyperexcitable,diazepam,7.5,20261217,10.7,0.0,24.9,24.1,0.0563380281690139,0.032128514056224786,1.0,0.0318104099566582
input_hyperexcitable,diazepam,7.5,20261218,11.0,9.5,25.6,25.0,0.04109589041095896,0.023437500000000056,0.13636363636363635,0.16013198757764013
input_hyperexcitable,diazepam,7.5,20261219,11.4,10.1,25.5,24.9,0.042553191489361764,0.023529411764705938,0.11403508771929831,0.18969964223313124
input_hyperexcitable,diazepam,10,20261200,12.0,0.4,24.1,23.7,0.033057851239669644,0.01659751037344407,0.9666666666666667,0.016994037925028058
input_hyperexcitable,diazepam,10,20261201,10.5,0.0,23.1,22.6,0.03968253968253965,0.021645021645021644,1.0,0.02143071450002143
input_hyperexcitable,diazepam,10,20261202,10.8,0.0,25.2,24.3,0.06249999999999989,0.03571428571428566,1.0,0.035360678925035305
input_hyperexcitable,diazepam,10,20261203,11.5,0.0,25.3,24.7,0.0434782608695653,0.0237154150197629,1.0,0.023480608930458318
input_hyperexcitable,diazepam,10,20261204,11.4,0.0,25.5,24.7,0.05673758865248235,0.03137254901960787,1.0,0.03106192972238403
input_hyperexcitable,diazepam,10,20261205,11.0,0.0,25.6,25.1,0.03424657534246578,0.01953125,1.0,0.019337871287128713
input_hyperexcitable,diazepam,10,20261206,11.4,0.0,25.6,24.8,0.05633802816901412,0.03125000000000003,1.0,0.030940594059405968
input_hyperexcitable,diazepam,10,20261207,11.3,0.0,24.3,23.9,0.030769230769230882,0.016460905349794327,1.0,0.016297926088905273
input_hyperexcitable,diazepam,10,20261208,11.1,9.3,22.5,22.3,0.01754385964912275,0.008888888888888858,0.16216216216216206,0.05163090877376576
input_hyperexcitable,diazepam,10,20261209,11.3,0.0,25.2,24.4,0.05755395683453246,0.03174603174603177,1.0,0.031431714600031455
input_hyperexcitable,diazepam,10,20261210,11.0,9.4,24.6,24.7,-0.00735294117647034,-0.004065040650406417,0.14545454545454542,-0.026149384300859994
input_hyperexcitable,diazepam,10,20261211,7.4,0.0,22.6,22.4,0.013157894736842257,0.008849557522124019,1.0,0.00876193814071685
input_hyperexcitable,diazepam,10,20261212,10.8,0.0,24.6,24.9,-0.021739130434782483,-0.012195121951219396,1.0,-0.012074378169524155
input_hyperexcitable,diazepam,10,20261213,11.1,0.0,25.7,24.8,0.06164383561643827,0.03501945525291823,1.0,0.03467272797318637
input_hyperexcitable,diazepam,10,20261214,11.5,0.0,25.2,24.7,0.03649635036496346,0.01984126984126984,1.0,0.019644821625019643
input_hyperexcitable,diazepam,10,20261215,10.9,3.9,24.4,23.9,0.03703703703703709,0.020491803278688527,0.6422018348623852,0.031419419853383736
input_hyperexcitable,diazepam,10,20261216,11.2,9.6,22.6,22.5,0.008771929824561542,0.004424778761062009,0.14285714285714282,0.02894715077330287
input_hyperexcitable,diazepam,10,20261217,10.7,0.0,24.9,24.0,0.06338028169014076,0.036144578313252955,1.0,0.03578671120124055
input_hyperexcitable,diazepam,10,20261218,11.0,0.0,25.6,24.8,0.0547945205479452,0.03125000000000003,1.0,0.030940594059405968
input_hyperexcitable,diazepam,10,20261219,11.4,0.0,25.5,24.8,0.049645390070921946,0.027450980392156835,1.0,0.027179188507085974
input_hyperexcitable,diazepam,12.5,20261200,12.0,0.4,24.1,23.6,0.04132231404958675,0.02074688796680498,0.9666666666666667,0.02124254740628496
input_hyperexcitable,diazepam,12.5,20261201,10.5,0.0,23.1,22.5,0.04761904761904767,0.025974025974026035,1.0,0.025716857400025776
input_hyperexcitable,diazepam,12.5,20261202,10.8,0.0,25.2,24.2,0.06944444444444442,0.03968253968253968,1.0,0.03928964325003929
input_hyperexcitable,diazepam,12.5,20261203,11.5,0.0,25.3,24.7,0.0434782608695653,0.0237154150197629,1.0,0.023480608930458318
input_hyperexcitable,diazepam,12.5,20261204,11.4,0.0,25.5,24.7,0.05673758865248235,0.03137254901960787,1.0,0.03106192972238403
input_hyperexcitable,diazepam,12.5,20261205,11.0,0.0,25.6,25.0,0.04109589041095896,0.023437500000000056,1.0,0.02320544554455451
input_hyperexcitable,diazepam,12.5,20261206,11.4,0.0,25.6,24.6,0.07042253521126762,0.0390625,1.0,0.038675742574257425
input_hyperexcitable,diazepam,12.5,20261207,11.3,0.0,24.3,23.9,0.030769230769230882,0.016460905349794327,1.0,0.016297926088905273
input_hyperexcitable,diazepam,12.5,20261208,11.1,0.0,22.5,22.3,0.01754385964912275,0.008888888888888858,1.0,0.00880088008800877
input_hyperexcitable,diazepam,12.5,20261209,11.3,0.0,25.2,24.3,0.06474820143884885,0.03571428571428566,1.0,0.035360678925035305
input_hyperexcitable,diazepam,12.5,20261210,11.0,9.1,24.6,24.7,-0.00735294117647034,-0.004065040650406417,0.17272727272727276,-0.022246491121627153
input_hyperexcitable,diazepam,12.5,20261211,7.4,0.0,22.6,22.3,0.019736842105263164,0.013274336283185872,1.0,0.01314290721107512
input_hyperexcitable,diazepam,12.5,20261212,10.8,0.0,24.6,24.9,-0.021739130434782483,-0.012195121951219396,1.0,-0.012074378169524155
input_hyperexcitable,diazepam,12.5,20261213,11.1,0.0,25.7,24.7,0.06849315068493156,0.038910505836575876,1.0,0.03852525330354047
input_hyperexcitable,diazepam,12.5,20261214,11.5,0.0,25.2,24.7,0.03649635036496346,0.01984126984126984,1.0,0.019644821625019643
input_hyperexcitable,diazepam,12.5,20261215,10.9,3.8,24.4,24.1,0.022222222222222032,0.012295081967212998,0.6513761467889908,0.01859015029027905
input_hyperexcitable,diazepam,12.5,20261216,11.2,9.5,22.6,22.5,0.008771929824561542,0.004424778761062009,0.15178571428571422,0.027349625896189028
input_hyperexcitable,diazepam,12.5,20261217,10.7,0.0,24.9,23.9,0.07042253521126762,0.040160642570281124,1.0,0.03976301244582289
input_hyperexcitable,diazepam,12.5,20261218,11.0,0.0,25.6,24.8,0.0547945205479452,0.03125000000000003,1.0,0.030940594059405968
input_hyperexcitable,diazepam,12.5,20261219,11.4,0.0,25.5,25.0,0.03546099290780147,0.0196078431372549,1.0,0.01941370607649
input_hyperexcitable,diazepam,15,20261200,12.0,0.4,24.1,23.5,0.04958677685950419,0.024896265560166032,0.9666666666666667,0.025491056887542014
input_hyperexcitable,diazepam,15,20261201,10.5,0.0,23.1,22.4,0.0555555555555558,0.030303030303030425,1.0,0.030003000300030124
input_hyperexcitable,diazepam,15,20261202,10.8,0.0,25.2,24.1,0.07638888888888873,0.043650793650793565,1.0,0.04321860757504313
input_hyperexcitable,diazepam,15,20261203,11.5,0.0,25.3,24.5,0.05797101449275366,0.03162055335968382,1.0,0.03130747857394438
input_hyperexcitable,diazepam,15,20261204,11.4,0.0,25.5,24.7,0.05673758865248235,0.03137254901960787,1.0,0.03106192972238403
input_hyperexcitable,diazepam,15,20261205,11.0,0.0,25.6,25.0,0.04109589041095896,0.023437500000000056,1.0,0.02320544554455451
input_hyperexcitable,diazepam,15,20261206,11.4,0.0,25.6,24.6,0.07042253521126762,0.0390625,1.0,0.038675742574257425
input_hyperexcitable,diazepam,15,20261207,11.3,0.0,24.3,24.1,0.01538461538461533,0.00823045267489709,1.0,0.008148963044452565
input_hyperexcitable,diazepam,15,20261208,11.1,0.0,22.5,22.4,0.008771929824561542,0.004444444444444508,1.0,0.004400440044004463
input_hyperexcitable,diazepam,15,20261209,11.3,0.0,25.2,24.3,0.06474820143884885,0.03571428571428566,1.0,0.035360678925035305
input_hyperexcitable,diazepam,15,20261210,11.0,0.0,24.6,24.6,0.0,0.0,1.0,0.0
input_hyperexcitable,diazepam,15,20261211,7.4,0.0,22.6,22.3,0.019736842105263164,0.013274336283185872,1.0,0.01314290721107512
input_hyperexcitable,diazepam,15,20261212,10.8,0.0,24.6,24.8,-0.014492753623188248,-0.00813008130081298,1.0,-0.008049585446349485
input_hyperexcitable,diazepam,15,20261213,11.1,0.0,25.7,24.7,0.06849315068493156,0.038910505836575876,1.0,0.03852525330354047
input_hyperexcitable,diazepam,15,20261214,11.5,0.0,25.2,24.7,0.03649635036496346,0.01984126984126984,1.0,0.019644821625019643
input_hyperexcitable,diazepam,15,20261215,10.9,3.7,24.4,24.0,0.02962962962962956,0.01639344262295076,0.6605504587155964,0.024447739032721752
input_hyperexcitable,diazepam,15,20261216,11.2,0.0,22.6,22.4,0.017543859649123084,0.008849557522124019,1.0,0.00876193814071685
input_hyperexcitable,diazepam,15,20261217,10.7,0.0,24.9,23.9,0.07042253521126762,0.040160642570281124,1.0,0.03976301244582289
input_hyperexcitable,diazepam,15,20261218,11.0,0.0,25.6,24.6,0.06849315068493145,0.0390625,1.0,0.038675742574257425
input_hyperexcitable,diazepam,15,20261219,11.4,0.0,25.5,25.0,0.03546099290780147,0.0196078431372549,1.0,0.01941370607649
input_hyperexcitable,diazepam,20,20261200,12.0,0.4,24.1,23.0,0.09090909090909105,0.04564315352697101,0.9666666666666667,0.04673360429382697
input_hyperexcitable,diazepam,20,20261201,10.5,0.0,23.1,22.1,0.0793650793650793,0.04329004329004329,1.0,0.04286142900004286
input_hyperexcitable,diazepam,20,20261202,10.8,0.0,25.2,23.8,0.0972222222222221,0.055555555555555504,1.0,0.05500550055005495
input_hyperexcitable,diazepam,20,20261203,11.5,0.0,25.3,24.5,0.05797101449275366,0.03162055335968382,1.0,0.03130747857394438
input_hyperexcitable,diazepam,20,20261204,11.4,0.0,25.5,24.6,0.06382978723404242,0.03529411764705877,1.0,0.03494467093768195
input_hyperexcitable,diazepam,20,20261205,11.0,0.0,25.6,24.8,0.0547945205479452,0.03125000000000003,1.0,0.030940594059405968
input_hyperexcitable,diazepam,20,20261206,11.4,0.0,25.6,24.7,0.06338028169014098,0.03515625000000008,1.0,0.03480816831683176
input_hyperexcitable,diazepam,20,20261207,11.3,0.0,24.3,23.6,0.053846153846153766,0.028806584362139887,1.0,0.028521370655584046
input_hyperexcitable,diazepam,20,20261208,11.1,0.0,22.5,22.2,0.026315789473684292,0.013333333333333365,1.0,0.013201320132013233
input_hyperexcitable,diazepam,20,20261209,11.3,0.0,25.2,24.1,0.07913669064748186,0.043650793650793565,1.0,0.04321860757504313
input_hyperexcitable,diazepam,20,20261210,11.0,0.0,24.6,24.4,0.014705882352941346,0.008130081300813123,1.0,0.008049585446349627
input_hyperexcitable,diazepam,20,20261211,7.4,0.0,22.6,22.0,0.03947368421052644,0.026548672566371743,1.0,0.02628581442215024
input_hyperexcitable,diazepam,20,20261212,10.8,0.0,24.6,24.7,-0.007246376811594013,-0.004065040650406417,1.0,-0.0040247927231746704
input_hyperexcitable,diazepam,20,20261213,11.1,0.0,25.7,24.7,0.06849315068493156,0.038910505836575876,1.0,0.03852525330354047
input_hyperexcitable,diazepam,20,20261214,11.5,0.0,25.2,24.5,0.05109489051094884,0.027777777777777752,1.0,0.027502750275027476
input_hyperexcitable,diazepam,20,20261215,10.9,3.4,24.4,23.9,0.03703703703703709,0.020491803278688527,0.6880733944954128,0.029354797705047304
input_hyperexcitable,diazepam,20,20261216,11.2,0.0,22.6,22.1,0.04385964912280704,0.022123893805309734,1.0,0.021904845351791817
input_hyperexcitable,diazepam,20,20261217,10.7,0.0,24.9,23.7,0.08450704225352113,0.048192771084337324,1.0,0.04771561493498745
input_hyperexcitable,diazepam,20,20261218,11.0,0.0,25.6,24.6,0.06849315068493145,0.0390625,1.0,0.038675742574257425
input_hyperexcitable,diazepam,20,20261219,11.4,0.0,25.5,24.9,0.042553191489361764,0.023529411764705938,1.0,0.023296447291788057
input_hyperexcitable,diazepam,30,20261200,12.0,0.4,24.1,23.2,0.0743801652892564,0.03734439834024905,0.9666666666666667,0.03823658533131302
input_hyperexcitable,diazepam,30,20261201,10.5,0.0,23.1,21.8,0.10317460317460325,0.05627705627705631,1.0,0.05571985770005575
input_hyperexcitable,diazepam,30,20261202,10.8,0.0,25.2,23.5,0.11805555555555547,0.06746031746031743,1.0,0.06679239352506676
input_hyperexcitable,diazepam,30,20261203,11.5,0.0,25.3,24.5,0.05797101449275366,0.03162055335968382,1.0,0.03130747857394438
input_hyperexcitable,diazepam,30,20261204,11.4,0.0,25.5,24.3,0.0851063829787233,0.047058823529411736,1.0,0.046592894583575975
input_hyperexcitable,diazepam,30,20261205,11.0,0.0,25.6,24.3,0.08904109589041098,0.05078125000000003,1.0,0.05027846534653468
input_hyperexcitable,diazepam,30,20261206,11.4,0.0,25.6,24.2,0.09859154929577474,0.05468750000000008,1.0,0.05414603960396048
input_hyperexcitable,diazepam,30,20261207,11.3,0.0,24.3,23.5,0.06153846153846154,0.03292181069958851,1.0,0.03259585217781041
input_hyperexcitable,diazepam,30,20261208,11.1,0.0,22.5,22.0,0.04385964912280704,0.022222222222222223,1.0,0.022002200220022004
input_hyperexcitable,diazepam,30,20261209,11.3,0.0,25.2,23.7,0.1079136690647482,0.05952380952380953,1.0,0.05893446487505894
input_hyperexcitable,diazepam,30,20261210,11.0,0.0,24.6,24.1,0.03676470588235292,0.02032520325203252,1.0,0.02012396361587378
input_hyperexcitable,diazepam,30,20261211,7.4,0.0,22.6,21.9,0.04605263157894757,0.030973451327433753,1.0,0.030666783492508665
input_hyperexcitable,diazepam,30,20261212,10.8,0.0,24.6,24.3,0.021739130434782705,0.01219512195121954,1.0,0.012074378169524298
input_hyperexcitable,diazepam,30,20261213,11.1,0.0,25.7,24.4,0.08904109589041098,0.05058365758754867,1.0,0.05008282929460264
input_hyperexcitable,diazepam,30,20261214,11.5,0.0,25.2,24.4,0.058394160583941646,0.03174603174603177,1.0,0.031431714600031455
input_hyperexcitable,diazepam,30,20261215,10.9,3.2,24.4,23.7,0.051851851851851816,0.028688524590163907,0.7064220183486238,0.04004416929604131
input_hyperexcitable,diazepam,30,20261216,11.2,0.0,22.6,22.1,0.04385964912280704,0.022123893805309734,1.0,0.021904845351791817
input_hyperexcitable,diazepam,30,20261217,10.7,0.0,24.9,23.3,0.11267605633802802,0.06425702811244972,1.0,0.06362081991331656
input_hyperexcitable,diazepam,30,20261218,11.0,0.0,25.6,24.1,0.10273972602739723,0.05859375,1.0,0.05801361386138614
input_hyperexcitable,diazepam,30,20261219,11.4,0.0,25.5,24.4,0.07801418439716323,0.04313725490196084,1.0,0.04271015336827806
input_hyperexcitable,diazepam,60,20261200,12.0,0.3,24.1,22.8,0.1074380165289257,0.05394190871369297,0.975,0.05476335910019591
input_hyperexcitable,diazepam,60,20261201,10.5,0.0,23.1,21.2,0.15079365079365092,0.08225108225108234,1.0,0.08143671510008152
input_hyperexcitable,diazepam,60,20261202,10.8,0.0,25.2,23.1,0.14583333333333315,0.08333333333333325,1.0,0.08250825082508242
input_hyperexcitable,diazepam,60,20261203,11.5,0.0,25.3,23.9,0.10144927536231896,0.05533596837944672,1.0,0.05478808750440269
input_hyperexcitable,diazepam,60,20261204,11.4,0.0,25.5,23.7,0.12765957446808518,0.07058823529411767,1.0,0.06988934187536404
input_hyperexcitable,diazepam,60,20261205,11.0,0.0,25.6,23.9,0.1164383561643837,0.06640625000000011,1.0,0.06574876237623774
input_hyperexcitable,diazepam,60,20261206,11.4,0.0,25.6,23.6,0.14084507042253525,0.078125,1.0,0.07735148514851485
input_hyperexcitable,diazepam,60,20261207,11.3,0.0,24.3,23.0,0.10000000000000009,0.0534979423868313,1.0,0.05296825978894188
input_hyperexcitable,diazepam,60,20261208,11.1,0.0,22.5,21.0,0.13157894736842102,0.06666666666666667,1.0,0.066006600660066
input_hyperexcitable,diazepam,60,20261209,11.3,0.0,25.2,23.2,0.14388489208633093,0.07936507936507936,1.0,0.07857928650007857
input_hyperexcitable,diazepam,60,20261210,11.0,0.0,24.6,23.7,0.06617647058823539,0.036585365853658625,1.0,0.036223134508572896
input_hyperexcitable,diazepam,60,20261211,7.4,0.0,22.6,21.3,0.08552631578947367,0.05752212389380534,1.0,0.05695259791465875
input_hyperexcitable,diazepam,60,20261212,10.8,0.0,24.6,23.3,0.09420289855072472,0.05284552845528458,1.0,0.052322305401271856
input_hyperexcitable,diazepam,60,20261213,11.1,0.0,25.7,23.7,0.136986301369863,0.07782101167315175,1.0,0.07705050660708095
input_hyperexcitable,diazepam,60,20261214,11.5,0.0,25.2,24.0,0.08759124087591241,0.047619047619047596,1.0,0.047147571900047126
input_hyperexcitable,diazepam,60,20261215,10.9,2.4,24.4,22.7,0.12592592592592589,0.06967213114754096,0.7798165137614679,0.08821305953167574
input_hyperexcitable,diazepam,60,20261216,11.2,0.0,22.6,21.1,0.13157894736842102,0.0663716814159292,1.0,0.06571453605537544
input_hyperexcitable,diazepam,60,20261217,10.7,0.0,24.9,22.9,0.14084507042253525,0.08032128514056225,1.0,0.07952602489164579
input_hyperexcitable,diazepam,60,20261218,11.0,0.0,25.6,23.6,0.136986301369863,0.078125,1.0,0.07735148514851485
input_hyperexcitable,diazepam,60,20261219,11.4,0.0,25.5,23.4,0.14893617021276606,0.08235294117647064,1.0,0.08153756552125806
nmda_excitotoxic,perampanel,0,20261200,12.0,12.0,23.0,23.0,0.0,0.0,0.0,0.0
nmda_excitotoxic,perampanel,0,20261201,10.5,10.5,23.9,23.9,0.0,0.0,0.0,0.0
nmda_excitotoxic,perampanel,0,20261202,10.8,10.8,19.3,19.3,0.0,0.0,0.0,0.0
nmda_excitotoxic,perampanel,0,20261203,11.5,11.5,28.6,28.6,0.0,0.0,0.0,0.0
nmda_excitotoxic,perampanel,0,20261204,11.4,11.4,19.4,19.4,0.0,0.0,0.0,0.0
nmda_excitotoxic,perampanel,0,20261205,11.0,11.0,24.3,24.3,0.0,0.0,0.0,0.0
nmda_excitotoxic,perampanel,0,20261206,11.4,11.4,24.6,24.6,0.0,0.0,0.0,0.0
nmda_excitotoxic,perampanel,0,20261207,11.3,11.3,38.5,38.5,0.0,0.0,0.0,0.0
nmda_excitotoxic,perampanel,0,20261208,11.1,11.1,37.5,37.5,0.0,0.0,0.0,0.0
nmda_excitotoxic,perampanel,0,20261209,11.3,11.3,19.7,19.7,0.0,0.0,0.0,0.0
nmda_excitotoxic,perampanel,0,20261210,11.0,11.0,23.3,23.3,0.0,0.0,0.0,0.0
nmda_excitotoxic,perampanel,0,20261211,7.4,7.4,24.6,24.6,0.0,0.0,0.0,0.0
nmda_excitotoxic,perampanel,0,20261212,10.8,10.8,19.6,19.6,0.0,0.0,0.0,0.0
nmda_excitotoxic,perampanel,0,20261213,11.1,11.1,21.9,21.9,0.0,0.0,0.0,0.0
nmda_excitotoxic,perampanel,0,20261214,11.5,11.5,19.6,19.6,0.0,0.0,0.0,0.0
nmda_excitotoxic,perampanel,0,20261215,10.9,10.9,16.9,16.9,0.0,0.0,0.0,0.0
nmda_excitotoxic,perampanel,0,20261216,11.2,11.2,19.2,19.2,0.0,0.0,0.0,0.0
nmda_excitotoxic,perampanel,0,20261217,10.7,10.7,21.9,21.9,0.0,0.0,0.0,0.0
nmda_excitotoxic,perampanel,0,20261218,11.0,11.0,24.2,24.2,0.0,0.0,0.0,0.0
nmda_excitotoxic,perampanel,0,20261219,11.4,11.4,22.1,22.1,0.0,0.0,0.0,0.0
nmda_excitotoxic,perampanel,6,20261200,12.0,10.9,23.0,22.0,0.09090909090909094,0.043478260869565216,0.09166666666666663,0.4276550249465433
nmda_excitotoxic,perampanel,6,20261201,10.5,8.0,23.9,18.6,0.3955223880597013,0.2217573221757321,0.23809523809523808,0.8938394943743521
nmda_excitotoxic,perampanel,6,20261202,10.8,9.4,19.3,17.8,0.17647058823529416,0.07772020725388601,0.12962962962962965,0.556616868927035
nmda_excitotoxic,perampanel,6,20261203,11.5,9.2,28.6,23.1,0.3216374269005847,0.1923076923076923,0.20000000000000007,0.9157509157509154
nmda_excitotoxic,perampanel,6,20261204,11.4,8.1,19.4,19.0,0.04999999999999982,0.020618556701030855,0.2894736842105264,0.06884931060098175
nmda_excitotoxic,perampanel,6,20261205,11.0,8.9,24.3,22.3,0.15037593984962405,0.0823045267489712,0.1909090909090909,0.4096605403794947
nmda_excitotoxic,perampanel,6,20261206,11.4,9.9,24.6,23.7,0.06818181818181834,0.036585365853658625,0.13157894736842105,0.2584096472934996
nmda_excitotoxic,perampanel,6,20261207,11.3,11.0,38.5,36.9,0.05882352941176472,0.04155844155844159,0.026548672566371743,1.1370711612842352
nmda_excitotoxic,perampanel,6,20261208,11.1,10.7,37.5,23.7,0.5227272727272727,0.368,0.03603603603603607,7.993737769080228
nmda_excitotoxic,perampanel,6,20261209,11.3,10.7,19.7,19.5,0.023809523809523725,0.010152284263959355,0.05309734513274349,0.1608987548145028
nmda_excitotoxic,perampanel,6,20261210,11.0,10.3,23.3,22.2,0.08943089430894324,0.04721030042918461,0.06363636363636357,0.6411275366926311
nmda_excitotoxic,perampanel,6,20261211,7.4,6.2,24.6,21.3,0.1918604651162792,0.13414634146341464,0.16216216216216217,0.7791859708236014
nmda_excitotoxic,perampanel,6,20261212,10.8,9.7,19.6,19.6,0.0,0.0,0.10185185185185197,0.0
nmda_excitotoxic,perampanel,6,20261213,11.1,5.6,21.9,17.6,0.3981481481481479,0.1963470319634702,0.4954954954954955,0.3884248894661414
nmda_excitotoxic,perampanel,6,20261214,11.5,9.7,19.6,18.0,0.19753086419753096,0.08163265306122455,0.15652173913043485,0.49022219853999055
nmda_excitotoxic,perampanel,6,20261215,10.9,9.8,16.9,16.5,0.06666666666666643,0.023668639053254354,0.10091743119266051,0.21338971520303768
nmda_excitotoxic,perampanel,6,20261216,11.2,10.8,19.2,19.1,0.012499999999999734,0.005208333333333223,0.03571428571428559,0.11393229166666456
nmda_excitotoxic,perampanel,6,20261217,10.7,10.3,21.9,20.7,0.1071428571428571,0.054794520547945175,0.03738317757009333,1.156412958309694
nmda_excitotoxic,perampanel,6,20261218,11.0,10.6,24.2,19.0,0.3939393939393939,0.21487603305785122,0.0363636363636364,4.634581105169336
nmda_excitotoxic,perampanel,6,20261219,11.4,10.9,22.1,21.1,0.09345794392523366,0.04524886877828054,0.043859649122807015,0.8401255766651436
nmda_excitotoxic,perampanel,8,20261200,12.0,8.1,23.0,21.7,0.11818181818181828,0.05652173913043481,0.325,0.16872160934458152
nmda_excitotoxic,perampanel,8,20261201,10.5,7.9,23.9,18.6,0.3955223880597013,0.2217573221757321,0.24761904761904757,0.860795520460328
nmda_excitotoxic,perampanel,8,20261202,10.8,8.9,19.3,17.7,0.18823529411764728,0.08290155440414515,0.17592592592592596,0.44588485436492403
nmda_excitotoxic,perampanel,8,20261203,11.5,8.6,28.6,20.5,0.4736842105263158,0.28321678321678323,0.2521739130434783,1.0802630205615278
nmda_excitotoxic,perampanel,8,20261204,11.4,8.0,19.4,18.9,0.0625,0.025773195876288662,0.29824561403508776,0.08361253073127226
nmda_excitotoxic,perampanel,8,20261205,11.0,8.2,24.3,21.6,0.20300751879699241,0.11111111111111108,0.25454545454545463,0.4200076365024816
nmda_excitotoxic,perampanel,8,20261206,11.4,8.5,24.6,23.3,0.09848484848484851,0.05284552845528458,0.2543859649122807,0.1998802337061195
nmda_excitotoxic,perampanel,8,20261207,11.3,11.0,38.5,35.7,0.10294117647058809,0.07272727272727265,0.026548672566371743,1.989874532247408
nmda_excitotoxic,perampanel,8,20261208,11.1,10.5,37.5,23.2,0.5416666666666666,0.38133333333333336,0.05405405405405402,5.953305203938118
nmda_excitotoxic,perampanel,8,20261209,11.3,10.7,19.7,19.3,0.04761904761904745,0.02030456852791871,0.05309734513274349,0.3217975096290056
nmda_excitotoxic,perampanel,8,20261210,11.0,9.4,23.3,21.4,0.15447154471544733,0.0815450643776825,0.14545454545454542,0.5245588936576068
nmda_excitotoxic,perampanel,8,20261211,7.4,6.1,24.6,20.9,0.2151162790697677,0.15040650406504075,0.17567567567567577,0.8100495852120094
nmda_excitotoxic,perampanel,8,20261212,10.8,9.6,19.6,19.3,0.03409090909090917,0.015306122448979626,0.1111111111111112,0.12638082756038216
nmda_excitotoxic,perampanel,8,20261213,11.1,5.4,21.9,17.6,0.3981481481481479,0.1963470319634702,0.5135135135135135,0.3750562820159214
nmda_excitotoxic,perampanel,8,20261214,11.5,9.3,19.6,17.9,0.2098765432098768,0.08673469387755116,0.1913043478260869,0.4308634901044659
nmda_excitotoxic,perampanel,8,20261215,10.9,9.3,16.9,16.5,0.06666666666666643,0.023668639053254354,0.14678899082568803,0.1509585521828394
nmda_excitotoxic,perampanel,8,20261216,11.2,10.6,19.2,19.1,0.012499999999999734,0.005208333333333223,0.05357142857142854,0.08192883895130916
nmda_excitotoxic,perampanel,8,20261217,10.7,10.0,21.9,19.7,0.1964285714285714,0.10045662100456619,0.06542056074766349,1.3319527196392307
nmda_excitotoxic,perampanel,8,20261218,11.0,10.3,24.2,19.0,0.3939393939393939,0.21487603305785122,0.06363636363636357,2.9180695847362537
nmda_excitotoxic,perampanel,8,20261219,11.4,10.6,22.1,20.2,0.17757009345794406,0.08597285067873313,0.0701754385964913,1.0723090784874802
nmda_excitotoxic,perampanel,10,20261200,12.0,7.8,23.0,21.4,0.14545454545454561,0.0695652173913044,0.35000000000000003,0.19323671497584555
nmda_excitotoxic,perampanel,10,20261201,10.5,7.4,23.9,18.6,0.3955223880597013,0.2217573221757321,0.2952380952380952,0.726506047689606
nmda_excitotoxic,perampanel,10,20261202,10.8,8.7,19.3,25.7,-0.752941176470588,-0.3316062176165802,0.19444444444444456,-1.6219869339941413
nmda_excitotoxic,perampanel,10,20261203,11.5,6.2,28.6,20.1,0.4970760233918128,0.2972027972027972,0.4608695652173913,0.6311786090179441
nmda_excitotoxic,perampanel,10,20261204,11.4,7.6,19.4,18.9,0.0625,0.025773195876288662,0.33333333333333337,0.07506756080472425
nmda_excitotoxic,perampanel,10,20261205,11.0,8.3,24.3,21.0,0.24812030075187974,0.1358024691358025,0.2454545454545454,0.531611089143711
nmda_excitotoxic,perampanel,10,20261206,11.4,8.4,24.6,21.5,0.23484848484848497,0.12601626016260167,0.2631578947368421,0.461331202907405
nmda_excitotoxic,perampanel,10,20261207,11.3,10.7,38.5,21.8,0.6139705882352942,0.43376623376623374,0.05309734513274349,6.874556019016033
nmda_excitotoxic,perampanel,10,20261208,11.1,10.2,37.5,22.9,0.553030303030303,0.38933333333333336,0.08108108108108111,4.274579624134519
nmda_excitotoxic,perampanel,10,20261209,11.3,9.3,19.7,19.3,0.04761904761904745,0.02030456852791871,0.17699115044247787,0.10858571905607262
nmda_excitotoxic,perampanel,10,20261210,11.0,5.7,23.3,20.9,0.19512195121951237,0.10300429184549365,0.4818181818181818,0.20943571354906287
nmda_excitotoxic,perampanel,10,20261211,7.4,5.7,24.6,20.6,0.2325581395348838,0.16260162601626016,0.22972972972972974,0.6782705933034527
nmda_excitotoxic,perampanel,10,20261212,10.8,9.3,19.6,17.0,0.29545454545454564,0.13265306122448986,0.13888888888888887,0.8909533962838871
nmda_excitotoxic,perampanel,10,20261213,11.1,5.3,21.9,17.7,0.38888888888888884,0.1917808219178082,0.5225225225225225,0.36013654597998157
nmda_excitotoxic,perampanel,10,20261214,11.5,8.9,19.6,17.7,0.23456790123456817,0.09693877551020419,0.2260869565217391,0.41060623144285385
nmda_excitotoxic,perampanel,10,20261215,10.9,6.6,16.9,16.4,0.08333333333333337,0.02958579881656805,0.3944954128440368,0.07314248289875067
nmda_excitotoxic,perampanel,10,20261216,11.2,10.3,19.2,19.0,0.02499999999999991,0.01041666666666663,0.08035714285714274,0.11528326745718025
nmda_excitotoxic,perampanel,10,20261217,10.7,7.6,21.9,19.5,0.2142857142857142,0.10958904109589035,0.2897196261682243,0.3656385218977321
nmda_excitotoxic,perampanel,10,20261218,11.0,5.9,24.2,19.0,0.3939393939393939,0.21487603305785122,0.4636363636363636,0.4536730064561158
nmda_excitotoxic,perampanel,10,20261219,11.4,10.5,22.1,20.0,0.1962616822429908,0.0950226244343892,0.07894736842105265,1.0683016948244939
nmda_excitotoxic,perampanel,12,20261200,12.0,7.6,23.0,19.0,0.36363636363636365,0.17391304347826086,0.3666666666666667,0.46171604463255095
nmda_excitotoxic,perampanel,12,20261201,10.5,0.0,23.9,6.0,0.664179104477612,0.7489539748953975,1.0,0.7415385890053441
nmda_excitotoxic,perampanel,12,20261202,10.8,0.0,19.3,8.3,0.7058823529411764,0.5699481865284974,1.0,0.5643051351767301
nmda_excitotoxic,perampanel,12,20261203,11.5,6.1,28.6,17.7,0.6374269005847955,0.38111888111888115,0.46956521739130436,0.7947175218254094
nmda_excitotoxic,perampanel,12,20261204,11.4,0.0,19.4,6.7,0.41249999999999987,0.654639175257732,1.0,0.6481575992650811
nmda_excitotoxic,perampanel,12,20261205,11.0,8.3,24.3,21.0,0.24812030075187974,0.1358024691358025,0.2454545454545454,0.531611089143711
nmda_excitotoxic,perampanel,12,20261206,11.4,0.0,24.6,8.2,0.7575757575757576,0.6666666666666667,1.0,0.6600660066006602
nmda_excitotoxic,perampanel,12,20261207,11.3,7.5,38.5,21.4,0.6286764705882353,0.4441558441558442,0.336283185840708,1.2826376281525782
nmda_excitotoxic,perampanel,12,20261208,11.1,9.9,37.5,22.5,0.5681818181818181,0.4,0.10810810810810804,3.3867276887871873
nmda_excitotoxic,perampanel,12,20261209,11.3,9.1,19.7,21.1,-0.16666666666666696,-0.07106598984771585,0.19469026548672574,-0.34718793137881054
nmda_excitotoxic,perampanel,12,20261210,11.0,5.7,23.3,20.7,0.21138211382113836,0.11158798283261809,0.4818181818181818,0.22688868967815137
nmda_excitotoxic,perampanel,12,20261211,7.4,5.2,24.6,20.2,0.2558139534883723,0.17886178861788626,0.2972972972972973,0.5820480368392077
nmda_excitotoxic,perampanel,12,20261212,10.8,8.8,19.6,16.9,0.3068181818181821,0.13775510204081645,0.18518518518518517,0.7057661774387181
nmda_excitotoxic,perampanel,12,20261213,11.1,4.8,21.9,17.6,0.3981481481481479,0.1963470319634702,0.5675675675675675,0.3399550857579971
nmda_excitotoxic,perampanel,12,20261214,11.5,8.8,19.6,15.6,0.49382716049382724,0.2040816326530613,0.23478260869565212,0.8337260303766272
nmda_excitotoxic,perampanel,12,20261215,10.9,6.4,16.9,16.3,0.09999999999999964,0.03550295857988153,0.4128440366972477,0.08396230169683418
nmda_excitotoxic,perampanel,12,20261216,11.2,7.3,19.2,18.3,0.11249999999999982,0.04687499999999993,0.3482142857142857,0.13085742771684927
nmda_excitotoxic,perampanel,12,20261217,10.7,0.0,21.9,8.5,0.8035714285714286,0.6118721461187214,1.0,0.6058140060581401
nmda_excitotoxic,perampanel,12,20261218,11.0,4.9,24.2,19.8,0.33333333333333326,0.18181818181818177,0.5545454545454546,0.3220611916264089
nmda_excitotoxic,perampanel,12,20261219,11.4,0.0,22.1,4.2,0.3271028037383178,0.8099547511312217,1.0,0.8019353971596255
nmda_excitotoxic,perampanel,14,20261200,12.0,7.4,23.0,20.2,0.25454545454545463,0.12173913043478264,0.3833333333333333,0.309506263817244
nmda_excitotoxic,perampanel,14,20261201,10.5,0.0,23.9,6.0,0.664179104477612,0.7489539748953975,1.0,0.7415385890053441
nmda_excitotoxic,perampanel,14,20261202,10.8,0.0,19.3,7.8,0.6470588235294117,0.5958549222797928,1.0,0.5899553685938542
nmda_excitotoxic,perampanel,14,20261203,11.5,0.0,28.6,0.0,0.32748538011695916,1.0,1.0,0.9900990099009901
nmda_excitotoxic,perampanel,14,20261204,11.4,0.0,19.4,6.2,0.34999999999999987,0.6804123711340206,1.0,0.6736756149841788
nmda_excitotoxic,perampanel,14,20261205,11.0,7.6,24.3,20.7,0.2706766917293234,0.1481481481481482,0.30909090909090914,0.4642819457634273
nmda_excitotoxic,perampanel,14,20261206,11.4,0.0,24.6,8.2,0.7575757575757576,0.6666666666666667,1.0,0.6600660066006602
nmda_excitotoxic,perampanel,14,20261207,11.3,7.4,38.5,21.4,0.6286764705882353,0.4441558441558442,0.3451327433628319,1.2506755641567502
nmda_excitotoxic,perampanel,14,20261208,11.1,5.9,37.5,20.6,0.6401515151515151,0.4506666666666666,0.4684684684684684,0.9418941818866503
nmda_excitotoxic,perampanel,14,20261209,11.3,0.0,19.7,8.7,0.6904761904761902,0.5583756345177665,1.0,0.5528471628888777
nmda_excitotoxic,perampanel,14,20261210,11.0,5.6,23.3,20.6,0.2195121951219512,0.11587982832618023,0.49090909090909096,0.23133904021560478
nmda_excitotoxic,perampanel,14,20261211,7.4,5.2,24.6,19.5,0.2965116279069768,0.20731707317073175,0.2972972972972973,0.674646588154536
nmda_excitotoxic,perampanel,14,20261212,10.8,0.0,19.6,7.2,0.5909090909090908,0.6326530612244898,1.0,0.6263891695291979
nmda_excitotoxic,perampanel,14,20261213,11.1,4.5,21.9,17.2,0.4351851851851851,0.2146118721461187,0.5945945945945946,0.3549682284043984
nmda_excitotoxic,perampanel,14,20261214,11.5,8.7,19.6,15.6,0.49382716049382724,0.2040816326530613,0.24347826086956528,0.8051247943431233
nmda_excitotoxic,perampanel,14,20261215,10.9,5.0,16.9,16.3,0.09999999999999964,0.03550295857988153,0.5412844036697247,0.06440044075897965
nmda_excitotoxic,perampanel,14,20261216,11.2,8.6,19.2,18.3,0.11249999999999982,0.04687499999999993,0.23214285714285712,0.1935840707964599
nmda_excitotoxic,perampanel,14,20261217,10.7,0.0,21.9,8.6,0.8125,0.6073059360730594,1.0,0.6012930060129301
nmda_excitotoxic,perampanel,14,20261218,11.0,4.9,24.2,19.7,0.34090909090909094,0.18595041322314051,0.5545454545454546,0.32938076416337286
nmda_excitotoxic,perampanel,14,20261219,11.4,0.0,22.1,4.2,0.3271028037383178,0.8099547511312217,1.0,0.8019353971596255
nmda_excitotoxic,perampanel,16,20261200,12.0,0.0,23.0,7.2,0.5636363636363637,0.6869565217391305,1.0,0.680154972018941
nmda_excitotoxic,perampanel,16,20261201,10.5,0.0,23.9,6.0,0.664179104477612,0.7489539748953975,1.0,0.7415385890053441
nmda_excitotoxic,perampanel,16,20261202,10.8,0.0,19.3,7.8,0.6470588235294117,0.5958549222797928,1.0,0.5899553685938542
nmda_excitotoxic,perampanel,16,20261203,11.5,0.0,28.6,0.0,0.32748538011695916,1.0,1.0,0.9900990099009901
nmda_excitotoxic,perampanel,16,20261204,11.4,0.0,19.4,6.2,0.34999999999999987,0.6804123711340206,1.0,0.6736756149841788
nmda_excitotoxic,perampanel,16,20261205,11.0,7.4,24.3,18.9,0.40601503759398505,0.2222222222222223,0.3272727272727272,0.6588799041629233
nmda_excitotoxic,perampanel,16,20261206,11.4,0.0,24.6,8.2,0.7575757575757576,0.6666666666666667,1.0,0.6600660066006602
nmda_excitotoxic,perampanel,16,20261207,11.3,4.4,38.5,18.9,0.7205882352941178,0.5090909090909091,0.6106194690265486,0.8202947772318941
nmda_excitotoxic,perampanel,16,20261208,11.1,5.6,37.5,20.0,0.6628787878787878,0.4666666666666667,0.4954954954954955,0.9231865977544111
nmda_excitotoxic,perampanel,16,20261209,11.3,0.0,19.7,8.7,0.6904761904761902,0.5583756345177665,1.0,0.5528471628888777
nmda_excitotoxic,perampanel,16,20261210,11.0,5.6,23.3,20.6,0.2195121951219512,0.11587982832618023,0.49090909090909096,0.23133904021560478
nmda_excitotoxic,perampanel,16,20261211,7.4,0.0,24.6,8.0,0.9651162790697675,0.6747967479674797,1.0,0.6681155920470095
nmda_excitotoxic,perampanel,16,20261212,10.8,0.0,19.6,7.2,0.5909090909090908,0.6326530612244898,1.0,0.6263891695291979
nmda_excitotoxic,perampanel,16,20261213,11.1,0.0,21.9,6.6,0.5833333333333333,0.6986301369863014,1.0,0.6917130069171301
nmda_excitotoxic,perampanel,16,20261214,11.5,8.1,19.6,15.6,0.49382716049382724,0.2040816326530613,0.2956521739130435,0.6676923970157055
nmda_excitotoxic,perampanel,16,20261215,10.9,4.8,16.9,16.3,0.09999999999999964,0.03550295857988153,0.5596330275229358,0.06232601844430805
nmda_excitotoxic,perampanel,16,20261216,11.2,8.2,19.2,18.2,0.125,0.052083333333333336,0.26785714285714285,0.1874464438731791
nmda_excitotoxic,perampanel,16,20261217,10.7,0.0,21.9,8.6,0.8125,0.6073059360730594,1.0,0.6012930060129301
nmda_excitotoxic,perampanel,16,20261218,11.0,0.0,24.2,7.1,0.7045454545454546,0.706611570247934,1.0,0.6996154160870633
nmda_excitotoxic,perampanel,16,20261219,11.4,0.0,22.1,0.0,-0.06542056074766345,1.0,1.0,0.9900990099009901
nmda_excitotoxic,perampanel,18,20261200,12.0,0.0,23.0,7.1,0.5545454545454545,0.691304347826087,1.0,0.6844597503228583
nmda_excitotoxic,perampanel,18,20261201,10.5,0.0,23.9,6.0,0.664179104477612,0.7489539748953975,1.0,0.7415385890053441
nmda_excitotoxic,perampanel,18,20261202,10.8,0.0,19.3,7.8,0.6470588235294117,0.5958549222797928,1.0,0.5899553685938542
nmda_excitotoxic,perampanel,18,20261203,11.5,0.0,28.6,0.0,0.32748538011695916,1.0,1.0,0.9900990099009901
nmda_excitotoxic,perampanel,18,20261204,11.4,0.0,19.4,6.2,0.34999999999999987,0.6804123711340206,1.0,0.6736756149841788
nmda_excitotoxic,perampanel,18,20261205,11.0,0.0,24.3,0.0,0.17293233082706772,1.0,1.0,0.9900990099009901
nmda_excitotoxic,perampanel,18,20261206,11.4,0.0,24.6,6.6,0.6363636363636364,0.7317073170731707,1.0,0.7244626901714561
nmda_excitotoxic,perampanel,18,20261207,11.3,0.0,38.5,0.0,0.5845588235294117,1.0,1.0,0.9900990099009901
nmda_excitotoxic,perampanel,18,20261208,11.1,5.5,37.5,16.7,0.7878787878787878,0.5546666666666666,0.5045045045045045,1.0780598844335494
nmda_excitotoxic,perampanel,18,20261209,11.3,0.0,19.7,8.7,0.6904761904761902,0.5583756345177665,1.0,0.5528471628888777
nmda_excitotoxic,perampanel,18,20261210,11.0,5.6,23.3,20.5,0.22764227642276424,0.12017167381974252,0.49090909090909096,0.23990715281618286
nmda_excitotoxic,perampanel,18,20261211,7.4,0.0,24.6,8.0,0.9651162790697675,0.6747967479674797,1.0,0.6681155920470095
nmda_excitotoxic,perampanel,18,20261212,10.8,0.0,19.6,7.2,0.5909090909090908,0.6326530612244898,1.0,0.6263891695291979
nmda_excitotoxic,perampanel,18,20261213,11.1,0.0,21.9,6.6,0.5833333333333333,0.6986301369863014,1.0,0.6917130069171301
nmda_excitotoxic,perampanel,18,20261214,11.5,6.0,19.6,15.6,0.49382716049382724,0.2040816326530613,0.4782608695652174,0.4179766296545334
nmda_excitotoxic,perampanel,18,20261215,10.9,0.0,16.9,0.7,-0.7000000000000006,0.9585798816568047,1.0,0.9490889917394106
nmda_excitotoxic,perampanel,18,20261216,11.2,7.9,19.2,15.8,0.4249999999999998,0.17708333333333326,0.29464285714285704,0.5812817506838608
nmda_excitotoxic,perampanel,18,20261217,10.7,0.0,21.9,8.4,0.7946428571428572,0.6164383561643835,1.0,0.61033500610335
nmda_excitotoxic,perampanel,18,20261218,11.0,0.0,24.2,7.0,0.696969696969697,0.7107438016528925,1.0,0.7037067343097946
nmda_excitotoxic,perampanel,18,20261219,11.4,0.0,22.1,0.0,-0.06542056074766345,1.0,1.0,0.9900990099009901
nmda_excitotoxic,perampanel,22,20261200,12.0,0.0,23.0,7.1,0.5545454545454545,0.691304347826087,1.0,0.6844597503228583
nmda_excitotoxic,perampanel,22,20261201,10.5,0.0,23.9,6.0,0.664179104477612,0.7489539748953975,1.0,0.7415385890053441
nmda_excitotoxic,perampanel,22,20261202,10.8,0.0,19.3,7.5,0.6117647058823529,0.61139896373057,1.0,0.6053455086441287
nmda_excitotoxic,perampanel,22,20261203,11.5,0.0,28.6,0.0,0.32748538011695916,1.0,1.0,0.9900990099009901
nmda_excitotoxic,perampanel,22,20261204,11.4,0.0,19.4,6.2,0.34999999999999987,0.6804123711340206,1.0,0.6736756149841788
nmda_excitotoxic,perampanel,22,20261205,11.0,0.0,24.3,0.0,0.17293233082706772,1.0,1.0,0.9900990099009901
nmda_excitotoxic,perampanel,22,20261206,11.4,0.0,24.6,6.4,0.6212121212121212,0.7398373983739838,1.0,0.7325122756178057
nmda_excitotoxic,perampanel,22,20261207,11.3,0.0,38.5,0.0,0.5845588235294117,1.0,1.0,0.9900990099009901
nmda_excitotoxic,perampanel,22,20261208,11.1,0.0,37.5,0.0,0.5795454545454546,1.0,1.0,0.9900990099009901
nmda_excitotoxic,perampanel,22,20261209,11.3,0.0,19.7,0.0,-0.34523809523809557,1.0,1.0,0.9900990099009901
nmda_excitotoxic,perampanel,22,20261210,11.0,0.0,23.3,0.0,0.10569105691056913,1.0,1.0,0.9900990099009901
nmda_excitotoxic,perampanel,22,20261211,7.4,0.0,24.6,8.0,0.9651162790697675,0.6747967479674797,1.0,0.6681155920470095
nmda_excitotoxic,perampanel,22,20261212,10.8,0.0,19.6,6.2,0.4772727272727273,0.6836734693877552,1.0,0.6769044251363913
nmda_excitotoxic,perampanel,22,20261213,11.1,0.0,21.9,5.7,0.5,0.7397260273972603,1.0,0.7324020073240202
nmda_excitotoxic,perampanel,22,20261214,11.5,0.0,19.6,0.0,-0.41975308641975273,1.0,1.0,0.9900990099009901
nmda_excitotoxic,perampanel,22,20261215,10.9,0.0,16.9,0.0,-0.8166666666666673,1.0,1.0,0.9900990099009901
nmda_excitotoxic,perampanel,22,20261216,11.2,0.0,19.2,6.2,0.3750000000000001,0.6770833333333334,1.0,0.6703795379537955
nmda_excitotoxic,perampanel,22,20261217,10.7,0.0,21.9,8.4,0.7946428571428572,0.6164383561643835,1.0,0.61033500610335
nmda_excitotoxic,perampanel,22,20261218,11.0,0.0,24.2,7.0,0.696969696969697,0.7107438016528925,1.0,0.7037067343097946
nmda_excitotoxic,perampanel,22,20261219,11.4,0.0,22.1,0.0,-0.06542056074766345,1.0,1.0,0.9900990099009901
nmda_excitotoxic,memantine,0,20261200,12.0,12.0,23.0,23.0,0.0,0.0,0.0,0.0
nmda_excitotoxic,memantine,0,20261201,10.5,10.5,23.9,23.9,0.0,0.0,0.0,0.0
nmda_excitotoxic,memantine,0,20261202,10.8,10.8,19.3,19.3,0.0,0.0,0.0,0.0
nmda_excitotoxic,memantine,0,20261203,11.5,11.5,28.6,28.6,0.0,0.0,0.0,0.0
nmda_excitotoxic,memantine,0,20261204,11.4,11.4,19.4,19.4,0.0,0.0,0.0,0.0
nmda_excitotoxic,memantine,0,20261205,11.0,11.0,24.3,24.3,0.0,0.0,0.0,0.0
nmda_excitotoxic,memantine,0,20261206,11.4,11.4,24.6,24.6,0.0,0.0,0.0,0.0
nmda_excitotoxic,memantine,0,20261207,11.3,11.3,38.5,38.5,0.0,0.0,0.0,0.0
nmda_excitotoxic,memantine,0,20261208,11.1,11.1,37.5,37.5,0.0,0.0,0.0,0.0
nmda_excitotoxic,memantine,0,20261209,11.3,11.3,19.7,19.7,0.0,0.0,0.0,0.0
nmda_excitotoxic,memantine,0,20261210,11.0,11.0,23.3,23.3,0.0,0.0,0.0,0.0
nmda_excitotoxic,memantine,0,20261211,7.4,7.4,24.6,24.6,0.0,0.0,0.0,0.0
nmda_excitotoxic,memantine,0,20261212,10.8,10.8,19.6,19.6,0.0,0.0,0.0,0.0
nmda_excitotoxic,memantine,0,20261213,11.1,11.1,21.9,21.9,0.0,0.0,0.0,0.0
nmda_excitotoxic,memantine,0,20261214,11.5,11.5,19.6,19.6,0.0,0.0,0.0,0.0
nmda_excitotoxic,memantine,0,20261215,10.9,10.9,16.9,16.9,0.0,0.0,0.0,0.0
nmda_excitotoxic,memantine,0,20261216,11.2,11.2,19.2,19.2,0.0,0.0,0.0,0.0
nmda_excitotoxic,memantine,0,20261217,10.7,10.7,21.9,21.9,0.0,0.0,0.0,0.0
nmda_excitotoxic,memantine,0,20261218,11.0,11.0,24.2,24.2,0.0,0.0,0.0,0.0
nmda_excitotoxic,memantine,0,20261219,11.4,11.4,22.1,22.1,0.0,0.0,0.0,0.0
nmda_excitotoxic,memantine,50,20261200,12.0,11.5,23.0,21.3,0.15454545454545443,0.07391304347826085,0.041666666666666664,1.4305750350631132
nmda_excitotoxic,memantine,50,20261201,10.5,9.3,23.9,18.9,0.37313432835820903,0.2092050209205021,0.11428571428571421,1.6832587890155353
nmda_excitotoxic,memantine,50,20261202,10.8,9.6,19.3,17.9,0.16470588235294148,0.07253886010362705,0.1111111111111112,0.598944716451966
nmda_excitotoxic,memantine,50,20261203,11.5,11.3,28.6,22.3,0.368421052631579,0.2202797202797203,0.017391304347826025,8.041958041958061
nmda_excitotoxic,memantine,50,20261204,11.4,10.9,19.4,19.1,0.037499999999999645,0.01546391752577305,0.043859649122807015,0.28711508109741496
nmda_excitotoxic,memantine,50,20261205,11.0,9.4,24.3,22.2,0.1578947368421053,0.0864197530864198,0.14545454545454542,0.5559165403219988
nmda_excitotoxic,memantine,50,20261206,11.4,11.1,24.6,22.7,0.14393939393939414,0.07723577235772366,0.02631578947368427,2.12678213738659
nmda_excitotoxic,memantine,50,20261207,11.3,11.1,38.5,34.4,0.15073529411764708,0.10649350649350653,0.01769911504424788,3.844653748807092
nmda_excitotoxic,memantine,50,20261208,11.1,10.7,37.5,34.3,0.12121212121212133,0.08533333333333341,0.03603603603603607,1.8536203522504895
nmda_excitotoxic,memantine,50,20261209,11.3,10.8,19.7,23.1,-0.4047619047619051,-0.17258883248730975,0.04424778761061947,-3.1814907130613377
nmda_excitotoxic,memantine,50,20261210,11.0,10.4,23.3,21.1,0.17886178861788615,0.09442060085836906,0.054545454545454515,1.4628543794958593
nmda_excitotoxic,memantine,50,20261211,7.4,6.3,24.6,21.7,0.1686046511627909,0.1178861788617887,0.1486486486486487,0.7430645004916832
nmda_excitotoxic,memantine,50,20261212,10.8,8.9,19.6,19.3,0.03409090909090917,0.015306122448979626,0.17592592592592596,0.08232376615985056
nmda_excitotoxic,memantine,50,20261213,11.1,10.1,21.9,21.0,0.08333333333333326,0.04109589041095884,0.0900900900900901,0.4105890041058894
nmda_excitotoxic,memantine,50,20261214,11.5,11.3,19.6,19.3,0.03703703703703709,0.015306122448979626,0.017391304347826025,0.5587949465500511
nmda_excitotoxic,memantine,50,20261215,10.9,9.2,16.9,16.7,0.033333333333333215,0.011834319526627177,0.15596330275229367,0.07130684513003657
nmda_excitotoxic,memantine,50,20261216,11.2,11.0,19.2,19.1,0.012499999999999734,0.005208333333333223,0.017857142857142794,0.18696581196580841
nmda_excitotoxic,memantine,50,20261217,10.7,9.5,21.9,20.2,0.1517857142857142,0.07762557077625568,0.11214953271028032,0.6354962565462403
nmda_excitotoxic,memantine,50,20261218,11.0,10.4,24.2,20.5,0.2803030303030303,0.15289256198347104,0.054545454545454515,2.36875800256082
nmda_excitotoxic,memantine,50,20261219,11.4,11.2,22.1,20.5,0.14953271028037396,0.07239819004524893,0.0175438596491229,2.6284693201141245
nmda_excitotoxic,memantine,100,20261200,12.0,11.0,23.0,21.0,0.18181818181818177,0.08695652173913043,0.08333333333333333,0.9316770186335405
nmda_excitotoxic,memantine,100,20261201,10.5,7.1,23.9,18.8,0.380597014925373,0.21338912133891205,0.3238095238095238,0.6392541438112914
nmda_excitotoxic,memantine,100,20261202,10.8,7.8,19.3,23.7,-0.5176470588235293,-0.22797927461139889,0.27777777777777785,-0.7922059735531233
nmda_excitotoxic,memantine,100,20261203,11.5,10.8,28.6,21.6,0.4093567251461988,0.24475524475524474,0.060869565217391244,3.4536016131108185
nmda_excitotoxic,memantine,100,20261204,11.4,9.6,19.4,18.8,0.07499999999999973,0.030927835051546285,0.1578947368421053,0.18420967585560477
nmda_excitotoxic,memantine,100,20261205,11.0,8.3,24.3,21.6,0.20300751879699241,0.11111111111111108,0.2454545454545454,0.4349545274812179
nmda_excitotoxic,memantine,100,20261206,11.4,10.7,24.6,21.6,0.2272727272727273,0.12195121951219512,0.06140350877192992,1.7079163420626813
nmda_excitotoxic,memantine,100,20261207,11.3,10.1,38.5,29.9,0.3161764705882354,0.22337662337662342,0.10619469026548681,1.9224340016419215
nmda_excitotoxic,memantine,100,20261208,11.1,8.8,37.5,29.8,0.2916666666666665,0.2053333333333333,0.20720720720720712,0.9453338863542101
nmda_excitotoxic,memantine,100,20261209,11.3,8.9,19.7,20.7,-0.11904761904761907,-0.050761421319796954,0.21238938053097348,-0.2282546999258677
nmda_excitotoxic,memantine,100,20261210,11.0,8.4,23.3,20.6,0.2195121951219512,0.11587982832618023,0.23636363636363633,0.47036092678523345
nmda_excitotoxic,memantine,100,20261211,7.4,4.9,24.6,21.2,0.1976744186046514,0.13821138211382122,0.33783783783783783,0.3973442997833244
nmda_excitotoxic,memantine,100,20261212,10.8,6.2,19.6,17.0,0.29545454545454564,0.13265306122448986,0.42592592592592593,0.30430183968234714
nmda_excitotoxic,memantine,100,20261213,11.1,8.3,21.9,20.4,0.13888888888888895,0.06849315068493152,0.2522522522522522,0.2611727834430574
nmda_excitotoxic,memantine,100,20261214,11.5,9.5,19.6,19.1,0.061728395061728336,0.02551020408163265,0.17391304347826086,0.1387079654556858
nmda_excitotoxic,memantine,100,20261215,10.9,7.8,16.9,16.5,0.06666666666666643,0.023668639053254354,0.28440366972477066,0.08039519030242208
nmda_excitotoxic,memantine,100,20261216,11.2,9.3,19.2,18.8,0.04999999999999982,0.02083333333333326,0.16964285714285704,0.11597084161696453
nmda_excitotoxic,memantine,100,20261217,10.7,8.2,21.9,16.7,0.4642857142857143,0.2374429223744292,0.23364485981308414,0.9745451743024136
nmda_excitotoxic,memantine,100,20261218,11.0,8.6,24.2,20.0,0.3181818181818181,0.17355371900826444,0.21818181818181823,0.7605939876856209
nmda_excitotoxic,memantine,100,20261219,11.4,10.8,22.1,20.2,0.17757009345794406,0.08597285067873313,0.05263157894736839,1.3726757671394374
nmda_excitotoxic,memantine,125,20261200,12.0,9.9,23.0,20.5,0.2272727272727273,0.10869565217391304,0.17499999999999996,0.5875440658049355
nmda_excitotoxic,memantine,125,20261201,10.5,6.0,23.9,18.6,0.3955223880597013,0.2217573221757321,0.42857142857142855,0.5056355880228419
nmda_excitotoxic,memantine,125,20261202,10.8,6.3,19.3,23.3,-0.47058823529411775,-0.20725388601036268,0.41666666666666674,-0.48575129533678746
nmda_excitotoxic,memantine,125,20261203,11.5,9.7,28.6,21.4,0.42105263157894746,0.25174825174825183,0.15652173913043485,1.51180412277018
nmda_excitotoxic,memantine,125,20261204,11.4,9.2,19.4,18.9,0.0625,0.025773195876288662,0.19298245614035098,0.12697252938188877
nmda_excitotoxic,memantine,125,20261205,11.0,7.6,24.3,19.9,0.330827067669173,0.18106995884773672,0.30909090909090914,0.5674557114886335
nmda_excitotoxic,memantine,125,20261206,11.4,9.5,24.6,21.5,0.23484848484848497,0.12601626016260167,0.16666666666666669,0.7132995858260471
nmda_excitotoxic,memantine,125,20261207,11.3,9.1,38.5,29.0,0.3492647058823529,0.24675324675324675,0.19469026548672574,1.2054957580249404
nmda_excitotoxic,memantine,125,20261208,11.1,7.7,37.5,29.2,0.31439393939393934,0.22133333333333335,0.3063063063063063,0.6997436627741385
nmda_excitotoxic,memantine,125,20261209,11.3,7.7,19.7,20.7,-0.11904761904761907,-0.050761421319796954,0.31858407079646023,-0.15448533824769875
nmda_excitotoxic,memantine,125,20261210,11.0,8.1,23.3,20.6,0.2195121951219512,0.11587982832618023,0.26363636363636367,0.42348110019534296
nmda_excitotoxic,memantine,125,20261211,7.4,4.8,24.6,20.1,0.2616279069767442,0.18292682926829268,0.3513513513513514,0.5062298192166662
nmda_excitotoxic,memantine,125,20261212,10.8,5.1,19.6,16.9,0.3068181818181821,0.13775510204081645,0.5277777777777778,0.256156181480857
nmda_excitotoxic,memantine,125,20261213,11.1,7.8,21.9,20.1,0.1666666666666664,0.08219178082191768,0.2972972972972973,0.26746665702822814
nmda_excitotoxic,memantine,125,20261214,11.5,8.9,19.6,19.1,0.061728395061728336,0.02551020408163265,0.2260869565217391,0.10805427143232983
nmda_excitotoxic,memantine,125,20261215,10.9,5.4,16.9,16.5,0.06666666666666643,0.023668639053254354,0.5045871559633027,0.04599539413094535
nmda_excitotoxic,memantine,125,20261216,11.2,6.9,19.2,18.8,0.04999999999999982,0.02083333333333326,0.38392857142857134,0.052886068298579454
nmda_excitotoxic,memantine,125,20261217,10.7,7.3,21.9,16.4,0.4910714285714286,0.25114155251141557,0.3177570093457944,0.7662431171577264
nmda_excitotoxic,memantine,125,20261218,11.0,6.9,24.2,19.7,0.34090909090909094,0.18595041322314051,0.3727272727272727,0.4858561865687757
nmda_excitotoxic,memantine,125,20261219,11.4,9.5,22.1,19.9,0.20560747663551426,0.09954751131221731,0.16666666666666669,0.5634764791257583
nmda_excitotoxic,memantine,150,20261200,12.0,8.3,23.0,20.4,0.23636363636363644,0.11304347826086962,0.3083333333333333,0.3551104029137266
nmda_excitotoxic,memantine,150,20261201,10.5,5.7,23.9,18.4,0.4104477611940299,0.23012552301255232,0.45714285714285713,0.49262344375775724
nmda_excitotoxic,memantine,150,20261202,10.8,4.8,19.3,16.7,0.3058823529411766,0.1347150259067358,0.5555555555555556,0.23819945641662518
nmda_excitotoxic,memantine,150,20261203,11.5,7.9,28.6,21.1,0.4385964912280701,0.26223776223776224,0.31304347826086953,0.8117723460926691
nmda_excitotoxic,memantine,150,20261204,11.4,8.3,19.4,18.8,0.07499999999999973,0.030927835051546285,0.27192982456140347,0.10970047280262218
nmda_excitotoxic,memantine,150,20261205,11.0,5.6,24.3,19.9,0.330827067669173,0.18106995884773672,0.49090909090909096,0.36148267646553606
nmda_excitotoxic,memantine,150,20261206,11.4,7.6,24.6,20.9,0.2803030303030305,0.15040650406504075,0.33333333333333337,0.4380771963059439
nmda_excitotoxic,memantine,150,20261207,11.3,7.6,38.5,28.3,0.375,0.2649350649350649,0.32743362831858414,0.7851471895531689
nmda_excitotoxic,memantine,150,20261208,11.1,6.6,37.5,28.6,0.33712121212121204,0.23733333333333329,0.40540540540540543,0.57132942962481
nmda_excitotoxic,memantine,150,20261209,11.3,7.3,19.7,20.7,-0.11904761904761907,-0.050761421319796954,0.3539823008849558,-0.13946123533034416
nmda_excitotoxic,memantine,150,20261210,11.0,7.3,23.3,20.3,0.24390243902439024,0.12875536480686695,0.33636363636363636,0.3717346490486972
nmda_excitotoxic,memantine,150,20261211,7.4,4.6,24.6,20.0,0.2674418604651164,0.18699186991869923,0.37837837837837845,0.48146828023603827
nmda_excitotoxic,memantine,150,20261212,10.8,4.1,19.6,16.7,0.3295454545454548,0.1479591836734695,0.6203703703703705,0.23471785894146155
nmda_excitotoxic,memantine,150,20261213,11.1,6.5,21.9,20.1,0.1666666666666664,0.08219178082191768,0.4144144144144144,0.19365925857000346
nmda_excitotoxic,memantine,150,20261214,11.5,6.2,19.6,18.9,0.08641975308642014,0.03571428571428586,0.4608695652173913,0.07584751352064402
nmda_excitotoxic,memantine,150,20261215,10.9,4.1,16.9,16.4,0.08333333333333337,0.02958579881656805,0.6238532110091743,0.04667610466067328
nmda_excitotoxic,memantine,150,20261216,11.2,6.2,19.2,18.8,0.04999999999999982,0.02083333333333326,0.4464285714285714,0.04564423578508069
nmda_excitotoxic,memantine,150,20261217,10.7,6.0,21.9,16.2,0.5089285714285714,0.2602739726027397,0.43925233644859807,0.5793491797065353
nmda_excitotoxic,memantine,150,20261218,11.0,5.5,24.2,19.3,0.3712121212121211,0.20247933884297514,0.5,0.397018311456814
nmda_excitotoxic,memantine,150,20261219,11.4,8.7,22.1,19.8,0.2149532710280374,0.10407239819004527,0.236842105263158,0.42161525919208087
nmda_excitotoxic,memantine,175,20261200,12.0,6.9,23.0,20.9,0.19090909090909103,0.09130434782608701,0.425,0.20989505247376325
nmda_excitotoxic,memantine,175,20261201,10.5,5.0,23.9,18.4,0.4104477611940299,0.23012552301255232,0.5238095238095238,0.43110044453734153
nmda_excitotoxic,memantine,175,20261202,10.8,4.5,19.3,16.7,0.3058823529411766,0.1347150259067358,0.5833333333333334,0.22704779647202664
nmda_excitotoxic,memantine,175,20261203,11.5,5.8,28.6,18.8,0.5730994152046783,0.34265734265734266,0.4956521739130435,0.6776542460119416
nmda_excitotoxic,memantine,175,20261204,11.4,6.3,19.4,18.8,0.07499999999999973,0.030927835051546285,0.44736842105263164,0.0676212734153486
nmda_excitotoxic,memantine,175,20261205,11.0,4.8,24.3,19.8,0.33834586466165417,0.18518518518518517,0.5636363636363636,0.3228267887538886
nmda_excitotoxic,memantine,175,20261206,11.4,6.9,24.6,20.7,0.29545454545454564,0.15853658536585374,0.39473684210526316,0.39170287671667375
nmda_excitotoxic,memantine,175,20261207,11.3,5.8,38.5,24.8,0.5036764705882353,0.35584415584415585,0.4867256637168142,0.7163796474325602
nmda_excitotoxic,memantine,175,20261208,11.1,4.7,37.5,28.0,0.35984848484848486,0.25333333333333335,0.5765765765765766,0.43188450314851795
nmda_excitotoxic,memantine,175,20261209,11.3,6.4,19.7,20.5,-0.09523809523809534,-0.0406091370558376,0.4336283185840708,-0.09153864925812186
nmda_excitotoxic,memantine,175,20261210,11.0,6.5,23.3,20.0,0.2682926829268293,0.14163090128755368,0.4090909090909091,0.3379479206427528
nmda_excitotoxic,memantine,175,20261211,7.4,3.4,24.6,19.6,0.2906976744186047,0.2032520325203252,0.5405405405405405,0.3691863133653428
nmda_excitotoxic,memantine,175,20261212,10.8,4.0,19.6,16.6,0.34090909090909083,0.1530612244897959,0.6296296296296297,0.23929664512012097
nmda_excitotoxic,memantine,175,20261213,11.1,5.8,21.9,19.9,0.18518518518518523,0.09132420091324202,0.4774774774774775,0.1873403493138027
nmda_excitotoxic,memantine,175,20261214,11.5,5.1,19.6,18.8,0.09876543209876554,0.040816326530612276,0.5565217391304348,0.0720472379281721
nmda_excitotoxic,memantine,175,20261215,10.9,3.8,16.9,16.4,0.08333333333333337,0.02958579881656805,0.6513761467889908,0.04473369497858118
nmda_excitotoxic,memantine,175,20261216,11.2,5.7,19.2,18.7,0.0625,0.026041666666666668,0.49107142857142855,0.05197196483725351
nmda_excitotoxic,memantine,175,20261217,10.7,5.5,21.9,16.0,0.5267857142857142,0.26940639269406386,0.4859813084112149,0.5431785192814177
nmda_excitotoxic,memantine,175,20261218,11.0,4.0,24.2,17.6,0.4999999999999999,0.27272727272727265,0.6363636363636364,0.4219409282700421
nmda_excitotoxic,memantine,175,20261219,11.4,6.2,22.1,19.7,0.22429906542056088,0.10859728506787339,0.45614035087719296,0.2329712174960024
nmda_excitotoxic,memantine,200,20261200,12.0,4.8,23.0,20.8,0.19999999999999996,0.09565217391304345,0.6,0.1568068424803991
nmda_excitotoxic,memantine,200,20261201,10.5,4.0,23.9,18.4,0.4104477611940299,0.23012552301255232,0.6190476190476191,0.3658316414279787
nmda_excitotoxic,memantine,200,20261202,10.8,4.3,19.3,16.5,0.3294117647058824,0.14507772020725393,0.6018518518518519,0.23711249670677095
nmda_excitotoxic,memantine,200,20261203,11.5,4.8,28.6,18.6,0.5847953216374269,0.34965034965034963,0.5826086956521739,0.5900189319118152
nmda_excitotoxic,memantine,200,20261204,11.4,5.1,19.4,18.7,0.08749999999999991,0.03608247422680409,0.5526315789473685,0.06413161929927762
nmda_excitotoxic,memantine,200,20261205,11.0,4.0,24.3,19.6,0.35338345864661647,0.19341563786008226,0.6363636363636364,0.2992365705289599
nmda_excitotoxic,memantine,200,20261206,11.4,4.5,24.6,20.6,0.303030303030303,0.16260162601626016,0.6052631578947368,0.26427980276381036
nmda_excitotoxic,memantine,200,20261207,11.3,4.6,38.5,24.2,0.5257352941176471,0.37142857142857144,0.5929203539823009,0.6160491497347508
nmda_excitotoxic,memantine,200,20261208,11.1,4.5,37.5,27.4,0.3825757575757577,0.26933333333333337,0.5945945945945946,0.4454775741320221
nmda_excitotoxic,memantine,200,20261209,11.3,4.7,19.7,20.4,-0.08333333333333326,-0.035532994923857836,0.584070796460177,-0.05981272793677842
nmda_excitotoxic,memantine,200,20261210,11.0,4.4,23.3,19.8,0.2845528455284553,0.1502145922746781,0.6,0.24625342995848867
nmda_excitotoxic,memantine,200,20261211,7.4,3.1,24.6,18.8,0.33720930232558144,0.23577235772357724,0.5810810810810811,0.39888327552685676
nmda_excitotoxic,memantine,200,20261212,10.8,2.6,19.6,16.5,0.3522727272727274,0.1581632653061225,0.7592592592592593,0.20560462991166623
nmda_excitotoxic,memantine,200,20261213,11.1,5.3,21.9,19.7,0.2037037037037036,0.10045662100456619,0.5225225225225225,0.1886429526561808
nmda_excitotoxic,memantine,200,20261214,11.5,4.0,19.6,18.7,0.11111111111111138,0.04591836734693888,0.6521739130434783,0.06934487517922483
nmda_excitotoxic,memantine,200,20261215,10.9,3.5,16.9,16.1,0.13333333333333286,0.04733727810650871,0.6788990825688074,0.06871438691715873
nmda_excitotoxic,memantine,200,20261216,11.2,4.9,19.2,19.3,-0.012500000000000178,-0.005208333333333408,0.5624999999999999,-0.009097525473071456
nmda_excitotoxic,memantine,200,20261217,10.7,3.2,21.9,15.6,0.5625,0.2876712328767123,0.7009345794392523,0.40463812170117286
nmda_excitotoxic,memantine,200,20261218,11.0,3.7,24.2,17.4,0.5151515151515152,0.28099173553719015,0.6636363636363636,0.4171267329162067
nmda_excitotoxic,memantine,200,20261219,11.4,4.5,22.1,19.5,0.24299065420560761,0.11764705882352947,0.6052631578947368,0.1912142102349923
nmda_excitotoxic,memantine,250,20261200,12.0,3.4,23.0,20.0,0.2727272727272727,0.13043478260869565,0.7166666666666667,0.17949740725967292
nmda_excitotoxic,memantine,250,20261201,10.5,2.8,23.9,18.3,0.4179104477611939,0.23430962343096226,0.7333333333333334,0.31521474004165323
nmda_excitotoxic,memantine,250,20261202,10.8,3.6,19.3,16.0,0.3882352941176471,0.17098445595854925,0.6666666666666667,0.2526863881160826
nmda_excitotoxic,memantine,250,20261203,11.5,2.9,28.6,18.1,0.6140350877192982,0.36713286713286714,0.7478260869565218,0.48445530373241213
nmda_excitotoxic,memantine,250,20261204,11.4,3.5,19.4,18.7,0.08749999999999991,0.03608247422680409,0.6929824561403509,0.05132770229418101
nmda_excitotoxic,memantine,250,20261205,11.0,3.4,24.3,19.0,0.3984962406015038,0.2181069958847737,0.6909090909090909,0.311177296333659
nmda_excitotoxic,memantine,250,20261206,11.4,2.8,24.6,20.6,0.303030303030303,0.16260162601626016,0.7543859649122808,0.21272188852253449
nmda_excitotoxic,memantine,250,20261207,11.3,2.7,38.5,22.6,0.5845588235294117,0.41298701298701296,0.7610619469026549,0.5356080852465565
nmda_excitotoxic,memantine,250,20261208,11.1,3.0,37.5,22.1,0.5833333333333333,0.4106666666666666,0.7297297297297297,0.555157715260017
nmda_excitotoxic,memantine,250,20261209,11.3,2.7,19.7,19.8,-0.011904761904762085,-0.005076142131979768,0.7610619469026549,-0.006583312991090482
nmda_excitotoxic,memantine,250,20261210,11.0,3.1,23.3,19.5,0.3089430894308943,0.16309012875536483,0.7181818181818183,0.22396896583133744
nmda_excitotoxic,memantine,250,20261211,7.4,2.2,24.6,18.3,0.36627906976744196,0.25609756097560976,0.7027027027027027,0.35933294486528483
nmda_excitotoxic,memantine,250,20261212,10.8,1.6,19.6,16.2,0.3863636363636366,0.17346938775510215,0.8518518518518519,0.20127518132306652
nmda_excitotoxic,memantine,250,20261213,11.1,1.7,21.9,19.1,0.25925925925925897,0.1278538812785387,0.8468468468468469,0.14921439198735983
nmda_excitotoxic,memantine,250,20261214,11.5,2.9,19.6,18.3,0.16049382716049387,0.06632653061224493,0.7478260869565218,0.08752210006205584
nmda_excitotoxic,memantine,250,20261215,10.9,2.4,16.9,15.7,0.19999999999999996,0.07100591715976327,0.7798165137614679,0.08990178848198625
nmda_excitotoxic,memantine,250,20261216,11.2,2.8,19.2,19.2,0.0,0.0,0.7499999999999999,0.0
nmda_excitotoxic,memantine,250,20261217,10.7,2.2,21.9,15.5,0.5714285714285714,0.29223744292237436,0.7943925233644861,0.3633020377912635
nmda_excitotoxic,memantine,250,20261218,11.0,3.2,24.2,16.9,0.5530303030303031,0.3016528925619835,0.7090909090909091,0.41949201241236644
nmda_excitotoxic,memantine,250,20261219,11.4,3.7,22.1,19.1,0.28037383177570085,0.13574660633484162,0.6754385964912281,0.1980434236264646
nmda_excitotoxic,memantine,350,20261200,12.0,1.0,23.0,19.0,0.36363636363636365,0.17391304347826086,0.9166666666666666,0.1876759461995621
nmda_excitotoxic,memantine,350,20261201,10.5,1.2,23.9,17.4,0.4850746268656717,0.27196652719665276,0.8857142857142858,0.3036308916071083
nmda_excitotoxic,memantine,350,20261202,10.8,0.8,19.3,14.6,0.5529411764705884,0.2435233160621762,0.9259259259259258,0.2601950745420957
nmda_excitotoxic,memantine,350,20261203,11.5,1.1,28.6,17.2,0.6666666666666667,0.39860139860139865,0.9043478260869565,0.435940664186028
nmda_excitotoxic,memantine,350,20261204,11.4,0.9,19.4,17.7,0.2124999999999999,0.08762886597938141,0.9210526315789473,0.09411805842895686
nmda_excitotoxic,memantine,350,20261205,11.0,1.4,24.3,17.7,0.4962406015037595,0.271604938271605,0.8727272727272727,0.3076883955703043
nmda_excitotoxic,memantine,350,20261206,11.4,0.8,24.6,20.0,0.3484848484848486,0.18699186991869923,0.9298245614035087,0.1989646553176378
nmda_excitotoxic,memantine,350,20261207,11.3,1.2,38.5,21.5,0.625,0.44155844155844154,0.8938053097345133,0.48855482126802985
nmda_excitotoxic,memantine,350,20261208,11.1,1.0,37.5,20.8,0.6325757575757576,0.4453333333333333,0.9099099099099099,0.4841053765546959
nmda_excitotoxic,memantine,350,20261209,11.3,1.2,19.7,18.7,0.11904761904761907,0.050761421319796954,0.8938053097345133,0.05616411053693386
nmda_excitotoxic,memantine,350,20261210,11.0,0.9,23.3,18.4,0.39837398373983757,0.21030042918454944,0.9181818181818181,0.22657245063957338
nmda_excitotoxic,memantine,350,20261211,7.4,0.9,24.6,16.8,0.4534883720930233,0.3170731707317073,0.8783783783783783,0.35691230048899214
nmda_excitotoxic,memantine,350,20261212,10.8,0.7,19.6,15.0,0.5227272727272729,0.23469387755102047,0.9351851851851852,0.24830465101401067
nmda_excitotoxic,memantine,350,20261213,11.1,0.9,21.9,18.2,0.34259259259259256,0.1689497716894977,0.9189189189189189,0.18187784557787068
nmda_excitotoxic,memantine,350,20261214,11.5,0.9,19.6,17.2,0.2962962962962965,0.12244897959183683,0.9217391304347826,0.13141981010789766
nmda_excitotoxic,memantine,350,20261215,10.9,0.8,16.9,14.7,0.3666666666666667,0.13017751479289938,0.9266055045871558,0.13898862878270188
nmda_excitotoxic,memantine,350,20261216,11.2,1.5,19.2,17.8,0.17499999999999982,0.0729166666666666,0.8660714285714286,0.08323141731213472
nmda_excitotoxic,memantine,350,20261217,10.7,0.6,21.9,14.6,0.6517857142857142,0.3333333333333333,0.9439252336448598,0.349433395382254
nmda_excitotoxic,memantine,350,20261218,11.0,0.9,24.2,14.9,0.7045454545454546,0.38429752066115697,0.9181818181818181,0.4140325883714718
nmda_excitotoxic,memantine,350,20261219,11.4,0.8,22.1,18.0,0.383177570093458,0.1855203619909503,0.9298245614035087,0.19739892912981458
nmda_excitotoxic,memantine,500,20261200,12.0,0.7,23.0,18.9,0.3727272727272729,0.17826086956521744,0.9416666666666668,0.18731439884261025
nmda_excitotoxic,memantine,500,20261201,10.5,0.4,23.9,16.7,0.5373134328358209,0.301255230125523,0.9619047619047618,0.30996373506300756
nmda_excitotoxic,memantine,500,20261202,10.8,0.5,19.3,14.0,0.6235294117647059,0.2746113989637306,0.9537037037037037,0.28495418032362513
nmda_excitotoxic,memantine,500,20261203,11.5,0.8,28.6,17.1,0.672514619883041,0.4020979020979021,0.9304347826086956,0.4275659615465441
nmda_excitotoxic,memantine,500,20261204,11.4,0.4,19.4,17.1,0.28749999999999976,0.11855670103092769,0.9649122807017544,0.12160755729283568
nmda_excitotoxic,memantine,500,20261205,11.0,0.4,24.3,16.7,0.5714285714285715,0.3127572016460906,0.9636363636363636,0.3212258840436038
nmda_excitotoxic,memantine,500,20261206,11.4,0.6,24.6,19.3,0.4015151515151515,0.21544715447154472,0.9473684210526316,0.2250410079691781
nmda_excitotoxic,memantine,500,20261207,11.3,0.7,38.5,19.7,0.6911764705882353,0.4883116883116883,0.9380530973451328,0.5150678687503106
nmda_excitotoxic,memantine,500,20261208,11.1,0.7,37.5,19.1,0.6969696969696969,0.49066666666666664,0.936936936936937,0.5181619256017505
nmda_excitotoxic,memantine,500,20261209,11.3,0.5,19.7,17.4,0.27380952380952395,0.11675126903553304,0.9557522123893806,0.12089153670865237
nmda_excitotoxic,memantine,500,20261210,11.0,0.4,23.3,17.8,0.44715447154471544,0.23605150214592274,0.9636363636363636,0.24244318614427174
nmda_excitotoxic,memantine,500,20261211,7.4,0.5,24.6,16.3,0.4825581395348838,0.33739837398373984,0.9324324324324325,0.35800802516198377
nmda_excitotoxic,memantine,500,20261212,10.8,0.3,19.6,14.7,0.556818181818182,0.2500000000000001,0.9722222222222222,0.25452488687782815
nmda_excitotoxic,memantine,500,20261213,11.1,0.5,21.9,16.9,0.462962962962963,0.22831050228310504,0.954954954954955,0.23660223838506825
nmda_excitotoxic,memantine,500,20261214,11.5,0.4,19.6,16.9,0.3333333333333336,0.13775510204081645,0.9652173913043478,0.1412557889852331
nmda_excitotoxic,memantine,500,20261215,10.9,0.4,16.9,13.7,0.5333333333333334,0.18934911242603547,0.963302752293578,0.19454287166026832
nmda_excitotoxic,memantine,500,20261216,11.2,0.7,19.2,16.5,0.3374999999999999,0.14062499999999997,0.9375000000000001,0.14841688654353558
nmda_excitotoxic,memantine,500,20261217,10.7,0.4,21.9,13.9,0.7142857142857142,0.36529680365296796,0.9626168224299065,0.3755814162666241
nmda_excitotoxic,memantine,500,20261218,11.0,0.4,24.2,14.6,0.7272727272727273,0.39669421487603307,0.9636363636363636,0.40743570155334863
nmda_excitotoxic,memantine,500,20261219,11.4,0.3,22.1,16.9,0.4859813084112151,0.23529411764705893,0.9736842105263157,0.2391968023164323
nmda_excitotoxic,diazepam,0,20261200,12.0,12.0,23.0,23.0,0.0,0.0,0.0,0.0
nmda_excitotoxic,diazepam,0,20261201,10.5,10.5,23.9,23.9,0.0,0.0,0.0,0.0
nmda_excitotoxic,diazepam,0,20261202,10.8,10.8,19.3,19.3,0.0,0.0,0.0,0.0
nmda_excitotoxic,diazepam,0,20261203,11.5,11.5,28.6,28.6,0.0,0.0,0.0,0.0
nmda_excitotoxic,diazepam,0,20261204,11.4,11.4,19.4,19.4,0.0,0.0,0.0,0.0
nmda_excitotoxic,diazepam,0,20261205,11.0,11.0,24.3,24.3,0.0,0.0,0.0,0.0
nmda_excitotoxic,diazepam,0,20261206,11.4,11.4,24.6,24.6,0.0,0.0,0.0,0.0
nmda_excitotoxic,diazepam,0,20261207,11.3,11.3,38.5,38.5,0.0,0.0,0.0,0.0
nmda_excitotoxic,diazepam,0,20261208,11.1,11.1,37.5,37.5,0.0,0.0,0.0,0.0
nmda_excitotoxic,diazepam,0,20261209,11.3,11.3,19.7,19.7,0.0,0.0,0.0,0.0
nmda_excitotoxic,diazepam,0,20261210,11.0,11.0,23.3,23.3,0.0,0.0,0.0,0.0
nmda_excitotoxic,diazepam,0,20261211,7.4,7.4,24.6,24.6,0.0,0.0,0.0,0.0
nmda_excitotoxic,diazepam,0,20261212,10.8,10.8,19.6,19.6,0.0,0.0,0.0,0.0
nmda_excitotoxic,diazepam,0,20261213,11.1,11.1,21.9,21.9,0.0,0.0,0.0,0.0
nmda_excitotoxic,diazepam,0,20261214,11.5,11.5,19.6,19.6,0.0,0.0,0.0,0.0
nmda_excitotoxic,diazepam,0,20261215,10.9,10.9,16.9,16.9,0.0,0.0,0.0,0.0
nmda_excitotoxic,diazepam,0,20261216,11.2,11.2,19.2,19.2,0.0,0.0,0.0,0.0
nmda_excitotoxic,diazepam,0,20261217,10.7,10.7,21.9,21.9,0.0,0.0,0.0,0.0
nmda_excitotoxic,diazepam,0,20261218,11.0,11.0,24.2,24.2,0.0,0.0,0.0,0.0
nmda_excitotoxic,diazepam,0,20261219,11.4,11.4,22.1,22.1,0.0,0.0,0.0,0.0
nmda_excitotoxic,diazepam,2.5,20261200,12.0,11.9,23.0,22.9,0.00909090909090926,0.004347826086956583,0.008333333333333304,0.23715415019763217
nmda_excitotoxic,diazepam,2.5,20261201,10.5,9.8,23.9,23.6,0.02238805970149238,0.012552301255230007,0.0666666666666666,0.16372566854647852
nmda_excitotoxic,diazepam,2.5,20261202,10.8,10.3,19.3,19.2,0.011764705882353121,0.00518134715025914,0.046296296296296294,0.09203708753749788
nmda_excitotoxic,diazepam,2.5,20261203,11.5,11.5,28.6,28.4,0.011695906432748648,0.006993006993007092,0.0,0.6993006993007091
nmda_excitotoxic,diazepam,2.5,20261204,11.4,11.0,19.4,19.3,0.012499999999999734,0.005154639175257623,0.03508771929824565,0.11432468209715341
nmda_excitotoxic,diazepam,2.5,20261205,11.0,10.8,24.3,24.0,0.022556390977443663,0.012345679012345708,0.01818181818181812,0.43807248108323577
nmda_excitotoxic,diazepam,2.5,20261206,11.4,10.9,24.6,24.4,0.01515151515151536,0.008130081300813123,0.043859649122807015,0.1509493922300808
nmda_excitotoxic,diazepam,2.5,20261207,11.3,11.0,38.5,38.1,0.014705882352941124,0.010389610389610353,0.026548672566371743,0.2842677903210576
nmda_excitotoxic,diazepam,2.5,20261208,11.1,10.9,37.5,37.2,0.011363636363636243,0.007999999999999924,0.018018018018017955,0.2855305466237921
nmda_excitotoxic,diazepam,2.5,20261209,11.3,11.1,19.7,22.3,-0.30952380952380976,-0.13197969543147217,0.01769911504424788,-4.764762167334283
nmda_excitotoxic,diazepam,2.5,20261210,11.0,10.7,23.3,23.1,0.016260162601625994,0.008583690987124432,0.027272727272727337,0.23029414843504534
nmda_excitotoxic,diazepam,2.5,20261211,7.4,7.3,24.6,24.4,0.011627906976744318,0.008130081300813123,0.013513513513513585,0.34576207831044214
nmda_excitotoxic,diazepam,2.5,20261212,10.8,10.4,19.6,19.6,0.0,0.0,0.03703703703703707,0.0
nmda_excitotoxic,diazepam,2.5,20261213,11.1,10.8,21.9,21.6,0.027777777777777568,0.013698630136986172,0.02702702702702693,0.3699630036996275
nmda_excitotoxic,diazepam,2.5,20261214,11.5,11.3,19.6,19.6,0.0,0.0,0.017391304347826025,0.0
nmda_excitotoxic,diazepam,2.5,20261215,10.9,10.3,16.9,16.8,0.016666666666666274,0.0059171597633134836,0.055045871559632996,0.09096902880129337
nmda_excitotoxic,diazepam,2.5,20261216,11.2,11.1,19.2,19.2,0.0,0.0,0.008928571428571397,0.0
nmda_excitotoxic,diazepam,2.5,20261217,10.7,10.3,21.9,21.7,0.017857142857142794,0.00913242009132417,0.03738317757009333,0.19273549305161514
nmda_excitotoxic,diazepam,2.5,20261218,11.0,10.5,24.2,24.0,0.015151515151515138,0.008264462809917326,0.045454545454545456,0.14903129657227965
nmda_excitotoxic,diazepam,2.5,20261219,11.4,11.1,22.1,21.9,0.018691588785046953,0.009049773755656236,0.02631578947368427,0.24919666863401185
nmda_excitotoxic,diazepam,5,20261200,12.0,11.4,23.0,22.7,0.027272727272727337,0.013043478260869596,0.04999999999999997,0.2173913043478267
nmda_excitotoxic,diazepam,5,20261201,10.5,9.6,23.9,23.4,0.03731343283582089,0.020920502092050212,0.08571428571428574,0.21857240991694246
nmda_excitotoxic,diazepam,5,20261202,10.8,9.9,19.3,19.2,0.011764705882353121,0.00518134715025914,0.08333333333333336,0.055514433752776496
nmda_excitotoxic,diazepam,5,20261203,11.5,10.9,28.6,28.0,0.03508771929824572,0.02097902097902103,0.05217391304347823,0.33742481294928944
nmda_excitotoxic,diazepam,5,20261204,11.4,10.6,19.4,19.2,0.02499999999999991,0.010309278350515427,0.0701754385964913,0.1285839969320304
nmda_excitotoxic,diazepam,5,20261205,11.0,10.0,24.3,24.0,0.022556390977443663,0.012345679012345708,0.09090909090909091,0.12234456678901152
nmda_excitotoxic,diazepam,5,20261206,11.4,10.4,24.6,24.7,-0.007575757575757347,-0.004065040650406417,0.08771929824561403,-0.04159915925909619
nmda_excitotoxic,diazepam,5,20261207,11.3,10.6,38.5,38.0,0.018382352941176516,0.012987012987012988,0.061946902654867346,0.18050829858947917
nmda_excitotoxic,diazepam,5,20261208,11.1,10.2,37.5,36.7,0.030303030303030165,0.021333333333333256,0.08108108108108111,0.23422354104846596
nmda_excitotoxic,diazepam,5,20261209,11.3,10.4,19.7,22.1,-0.28571428571428603,-0.1218274111675128,0.07964601769911507,-1.3589829676139136
nmda_excitotoxic,diazepam,5,20261210,11.0,10.2,23.3,23.2,0.008130081300813163,0.0042918454935622925,0.0727272727272728,0.051879451021082615
nmda_excitotoxic,diazepam,5,20261211,7.4,7.2,24.6,24.2,0.023255813953488746,0.0162601626016261,0.02702702702702705,0.4391430775621645
nmda_excitotoxic,diazepam,5,20261212,10.8,9.8,19.6,19.4,0.02272727272727304,0.010204081632653206,0.09259259259259259,0.09946216753849696
nmda_excitotoxic,diazepam,5,20261213,11.1,10.2,21.9,21.7,0.01851851851851849,0.00913242009132417,0.08108108108108111,0.10026692681869263
nmda_excitotoxic,diazepam,5,20261214,11.5,10.8,19.6,19.5,0.012345679012345845,0.005102040816326603,0.060869565217391244,0.07199198697884171
nmda_excitotoxic,diazepam,5,20261215,10.9,9.7,16.9,16.7,0.033333333333333215,0.011834319526627177,0.11009174311926614,0.09854398994670446
nmda_excitotoxic,diazepam,5,20261216,11.2,10.3,19.2,19.1,0.012499999999999734,0.005208333333333223,0.08035714285714274,0.05764163372858911
nmda_excitotoxic,diazepam,5,20261217,10.7,9.8,21.9,21.6,0.02678571428571408,0.013698630136986172,0.08411214953271015,0.14555644733441137
nmda_excitotoxic,diazepam,5,20261218,11.0,9.9,24.2,23.7,0.037878787878787845,0.02066115702479339,0.09999999999999996,0.18782870022539452
nmda_excitotoxic,diazepam,5,20261219,11.4,10.5,22.1,21.6,0.04672897196261683,0.02262443438914027,0.07894736842105265,0.25435754638678404
nmda_excitotoxic,diazepam,7.5,20261200,12.0,10.8,23.0,23.6,-0.054545454545454675,-0.02608695652173919,0.09999999999999994,-0.23715415019762917
nmda_excitotoxic,diazepam,7.5,20261201,10.5,9.0,23.9,25.3,-0.10447761194029859,-0.058577405857740676,0.14285714285714285,-0.38321667383568664
nmda_excitotoxic,diazepam,7.5,20261202,10.8,9.2,19.3,18.8,0.05882352941176472,0.025906735751295335,0.14814814814814828,0.1638130832049118
nmda_excitotoxic,diazepam,7.5,20261203,11.5,0.0,28.6,0.0,0.32748538011695916,1.0,1.0,0.9900990099009901
nmda_excitotoxic,diazepam,7.5,20261204,11.4,0.0,19.4,7.2,0.47499999999999987,0.6288659793814433,1.0,0.6226395835459835
nmda_excitotoxic,diazepam,7.5,20261205,11.0,9.4,24.3,23.8,0.03759398496240607,0.0205761316872428,0.14545454545454542,0.13236108102904726
nmda_excitotoxic,diazepam,7.5,20261206,11.4,0.0,24.6,9.3,0.8409090909090909,0.6219512195121951,1.0,0.6157932866457377
nmda_excitotoxic,diazepam,7.5,20261207,11.3,10.3,38.5,37.0,0.05514705882352944,0.03896103896103896,0.08849557522123894,0.39556131200336053
nmda_excitotoxic,diazepam,7.5,20261208,11.1,9.9,37.5,35.9,0.06060606060606066,0.04266666666666671,0.10810810810810804,0.36125095347063363
nmda_excitotoxic,diazepam,7.5,20261209,11.3,0.0,19.7,9.5,0.7857142857142856,0.5177664974619289,1.0,0.5126400964969593
nmda_excitotoxic,diazepam,7.5,20261210,11.0,9.4,23.3,23.0,0.024390243902439046,0.012875536480686725,0.14545454545454542,0.0828250884722538
nmda_excitotoxic,diazepam,7.5,20261211,7.4,7.1,24.6,24.4,0.011627906976744318,0.008130081300813123,0.04054054054054063,0.16086257119255884
nmda_excitotoxic,diazepam,7.5,20261212,10.8,9.6,19.6,19.1,0.05681818181818177,0.02551020408163265,0.1111111111111112,0.2106347126006364
nmda_excitotoxic,diazepam,7.5,20261213,11.1,9.6,21.9,21.3,0.05555555555555536,0.027397260273972508,0.13513513513513514,0.18877069462513643
nmda_excitotoxic,diazepam,7.5,20261214,11.5,10.2,19.6,19.3,0.03703703703703709,0.015306122448979626,0.11304347826086962,0.12439604817191917
nmda_excitotoxic,diazepam,7.5,20261215,10.9,8.4,16.9,16.5,0.06666666666666643,0.023668639053254354,0.2293577981651376,0.09888392705269163
nmda_excitotoxic,diazepam,7.5,20261216,11.2,9.8,19.2,19.0,0.02499999999999991,0.01041666666666663,0.12499999999999988,0.0771604938271603
nmda_excitotoxic,diazepam,7.5,20261217,10.7,0.0,21.9,9.4,0.8839285714285715,0.5707762557077625,1.0,0.56512500565125
nmda_excitotoxic,diazepam,7.5,20261218,11.0,9.5,24.2,24.1,0.007575757575757458,0.004132231404958589,0.13636363636363635,0.0282326369282885
nmda_excitotoxic,diazepam,7.5,20261219,11.4,10.1,22.1,21.3,0.07476635514018692,0.036199095022624465,0.11403508771929831,0.2918456034355861
nmda_excitotoxic,diazepam,10,20261200,12.0,0.4,23.0,11.4,0.9454545454545454,0.5043478260869565,0.9666666666666667,0.5163970915566107
nmda_excitotoxic,diazepam,10,20261201,10.5,0.0,23.9,7.2,0.753731343283582,0.698744769874477,1.0,0.6918265048262148
nmda_excitotoxic,diazepam,10,20261202,10.8,0.0,19.3,9.1,0.7999999999999998,0.5284974093264249,1.0,0.5232647617093316
nmda_excitotoxic,diazepam,10,20261203,11.5,0.0,28.6,0.0,0.32748538011695916,1.0,1.0,0.9900990099009901
nmda_excitotoxic,diazepam,10,20261204,11.4,0.0,19.4,7.2,0.47499999999999987,0.6288659793814433,1.0,0.6226395835459835
nmda_excitotoxic,diazepam,10,20261205,11.0,0.0,24.3,8.9,0.8421052631578948,0.6337448559670782,1.0,0.6274701544228497
nmda_excitotoxic,diazepam,10,20261206,11.4,0.0,24.6,8.9,0.8106060606060606,0.6382113821138211,1.0,0.6318924575384367
nmda_excitotoxic,diazepam,10,20261207,11.3,0.0,38.5,7.2,0.8492647058823529,0.812987012987013,1.0,0.804937636620805
nmda_excitotoxic,diazepam,10,20261208,11.1,9.3,37.5,35.7,0.06818181818181812,0.047999999999999925,0.16216216216216206,0.2788069073783357
nmda_excitotoxic,diazepam,10,20261209,11.3,0.0,19.7,9.3,0.7619047619047619,0.5279187817258882,1.0,0.5226918630949389
nmda_excitotoxic,diazepam,10,20261210,11.0,9.4,23.3,22.7,0.0487804878048782,0.02575107296137345,0.14545454545454542,0.1656501769445076
nmda_excitotoxic,diazepam,10,20261211,7.4,0.0,24.6,8.6,0.930232558139535,0.6504065040650406,1.0,0.643966835707961
nmda_excitotoxic,diazepam,10,20261212,10.8,0.0,19.6,7.4,0.6136363636363636,0.6224489795918368,1.0,0.6162861184077592
nmda_excitotoxic,diazepam,10,20261213,11.1,0.0,21.9,8.1,0.7222222222222222,0.6301369863013698,1.0,0.6238980062389801
nmda_excitotoxic,diazepam,10,20261214,11.5,0.0,19.6,7.0,0.44444444444444453,0.6428571428571429,1.0,0.6364922206506365
nmda_excitotoxic,diazepam,10,20261215,10.9,3.9,16.9,18.4,-0.25,-0.08875739644970415,0.6422018348623852,-0.13608884812234848
nmda_excitotoxic,diazepam,10,20261216,11.2,9.6,19.2,19.0,0.02499999999999991,0.01041666666666663,0.14285714285714282,0.06814641744548264
nmda_excitotoxic,diazepam,10,20261217,10.7,0.0,21.9,9.4,0.8839285714285715,0.5707762557077625,1.0,0.56512500565125
nmda_excitotoxic,diazepam,10,20261218,11.0,0.0,24.2,8.8,0.8333333333333334,0.6363636363636364,1.0,0.6300630063006301
nmda_excitotoxic,diazepam,10,20261219,11.4,0.0,22.1,4.4,0.3457943925233645,0.8009049773755657,1.0,0.7929752251243224
nmda_excitotoxic,diazepam,12.5,20261200,12.0,0.4,23.0,11.2,0.9272727272727272,0.5130434782608696,0.9666666666666667,0.5253004896868972
nmda_excitotoxic,diazepam,12.5,20261201,10.5,0.0,23.9,7.2,0.753731343283582,0.698744769874477,1.0,0.6918265048262148
nmda_excitotoxic,diazepam,12.5,20261202,10.8,0.0,19.3,9.1,0.7999999999999998,0.5284974093264249,1.0,0.5232647617093316
nmda_excitotoxic,diazepam,12.5,20261203,11.5,0.0,28.6,0.0,0.32748538011695916,1.0,1.0,0.9900990099009901
nmda_excitotoxic,diazepam,12.5,20261204,11.4,0.0,19.4,7.2,0.47499999999999987,0.6288659793814433,1.0,0.6226395835459835
nmda_excitotoxic,diazepam,12.5,20261205,11.0,0.0,24.3,8.9,0.8421052631578948,0.6337448559670782,1.0,0.6274701544228497
nmda_excitotoxic,diazepam,12.5,20261206,11.4,0.0,24.6,8.9,0.8106060606060606,0.6382113821138211,1.0,0.6318924575384367
nmda_excitotoxic,diazepam,12.5,20261207,11.3,0.0,38.5,7.2,0.8492647058823529,0.812987012987013,1.0,0.804937636620805
nmda_excitotoxic,diazepam,12.5,20261208,11.1,0.0,37.5,0.0,0.5795454545454546,1.0,1.0,0.9900990099009901
nmda_excitotoxic,diazepam,12.5,20261209,11.3,0.0,19.7,9.3,0.7619047619047619,0.5279187817258882,1.0,0.5226918630949389
nmda_excitotoxic,diazepam,12.5,20261210,11.0,9.1,23.3,22.7,0.0487804878048782,0.02575107296137345,0.17272727272727276,0.1409262699378646
nmda_excitotoxic,diazepam,12.5,20261211,7.4,0.0,24.6,8.6,0.930232558139535,0.6504065040650406,1.0,0.643966835707961
nmda_excitotoxic,diazepam,12.5,20261212,10.8,0.0,19.6,7.4,0.6136363636363636,0.6224489795918368,1.0,0.6162861184077592
nmda_excitotoxic,diazepam,12.5,20261213,11.1,0.0,21.9,8.1,0.7222222222222222,0.6301369863013698,1.0,0.6238980062389801
nmda_excitotoxic,diazepam,12.5,20261214,11.5,0.0,19.6,6.8,0.4197530864197532,0.6530612244897959,1.0,0.6465952717720751
nmda_excitotoxic,diazepam,12.5,20261215,10.9,3.8,16.9,18.4,-0.25,-0.08875739644970415,0.6513761467889908,-0.13420108493574356
nmda_excitotoxic,diazepam,12.5,20261216,11.2,9.5,19.2,19.0,0.02499999999999991,0.01041666666666663,0.15178571428571422,0.06438557763061054
nmda_excitotoxic,diazepam,12.5,20261217,10.7,0.0,21.9,9.1,0.8571428571428572,0.5844748858447488,1.0,0.5786880057868801
nmda_excitotoxic,diazepam,12.5,20261218,11.0,0.0,24.2,8.8,0.8333333333333334,0.6363636363636364,1.0,0.6300630063006301
nmda_excitotoxic,diazepam,12.5,20261219,11.4,0.0,22.1,4.4,0.3457943925233645,0.8009049773755657,1.0,0.7929752251243224
nmda_excitotoxic,diazepam,15,20261200,12.0,0.4,23.0,11.2,0.9272727272727272,0.5130434782608696,0.9666666666666667,0.5253004896868972
nmda_excitotoxic,diazepam,15,20261201,10.5,0.0,23.9,7.2,0.753731343283582,0.698744769874477,1.0,0.6918265048262148
nmda_excitotoxic,diazepam,15,20261202,10.8,0.0,19.3,9.1,0.7999999999999998,0.5284974093264249,1.0,0.5232647617093316
nmda_excitotoxic,diazepam,15,20261203,11.5,0.0,28.6,0.0,0.32748538011695916,1.0,1.0,0.9900990099009901
nmda_excitotoxic,diazepam,15,20261204,11.4,0.0,19.4,7.2,0.47499999999999987,0.6288659793814433,1.0,0.6226395835459835
nmda_excitotoxic,diazepam,15,20261205,11.0,0.0,24.3,8.9,0.8421052631578948,0.6337448559670782,1.0,0.6274701544228497
nmda_excitotoxic,diazepam,15,20261206,11.4,0.0,24.6,8.9,0.8106060606060606,0.6382113821138211,1.0,0.6318924575384367
nmda_excitotoxic,diazepam,15,20261207,11.3,0.0,38.5,7.2,0.8492647058823529,0.812987012987013,1.0,0.804937636620805
nmda_excitotoxic,diazepam,15,20261208,11.1,0.0,37.5,0.0,0.5795454545454546,1.0,1.0,0.9900990099009901
nmda_excitotoxic,diazepam,15,20261209,11.3,0.0,19.7,9.3,0.7619047619047619,0.5279187817258882,1.0,0.5226918630949389
nmda_excitotoxic,diazepam,15,20261210,11.0,0.0,23.3,8.2,0.7723577235772358,0.648068669527897,1.0,0.6416521480474228
nmda_excitotoxic,diazepam,15,20261211,7.4,0.0,24.6,8.6,0.930232558139535,0.6504065040650406,1.0,0.643966835707961
nmda_excitotoxic,diazepam,15,20261212,10.8,0.0,19.6,7.4,0.6136363636363636,0.6224489795918368,1.0,0.6162861184077592
nmda_excitotoxic,diazepam,15,20261213,11.1,0.0,21.9,8.1,0.7222222222222222,0.6301369863013698,1.0,0.6238980062389801
nmda_excitotoxic,diazepam,15,20261214,11.5,0.0,19.6,6.8,0.4197530864197532,0.6530612244897959,1.0,0.6465952717720751
nmda_excitotoxic,diazepam,15,20261215,10.9,3.7,16.9,18.3,-0.23333333333333384,-0.08284023668639066,0.6605504587155964,-0.12354064576298511
nmda_excitotoxic,diazepam,15,20261216,11.2,0.0,19.2,6.7,0.4375000000000001,0.6510416666666667,1.0,0.6445957095709571
nmda_excitotoxic,diazepam,15,20261217,10.7,0.0,21.9,9.1,0.8571428571428572,0.5844748858447488,1.0,0.5786880057868801
nmda_excitotoxic,diazepam,15,20261218,11.0,0.0,24.2,8.8,0.8333333333333334,0.6363636363636364,1.0,0.6300630063006301
nmda_excitotoxic,diazepam,15,20261219,11.4,0.0,22.1,4.3,0.33644859813084116,0.8054298642533937,1.0,0.797455311141974
nmda_excitotoxic,diazepam,20,20261200,12.0,0.4,23.0,10.9,0.9,0.5260869565217391,0.9666666666666667,0.5386555868823267
nmda_excitotoxic,diazepam,20,20261201,10.5,0.0,23.9,7.2,0.753731343283582,0.698744769874477,1.0,0.6918265048262148
nmda_excitotoxic,diazepam,20,20261202,10.8,0.0,19.3,9.1,0.7999999999999998,0.5284974093264249,1.0,0.5232647617093316
nmda_excitotoxic,diazepam,20,20261203,11.5,0.0,28.6,0.0,0.32748538011695916,1.0,1.0,0.9900990099009901
nmda_excitotoxic,diazepam,20,20261204,11.4,0.0,19.4,7.2,0.47499999999999987,0.6288659793814433,1.0,0.6226395835459835
nmda_excitotoxic,diazepam,20,20261205,11.0,0.0,24.3,8.7,0.8270676691729323,0.6419753086419754,1.0,0.6356191174673024
nmda_excitotoxic,diazepam,20,20261206,11.4,0.0,24.6,8.8,0.8030303030303031,0.6422764227642276,1.0,0.6359172502616115
nmda_excitotoxic,diazepam,20,20261207,11.3,0.0,38.5,7.2,0.8492647058823529,0.812987012987013,1.0,0.804937636620805
nmda_excitotoxic,diazepam,20,20261208,11.1,0.0,37.5,0.0,0.5795454545454546,1.0,1.0,0.9900990099009901
nmda_excitotoxic,diazepam,20,20261209,11.3,0.0,19.7,9.2,0.7499999999999998,0.5329949238578681,1.0,0.5277177463939288
nmda_excitotoxic,diazepam,20,20261210,11.0,0.0,23.3,8.2,0.7723577235772358,0.648068669527897,1.0,0.6416521480474228
nmda_excitotoxic,diazepam,20,20261211,7.4,0.0,24.6,8.6,0.930232558139535,0.6504065040650406,1.0,0.643966835707961
nmda_excitotoxic,diazepam,20,20261212,10.8,0.0,19.6,7.4,0.6136363636363636,0.6224489795918368,1.0,0.6162861184077592
nmda_excitotoxic,diazepam,20,20261213,11.1,0.0,21.9,8.1,0.7222222222222222,0.6301369863013698,1.0,0.6238980062389801
nmda_excitotoxic,diazepam,20,20261214,11.5,0.0,19.6,6.8,0.4197530864197532,0.6530612244897959,1.0,0.6465952717720751
nmda_excitotoxic,diazepam,20,20261215,10.9,3.4,16.9,18.1,-0.20000000000000062,-0.07100591715976348,0.6880733944954128,-0.10171697950340675
nmda_excitotoxic,diazepam,20,20261216,11.2,0.0,19.2,6.7,0.4375000000000001,0.6510416666666667,1.0,0.6445957095709571
nmda_excitotoxic,diazepam,20,20261217,10.7,0.0,21.9,9.1,0.8571428571428572,0.5844748858447488,1.0,0.5786880057868801
nmda_excitotoxic,diazepam,20,20261218,11.0,0.0,24.2,8.8,0.8333333333333334,0.6363636363636364,1.0,0.6300630063006301
nmda_excitotoxic,diazepam,20,20261219,11.4,0.0,22.1,4.2,0.3271028037383178,0.8099547511312217,1.0,0.8019353971596255
nmda_excitotoxic,diazepam,30,20261200,12.0,0.4,23.0,10.6,0.8727272727272727,0.5391304347826087,0.9666666666666667,0.5520106840777563
nmda_excitotoxic,diazepam,30,20261201,10.5,0.0,23.9,5.9,0.6567164179104478,0.7531380753138076,1.0,0.7456812626869382
nmda_excitotoxic,diazepam,30,20261202,10.8,0.0,19.3,5.4,0.3647058823529411,0.7202072538860104,1.0,0.7130764889960499
nmda_excitotoxic,diazepam,30,20261203,11.5,0.0,28.6,0.0,0.32748538011695916,1.0,1.0,0.9900990099009901
nmda_excitotoxic,diazepam,30,20261204,11.4,0.0,19.4,5.4,0.24999999999999978,0.7216494845360825,1.0,0.7145044401347351
nmda_excitotoxic,diazepam,30,20261205,11.0,0.0,24.3,7.1,0.7067669172932332,0.7078189300411524,1.0,0.7008108218229231
nmda_excitotoxic,diazepam,30,20261206,11.4,0.0,24.6,5.3,0.5378787878787878,0.7845528455284553,1.0,0.776784995572728
nmda_excitotoxic,diazepam,30,20261207,11.3,0.0,38.5,7.2,0.8492647058823529,0.812987012987013,1.0,0.804937636620805
nmda_excitotoxic,diazepam,30,20261208,11.1,0.0,37.5,0.0,0.5795454545454546,1.0,1.0,0.9900990099009901
nmda_excitotoxic,diazepam,30,20261209,11.3,0.0,19.7,9.2,0.7499999999999998,0.5329949238578681,1.0,0.5277177463939288
nmda_excitotoxic,diazepam,30,20261210,11.0,0.0,23.3,7.1,0.6829268292682926,0.6952789699570816,1.0,0.6883950197594867
nmda_excitotoxic,diazepam,30,20261211,7.4,0.0,24.6,5.4,0.8837209302325582,0.7804878048780488,1.0,0.7727602028495533
nmda_excitotoxic,diazepam,30,20261212,10.8,0.0,19.6,5.6,0.40909090909090906,0.7142857142857143,1.0,0.7072135785007072
nmda_excitotoxic,diazepam,30,20261213,11.1,0.0,21.9,5.5,0.4814814814814815,0.7488584474885844,1.0,0.74144400741444
nmda_excitotoxic,diazepam,30,20261214,11.5,0.0,19.6,5.6,0.27160493827160503,0.7142857142857143,1.0,0.7072135785007072
nmda_excitotoxic,diazepam,30,20261215,10.9,3.2,16.9,17.9,-0.16666666666666674,-0.0591715976331361,0.7064220183486238,-0.08259321477797202
nmda_excitotoxic,diazepam,30,20261216,11.2,0.0,19.2,5.1,0.23750000000000004,0.734375,1.0,0.7271039603960396
nmda_excitotoxic,diazepam,30,20261217,10.7,0.0,21.9,9.1,0.8571428571428572,0.5844748858447488,1.0,0.5786880057868801
nmda_excitotoxic,diazepam,30,20261218,11.0,0.0,24.2,8.2,0.7878787878787878,0.6611570247933884,1.0,0.6546109156370182
nmda_excitotoxic,diazepam,30,20261219,11.4,0.0,22.1,4.1,0.31775700934579443,0.8144796380090498,1.0,0.806415483177277
nmda_excitotoxic,diazepam,60,20261200,12.0,0.3,23.0,10.5,0.8636363636363636,0.5434782608695652,0.975,0.5517545795630103
nmda_excitotoxic,diazepam,60,20261201,10.5,0.0,23.9,5.8,0.6492537313432836,0.7573221757322175,1.0,0.7498239363685322
nmda_excitotoxic,diazepam,60,20261202,10.8,0.0,19.3,5.2,0.3411764705882352,0.7305699481865285,1.0,0.7233365823628995
nmda_excitotoxic,diazepam,60,20261203,11.5,0.0,28.6,0.0,0.32748538011695916,1.0,1.0,0.9900990099009901
nmda_excitotoxic,diazepam,60,20261204,11.4,0.0,19.4,5.3,0.2374999999999997,0.7268041237113402,1.0,0.7196080432785547
nmda_excitotoxic,diazepam,60,20261205,11.0,0.0,24.3,7.1,0.7067669172932332,0.7078189300411524,1.0,0.7008108218229231
nmda_excitotoxic,diazepam,60,20261206,11.4,0.0,24.6,5.4,0.5454545454545454,0.7804878048780488,1.0,0.7727602028495533
nmda_excitotoxic,diazepam,60,20261207,11.3,0.0,38.5,5.6,0.7904411764705882,0.8545454545454545,1.0,0.846084608460846
nmda_excitotoxic,diazepam,60,20261208,11.1,0.0,37.5,0.0,0.5795454545454546,1.0,1.0,0.9900990099009901
nmda_excitotoxic,diazepam,60,20261209,11.3,0.0,19.7,6.9,0.47619047619047605,0.649746192893401,1.0,0.6433130622706941
nmda_excitotoxic,diazepam,60,20261210,11.0,0.0,23.3,6.6,0.6422764227642277,0.7167381974248928,1.0,0.7096417796286066
nmda_excitotoxic,diazepam,60,20261211,7.4,0.0,24.6,5.2,0.872093023255814,0.7886178861788619,1.0,0.7808097882959029
nmda_excitotoxic,diazepam,60,20261212,10.8,0.0,19.6,5.5,0.3977272727272727,0.7193877551020408,1.0,0.7122651040614265
nmda_excitotoxic,diazepam,60,20261213,11.1,0.0,21.9,5.4,0.4722222222222222,0.7534246575342466,1.0,0.7459650074596501
nmda_excitotoxic,diazepam,60,20261214,11.5,0.0,19.6,5.6,0.27160493827160503,0.7142857142857143,1.0,0.7072135785007072
nmda_excitotoxic,diazepam,60,20261215,10.9,2.4,16.9,17.8,-0.15000000000000036,-0.05325443786982262,0.7798165137614679,-0.0674263413614899
nmda_excitotoxic,diazepam,60,20261216,11.2,0.0,19.2,5.0,0.2250000000000001,0.7395833333333334,1.0,0.7322607260726073
nmda_excitotoxic,diazepam,60,20261217,10.7,0.0,21.9,5.2,0.5089285714285714,0.7625570776255708,1.0,0.7550070075500701
nmda_excitotoxic,diazepam,60,20261218,11.0,0.0,24.2,8.2,0.7878787878787878,0.6611570247933884,1.0,0.6546109156370182
nmda_excitotoxic,diazepam,60,20261219,11.4,0.0,22.1,1.0,0.028037383177570208,0.9547511312217195,1.0,0.9452981497244748
