state,drive_multiplier,drug,replicate,seed,concentration_nM,receptor_gain,target_effect,firing_hz,mean_isi_ms,mean_ampa_psp_mv,mean_nmda_psp_mv,mean_gaba_psp_mv,nmda_open_fraction,mean_plasticity_state,state_baseline_hz,within_state_suppression_fraction
healthy,1.0,perampanel,1,20261200,0,1.0,0.0,12.0,82.14285714285714,6.088232145862229,0.24058184329105453,-0.551263035714291,0.08445384615384689,19518.586315428267,12.0,0.0
healthy,1.0,perampanel,1,20261200,6,0.9741421208800244,0.025857879119975637,10.9,90.50925925925925,5.909754918682133,0.14646133027369815,-0.5523092857142915,0.06649615384615527,12295.158135349315,12.0,0.09166666666666667
healthy,1.0,perampanel,1,20261200,8,0.9676668921927091,0.03233310780729098,8.1,120.5125,6.313276311872998,0.15640614878170886,-0.5601866071428626,0.07016923076923244,11300.4277061375,12.0,0.32500000000000007
healthy,1.0,perampanel,1,20261200,10,0.9615904074078002,0.03840959259219974,7.8,125.20779220779221,6.344464933944141,0.1509541013851801,-0.5606903571428626,0.07010769230769406,11114.924475273196,12.0,0.35
healthy,1.0,perampanel,1,20261200,12,0.9558253497558058,0.044174650244194216,7.6,128.54666666666665,6.359957314741158,0.15402419484312405,-0.5623566071428628,0.06992692307692482,11315.108295756252,12.0,0.3666666666666667
healthy,1.0,perampanel,1,20261200,14,0.9503156200134328,0.049684379986567204,7.4,132.06849315068493,6.369261749454593,0.1530380369659545,-0.5646539285714344,0.06961153846154022,10869.311293938581,12.0,0.3833333333333333
healthy,1.0,perampanel,1,20261200,16,0.9450221738818855,0.05497782611811456,0.0,nan,4.616823194604156,0.0038324999999999995,-0.8026951785714257,0.031834615384615475,115.03978316448145,12.0,1.0
healthy,1.0,perampanel,1,20261200,18,0.9399162876906435,0.06008371230935653,0.0,nan,4.593026654634999,0.0038324999999999995,-0.8073064285714258,0.03120000000000005,115.03978316448145,12.0,1.0
healthy,1.0,perampanel,1,20261200,22,0.9301837569953113,0.06981624300468868,0.0,nan,4.547586242666748,0.0038324999999999995,-0.810035535714285,0.029949999999999984,115.03978316448145,12.0,1.0
healthy,1.0,memantine,1,20261200,0,1.0,0.0,12.0,82.14285714285714,6.088232145862229,0.24058184329105453,-0.551263035714291,0.08445384615384689,19518.586315428267,12.0,0.0
healthy,1.0,memantine,1,20261200,50,0.9268452221991218,0.07315477780087822,11.5,85.74561403508773,5.979800859139039,0.1854735956590293,-0.5469064285714337,0.07396538461538556,9935.58663508113,12.0,0.04166666666666663
healthy,1.0,memantine,1,20261200,100,0.870062755069906,0.12993724493009393,11.0,89.6788990825688,5.915364596677302,0.15066071507665582,-0.5496576785714343,0.06710384615384749,5244.686617111052,12.0,0.08333333333333337
healthy,1.0,memantine,1,20261200,125,0.8450406189991146,0.15495938100088538,9.9,98.37755102040816,6.0548241984515325,0.138475573226351,-0.5548391071428629,0.06747692307692492,3847.425250727715,12.0,0.17499999999999993
healthy,1.0,memantine,1,20261200,150,0.8217846664011272,0.1782153335988728,8.3,117.57317073170732,6.297093433163219,0.1486368130648814,-0.5582103571428628,0.07118461538461733,2826.5954710448373,12.0,0.30833333333333324
healthy,1.0,memantine,1,20261200,175,0.8000596497582824,0.19994035024171763,6.9,141.78676470588235,6.512478948063117,0.13661339444751372,-0.5656226785714346,0.07421923076923284,2078.2670025639945,12.0,0.42499999999999993
healthy,1.0,memantine,1,20261200,200,0.7796827121197533,0.22031728788024676,4.8,205.13829787234042,6.777517322682325,0.11811074077368061,-0.5691323214285774,0.07831923076923274,1371.183849384882,12.0,0.6000000000000001
healthy,1.0,memantine,1,20261200,250,0.7424088119900276,0.2575911880099724,3.4,292.1666666666667,6.793800770417455,0.10029622316245093,-0.5738210714285771,0.07650000000000161,674.6030238173877,12.0,0.7166666666666667
healthy,1.0,memantine,1,20261200,350,0.6789546199580587,0.3210453800419412,1.0,568.9444444444445,6.733051680105586,0.042186746164683535,-0.5729021428571492,0.06941538461538548,48.96303015240722,12.0,0.9166666666666666
healthy,1.0,memantine,1,20261200,500,0.6036820500876947,0.39631794991230535,0.7,853.4166666666666,6.67675376257545,0.034787573068485685,-0.5732896428571493,0.06619230769230838,13.13986538597538,12.0,0.9416666666666667
healthy,1.0,diazepam,1,20261200,0,1.0,0.0,12.0,82.14285714285714,6.088232145862229,0.24058184329105453,-0.551263035714291,0.08445384615384689,19518.586315428267,12.0,0.0
healthy,1.0,diazepam,1,20261200,2.5,1.4636363636363636,0.4636363636363636,11.9,82.83898305084746,6.117035237313783,0.24015363835113462,-0.8605180795454443,0.08476923076923154,19519.82413926121,12.0,0.008333333333333304
healthy,1.0,diazepam,1,20261200,5,1.8499999999999999,0.8499999999999999,11.4,86.50442477876106,6.235407894196256,0.24130612950600785,-1.1834991785715068,0.08636923076923166,19459.748941731006,12.0,0.04999999999999993
healthy,1.0,diazepam,1,20261200,7.5,2.1769230769230767,1.1769230769230767,10.8,91.35514018691589,6.372878084527152,0.24686351034712925,-1.671581872252635,0.08786153846153945,19995.13089831212,12.0,0.09999999999999998
healthy,1.0,diazepam,1,20261200,10,2.457142857142857,1.4571428571428569,0.4,199.5,5.212791620399282,0.03716318891855805,-2.9223984693878022,0.04713461538461559,778.4870450426611,12.0,0.9666666666666667
healthy,1.0,diazepam,1,20261200,12.5,2.6999999999999997,1.6999999999999997,0.4,199.5,5.216082470927852,0.03716318891855805,-3.3614667321425964,0.04690000000000023,778.4870450426611,12.0,0.9666666666666667
healthy,1.0,diazepam,1,20261200,15,2.9124999999999996,1.9124999999999996,0.4,199.5,5.224255729799821,0.037104838868491294,-3.9592519799107633,0.04661538461538484,778.6777431211747,12.0,0.9666666666666667
healthy,1.0,diazepam,1,20261200,20,3.2666666666666666,2.2666666666666666,0.4,199.5,5.229919621955676,0.037104838868491294,-4.638808999999997,0.04630384615384639,778.6777431211747,12.0,0.9666666666666667
healthy,1.0,diazepam,1,20261200,30,3.7818181818181813,2.7818181818181813,0.4,199.5,5.242402533112027,0.03697119843124163,-6.2104916883116,0.045519230769230964,779.2737754794069,12.0,0.9666666666666667
healthy,1.0,diazepam,1,20261200,60,4.6,3.5999999999999996,0.3,299.25,5.273149581125365,0.03601219626168223,-10.021647892857176,0.04423461538461556,752.2848704404878,12.0,0.975
healthy,1.0,perampanel,2,20261201,0,1.0,0.0,10.5,93.9951923076923,6.1348984815036935,0.18075833110814388,-0.553521607142862,0.07480769230769384,14156.157475071755,10.5,0.0
healthy,1.0,perampanel,2,20261201,6,0.9741421208800244,0.025857879119975637,8.0,122.0379746835443,6.402259016202749,0.14536852319759663,-0.5615151785714335,0.07425769230769443,11240.382178942291,10.5,0.23809523809523814
healthy,1.0,perampanel,2,20261201,8,0.9676668921927091,0.03233310780729098,7.9,123.6025641025641,6.399314476042164,0.1454483456275032,-0.5614542857142907,0.07346923076923281,11269.172231737404,10.5,0.24761904761904763
healthy,1.0,perampanel,2,20261201,10,0.9615904074078002,0.03840959259219974,7.4,132.06849315068493,6.450601306037392,0.14453243441254993,-0.561952500000005,0.07367692307692525,10907.455681225858,10.5,0.2952380952380952
healthy,1.0,perampanel,2,20261201,12,0.9558253497558058,0.044174650244194216,0.0,nan,4.712792230175303,0.008623125,-0.7864700000000029,0.034896153846153966,251.54356806346667,10.5,1.0
healthy,1.0,perampanel,2,20261201,14,0.9503156200134328,0.049684379986567204,0.0,nan,4.666456189621805,0.006433125,-0.7967276785714328,0.033423076923077,183.2951153161738,10.5,1.0
healthy,1.0,perampanel,2,20261201,16,0.9450221738818855,0.05497782611811456,0.0,nan,4.641614066507081,0.006433125,-0.7991523214285756,0.03278846153846159,183.2951153161738,10.5,1.0
healthy,1.0,perampanel,2,20261201,18,0.9399162876906435,0.06008371230935653,0.0,nan,4.617849342017839,0.006433125,-0.8043835714285731,0.03212692307692305,183.2951153161738,10.5,1.0
healthy,1.0,perampanel,2,20261201,22,0.9301837569953113,0.06981624300468868,0.0,nan,4.5721347002897925,0.006433125,-0.8086737499999987,0.030946153846153793,183.2951153161738,10.5,1.0
healthy,1.0,memantine,2,20261201,0,1.0,0.0,10.5,93.9951923076923,6.1348984815036935,0.18075833110814388,-0.553521607142862,0.07480769230769384,14156.157475071755,10.5,0.0
healthy,1.0,memantine,2,20261201,50,0.9268452221991218,0.07315477780087822,9.3,106.2554347826087,6.3326747607371665,0.17645452474048162,-0.5613601785714335,0.07763076923077004,7441.96075803511,10.5,0.11428571428571421
healthy,1.0,memantine,2,20261201,100,0.870062755069906,0.12993724493009393,7.1,137.7357142857143,6.577287207576126,0.14681832671651363,-0.5650912500000056,0.07757307692307855,4074.47874662332,10.5,0.3238095238095239
healthy,1.0,memantine,2,20261201,125,0.8450406189991146,0.15495938100088538,6.0,163.42372881355934,6.67122787393755,0.12351043011038357,-0.5670453571428627,0.07584615384615573,2855.985393882183,10.5,0.4285714285714286
healthy,1.0,memantine,2,20261201,150,0.8217846664011272,0.1782153335988728,5.7,172.17857142857142,6.641522264787354,0.11774493217927468,-0.567117321428577,0.07379230769230946,2192.082837995691,10.5,0.4571428571428571
healthy,1.0,memantine,2,20261201,175,0.8000596497582824,0.19994035024171763,5.0,196.77551020408163,6.720672136682397,0.11179122703447077,-0.5690326785714341,0.075757692307694,1665.0042366956777,10.5,0.5238095238095238
healthy,1.0,memantine,2,20261201,200,0.7796827121197533,0.22031728788024676,4.0,247.23076923076923,6.812375065134703,0.10393568396330129,-0.56934821428572,0.07736153846154023,1255.982058907672,10.5,0.6190476190476191
healthy,1.0,memantine,2,20261201,250,0.7424088119900276,0.2575911880099724,2.8,357.1111111111111,6.822821493941772,0.09304515036824491,-0.5653126785714346,0.07597692307692464,573.3002457063767,10.5,0.7333333333333334
healthy,1.0,memantine,2,20261201,350,0.6789546199580587,0.3210453800419412,1.2,611.0,6.799842280349777,0.055888558025059674,-0.5643882142857204,0.07300384615384722,81.31342097975707,10.5,0.8857142857142857
healthy,1.0,memantine,2,20261201,500,0.6036820500876947,0.39631794991230535,0.4,200.16666666666666,6.752621801075179,0.04594171321679882,-0.5676985714285775,0.06871923076923164,17.00643968870131,10.5,0.9619047619047619
healthy,1.0,diazepam,2,20261201,0,1.0,0.0,10.5,93.9951923076923,6.1348984815036935,0.18075833110814388,-0.553521607142862,0.07480769230769384,14156.157475071755,10.5,0.0
healthy,1.0,diazepam,2,20261201,2.5,1.4636363636363636,0.4636363636363636,9.8,100.77319587628865,6.272583552352911,0.18382842456608778,-0.8763013068181663,0.07705000000000163,14344.117226102178,10.5,0.06666666666666665
healthy,1.0,diazepam,2,20261201,5,1.8499999999999999,0.8499999999999999,9.6,102.89473684210526,6.403647219295686,0.20471169367489955,-1.2102898214286555,0.08207307692307746,14935.75295719935,10.5,0.08571428571428574
healthy,1.0,diazepam,2,20261201,7.5,2.1769230769230767,1.1769230769230767,9.0,109.8314606741573,6.5369115567491,0.20656100467289693,-1.7774122101647087,0.08372692307692384,15119.269171166477,10.5,0.1428571428571429
healthy,1.0,diazepam,2,20261201,10,2.457142857142857,1.4571428571428569,0.0,nan,4.9429130823041225,0.008623125,-3.001426326530677,0.03896538461538488,251.54356806346667,10.5,1.0
healthy,1.0,diazepam,2,20261201,12.5,2.6999999999999997,1.6999999999999997,0.0,nan,4.94746139532608,0.008623125,-3.498121928571156,0.03873846153846178,251.54356806346667,10.5,1.0
healthy,1.0,diazepam,2,20261201,15,2.9124999999999996,1.9124999999999996,0.0,nan,4.951822557439314,0.008623125,-4.018857852678596,0.038450000000000234,251.54356806346667,10.5,1.0
healthy,1.0,diazepam,2,20261201,20,3.2666666666666666,2.2666666666666666,0.0,nan,4.957601454710809,0.008623125,-4.723655999999991,0.038065384615384806,251.54356806346667,10.5,1.0
healthy,1.0,diazepam,2,20261201,30,3.7818181818181813,2.7818181818181813,0.0,nan,4.971396506313475,0.008623125,-6.8140286753245585,0.03709615384615401,251.54356806346667,10.5,1.0
healthy,1.0,diazepam,2,20261201,60,4.6,3.5999999999999996,0.0,nan,4.996433258167154,0.008623125,-11.075130857143062,0.03534615384615397,251.54356806346667,10.5,1.0
healthy,1.0,perampanel,3,20261202,0,1.0,0.0,10.8,91.35514018691589,5.923747988424474,0.14302415962950576,-0.5527687500000056,0.06640000000000128,11755.033705228916,10.8,0.0
healthy,1.0,perampanel,3,20261202,6,0.9741421208800244,0.025857879119975637,9.4,105.10752688172043,6.18712891686098,0.1693602071094791,-0.5588248214285785,0.07243076923076983,11325.448281934176,10.8,0.12962962962962965
healthy,1.0,perampanel,3,20261202,8,0.9676668921927091,0.03233310780729098,8.9,111.07954545454545,6.243229665811604,0.16647724315754317,-0.5620023214285784,0.07244615384615455,11252.91553226455,10.8,0.17592592592592593
healthy,1.0,perampanel,3,20261202,10,0.9615904074078002,0.03840959259219974,8.7,113.66279069767442,6.25181858635108,0.16392402186248314,-0.5621019642857207,0.07187307692307753,10804.765945732595,10.8,0.19444444444444453
healthy,1.0,perampanel,3,20261202,12,0.9558253497558058,0.044174650244194216,0.0,nan,4.685910967448034,0.008075624999999996,-0.8054574999999993,0.033846153846153845,156.57394331025876,10.8,1.0
healthy,1.0,perampanel,3,20261202,14,0.9503156200134328,0.049684379986567204,0.0,nan,4.660133486313142,0.008075624999999996,-0.8085630357142877,0.033234615384615356,156.57394331025876,10.8,1.0
healthy,1.0,perampanel,3,20261202,16,0.9450221738818855,0.05497782611811456,0.0,nan,4.6353045945425855,0.008075624999999996,-0.8106057142857143,0.03258076923076917,156.57394331025876,10.8,1.0
healthy,1.0,perampanel,3,20261202,18,0.9399162876906435,0.06008371230935653,0.0,nan,4.6113870426746235,0.008075624999999996,-0.8119232142857132,0.03200769230769221,156.57394331025876,10.8,1.0
healthy,1.0,perampanel,3,20261202,22,0.9301837569953113,0.06981624300468868,0.0,nan,4.548121536548342,0.0038324999999999995,-0.813744464285711,0.030215384615384585,115.03978316448145,10.8,1.0
healthy,1.0,memantine,3,20261202,0,1.0,0.0,10.8,91.35514018691589,5.923747988424474,0.14302415962950576,-0.5527687500000056,0.06640000000000128,11755.033705228916,10.8,0.0
healthy,1.0,memantine,3,20261202,50,0.9268452221991218,0.07315477780087822,9.6,102.89473684210526,6.167728869113836,0.17005328128386105,-0.5600592857142915,0.07141538461538528,7365.6143021916105,10.8,0.11111111111111116
healthy,1.0,memantine,3,20261202,100,0.870062755069906,0.12993724493009393,7.8,126.94805194805195,6.392311687027243,0.14775730796717176,-0.5666191071428627,0.07248461538461651,4051.9830518459776,10.8,0.2777777777777778
healthy,1.0,memantine,3,20261202,125,0.8450406189991146,0.15495938100088538,6.3,155.5,6.583503446377616,0.1366167188174353,-0.5667962500000056,0.07395384615384766,3003.922786936781,10.8,0.41666666666666674
healthy,1.0,memantine,3,20261202,150,0.8217846664011272,0.1782153335988728,4.8,205.13829787234042,6.739049948700087,0.12093291200570509,-0.5689551785714342,0.07519230769230933,2008.7321287178538,10.8,0.5555555555555556
healthy,1.0,memantine,3,20261202,175,0.8000596497582824,0.19994035024171763,4.5,219.125,6.726537053608451,0.1112024415478188,-0.57004571428572,0.07407307692307862,1537.2454468701624,10.8,0.5833333333333334
healthy,1.0,memantine,3,20261202,200,0.7796827121197533,0.22031728788024676,4.3,229.5595238095238,6.771538644378449,0.11643982502998558,-0.5717396428571487,0.07526153846154032,1335.5217917641485,10.8,0.6018518518518519
healthy,1.0,memantine,3,20261202,250,0.7424088119900276,0.2575911880099724,3.6,275.4714285714286,6.717636457097124,0.0931882827480565,-0.5703612500000058,0.07301538461538615,570.1944242527426,10.8,0.6666666666666667
healthy,1.0,memantine,3,20261202,350,0.6789546199580587,0.3210453800419412,0.8,1292.0,6.8197429229754984,0.05840727344056995,-0.5669955357142927,0.07217692307692393,57.229466156197525,10.8,0.9259259259259259
healthy,1.0,memantine,3,20261202,500,0.6036820500876947,0.39631794991230535,0.5,2261.125,6.726873791539491,0.039371550908445976,-0.5676985714285786,0.06751538461538525,13.984413470358035,10.8,0.9537037037037037
healthy,1.0,diazepam,3,20261202,0,1.0,0.0,10.8,91.35514018691589,5.923747988424474,0.14302415962950576,-0.5527687500000056,0.06640000000000128,11755.033705228916,10.8,0.0
healthy,1.0,diazepam,3,20261202,2.5,1.4636363636363636,0.4636363636363636,10.3,95.83333333333333,6.027379064332827,0.14005314978304378,-0.8865992954545383,0.06766153846153977,11609.960324373671,10.8,0.04629629629629628
healthy,1.0,diazepam,3,20261202,5,1.8499999999999999,0.8499999999999999,9.9,99.74489795918367,6.219719028626429,0.174806406708945,-1.2285906160715085,0.07469615384615419,12869.360381745644,10.8,0.08333333333333337
healthy,1.0,diazepam,3,20261202,7.5,2.1769230769230767,1.1769230769230767,9.2,107.41758241758242,6.366070617555284,0.1713741884178902,-1.7101565604394378,0.07724230769230822,12792.547834743764,10.8,0.14814814814814825
healthy,1.0,diazepam,3,20261202,10,2.457142857142857,1.4571428571428569,0.0,nan,4.935116794522757,0.010265624999999997,-2.957845387755169,0.03864615384615405,224.82239605755228,10.8,1.0
healthy,1.0,diazepam,3,20261202,12.5,2.6999999999999997,1.6999999999999997,0.0,nan,4.940060457952428,0.010265624999999997,-3.523740107142565,0.03839230769230789,224.82239605755228,10.8,1.0
healthy,1.0,diazepam,3,20261202,15,2.9124999999999996,1.9124999999999996,0.0,nan,4.94437797077585,0.010265624999999997,-3.9998007410714735,0.038115384615384815,224.82239605755228,10.8,1.0
healthy,1.0,diazepam,3,20261202,20,3.2666666666666666,2.2666666666666666,0.0,nan,4.9507629909859014,0.010265624999999997,-4.743800833333332,0.03781923076923096,224.82239605755228,10.8,1.0
healthy,1.0,diazepam,3,20261202,30,3.7818181818181813,2.7818181818181813,0.0,nan,4.9637558633234695,0.010265624999999997,-6.78809012986998,0.03686923076923092,224.82239605755228,10.8,1.0
healthy,1.0,diazepam,3,20261202,60,4.6,3.5999999999999996,0.0,nan,4.9881043418049655,0.010265624999999997,-10.987355464285795,0.035342307692307805,224.82239605755228,10.8,1.0
healthy,1.0,perampanel,4,20261203,0,1.0,0.0,11.5,85.75,6.133720618663157,0.24370279430907835,-0.5387135714285759,0.08287692307692356,19795.842338105704,11.5,0.0
healthy,1.0,perampanel,4,20261203,6,0.9741421208800244,0.025857879119975637,9.2,107.42307692307692,6.271895420162603,0.20648723105807704,-0.5506208928571471,0.07693461538461611,14921.348326172232,11.5,0.20000000000000007
healthy,1.0,perampanel,4,20261203,8,0.9676668921927091,0.03233310780729098,8.6,115.00588235294117,6.27684162331732,0.19561703521361776,-0.5522151785714328,0.07411153846153931,13232.649753933629,11.5,0.25217391304347825
healthy,1.0,perampanel,4,20261203,10,0.9615904074078002,0.03840959259219974,6.2,160.24590163934425,6.669051632373864,0.19008845477303027,-0.5638291071428614,0.0795923076923085,13161.232904118182,11.5,0.4608695652173913
healthy,1.0,perampanel,4,20261203,12,0.9558253497558058,0.044174650244194216,6.1,162.91666666666666,6.664500493731645,0.1866473551401865,-0.5640782142857185,0.07890000000000082,13062.128775207488,11.5,0.4695652173913044
healthy,1.0,perampanel,4,20261203,14,0.9503156200134328,0.049684379986567204,0.0,nan,4.53560517836622,0.0,-0.804438928571426,0.030165384615384584,0.0,11.5,1.0
healthy,1.0,perampanel,4,20261203,16,0.9450221738818855,0.05497782611811456,0.0,nan,4.511449457791293,0.0,-0.808950535714282,0.029499999999999933,0.0,11.5,1.0
healthy,1.0,perampanel,4,20261203,18,0.9399162876906435,0.06008371230935653,0.0,nan,4.488199073559794,0.0,-0.8130524999999962,0.028861538461538397,0.0,11.5,1.0
healthy,1.0,perampanel,4,20261203,22,0.9301837569953113,0.06981624300468868,0.0,nan,4.443777261168809,0.0,-0.8181121428571391,0.027773076923076827,0.0,11.5,1.0
healthy,1.0,memantine,4,20261203,0,1.0,0.0,11.5,85.75,6.133720618663157,0.24370279430907835,-0.5387135714285759,0.08287692307692356,19795.842338105704,11.5,0.0
healthy,1.0,memantine,4,20261203,50,0.9268452221991218,0.07315477780087822,11.3,87.28125,6.041517922360153,0.21185847400881008,-0.5384976785714329,0.07671923076923146,10403.62445566177,11.5,0.017391304347825987
healthy,1.0,memantine,4,20261203,100,0.870062755069906,0.12993724493009393,10.8,91.35981308411215,5.931230127531909,0.14067505587594725,-0.5450630357142905,0.06760769230769365,4808.588320169096,11.5,0.060869565217391286
healthy,1.0,memantine,4,20261203,125,0.8450406189991146,0.15495938100088538,9.7,100.4375,6.062943390844043,0.13434292224615998,-0.5477589285714335,0.06747692307692484,3714.7815959351415,11.5,0.15652173913043488
healthy,1.0,memantine,4,20261203,150,0.8217846664011272,0.1782153335988728,7.9,123.61538461538461,6.318835806600262,0.13491136323515135,-0.5544737500000049,0.07050000000000192,2977.966242168399,11.5,0.31304347826086953
healthy,1.0,memantine,4,20261203,175,0.8000596497582824,0.19994035024171763,5.8,169.1578947368421,6.624354518956323,0.10959327097266866,-0.5665360714285758,0.07390769230769396,1921.9507441927046,11.5,0.4956521739130435
healthy,1.0,memantine,4,20261203,200,0.7796827121197533,0.22031728788024676,4.8,205.14893617021278,6.702005072796343,0.09918005987764522,-0.5606350000000044,0.07508846153846317,1352.9372639092053,11.5,0.5826086956521739
healthy,1.0,memantine,4,20261203,250,0.7424088119900276,0.2575911880099724,2.9,344.35714285714283,6.822173106828043,0.09235892896816222,-0.5664641071428618,0.07671923076923219,612.3262445771967,11.5,0.7478260869565218
healthy,1.0,memantine,4,20261203,350,0.6789546199580587,0.3210453800419412,1.1,924.3,6.693648680494622,0.03375947179340888,-0.5673664285714334,0.06825384615384683,37.60953651231859,11.5,0.9043478260869565
healthy,1.0,memantine,4,20261203,500,0.6036820500876947,0.39631794991230535,0.8,1320.4285714285713,6.662206439930546,0.03607256955192474,-0.5678812500000048,0.06596153846153915,13.742765465904387,11.5,0.9304347826086956
healthy,1.0,diazepam,4,20261203,0,1.0,0.0,11.5,85.75,6.133720618663157,0.24370279430907835,-0.5387135714285759,0.08287692307692356,19795.842338105704,11.5,0.0
healthy,1.0,diazepam,4,20261203,2.5,1.4636363636363636,0.4636363636363636,11.5,85.75,6.133867118103067,0.2404908917723628,-0.8377912045454406,0.08268846153846204,19712.320640488193,11.5,0.0
healthy,1.0,diazepam,4,20261203,5,1.8499999999999999,0.8499999999999999,10.9,90.50925925925925,6.271849014917417,0.24514886315086745,-1.1702062678572245,0.08550000000000062,19847.340652146737,11.5,0.05217391304347818
healthy,1.0,diazepam,4,20261203,7.5,2.1769230769230767,1.1769230769230767,0.0,nan,4.806961108206854,0.005201249999999999,-2.583142365384361,0.03559230769230785,89.36003267365139,11.5,1.0
healthy,1.0,diazepam,4,20261203,10,2.457142857142857,1.4571428571428569,0.0,nan,4.8109151887997115,0.005201249999999999,-3.0292016938775954,0.03532307692307709,89.36003267365139,11.5,1.0
healthy,1.0,diazepam,4,20261203,12.5,2.6999999999999997,1.6999999999999997,0.0,nan,4.816576027320867,0.005201249999999999,-3.647317178571108,0.034953846153846314,89.36003267365139,11.5,1.0
healthy,1.0,diazepam,4,20261203,15,2.9124999999999996,1.9124999999999996,0.0,nan,4.8200881529220645,0.005201249999999999,-4.083913220982167,0.034692307692307855,89.36003267365139,11.5,1.0
healthy,1.0,diazepam,4,20261203,20,3.2666666666666666,2.2666666666666666,0.0,nan,4.826360683434477,0.005201249999999999,-4.8251939166667075,0.03435769230769242,89.36003267365139,11.5,1.0
healthy,1.0,diazepam,4,20261203,30,3.7818181818181813,2.7818181818181813,0.0,nan,4.841060097727611,0.005201249999999999,-7.016847584415508,0.03351153846153857,89.36003267365139,11.5,1.0
healthy,1.0,diazepam,4,20261203,60,4.6,3.5999999999999996,0.0,nan,4.865513565314879,0.005201249999999999,-11.386660928571638,0.03188461538461547,89.36003267365139,11.5,1.0
healthy,1.0,perampanel,5,20261204,0,1.0,0.0,11.4,86.5,6.109091212444775,0.21829263584779696,-0.548412142857148,0.08136153846154044,18534.448049136947,11.4,0.0
healthy,1.0,perampanel,5,20261204,6,0.9741421208800244,0.025857879119975637,8.1,120.5125,6.382808179993954,0.1600676189919892,-0.560651607142863,0.07407692307692491,11420.810998056615,11.4,0.2894736842105263
healthy,1.0,perampanel,5,20261204,8,0.9676668921927091,0.03233310780729098,8.0,122.03164556962025,6.3784977447818525,0.1600676189919892,-0.5614155357142918,0.07334230769230948,11420.810998056615,11.4,0.29824561403508776
healthy,1.0,perampanel,5,20261204,10,0.9615904074078002,0.03840959259219974,7.6,128.54,6.427293167878345,0.1614099077102803,-0.5626500000000062,0.07353846153846338,11288.574926379297,11.4,0.33333333333333337
healthy,1.0,perampanel,5,20261204,12,0.9558253497558058,0.044174650244194216,0.0,nan,4.691588621350967,0.006433125,-0.7935723214285672,0.03387692307692315,183.27493206561937,11.4,1.0
healthy,1.0,perampanel,5,20261204,14,0.9503156200134328,0.049684379986567204,0.0,nan,4.665817424990457,0.006433125,-0.7960578571428534,0.033130769230769255,183.27493206561937,11.4,1.0
healthy,1.0,perampanel,5,20261204,16,0.9450221738818855,0.05497782611811456,0.0,nan,4.640947303150274,0.006433125,-0.7992076785714277,0.03251153846153847,183.27493206561937,11.4,1.0
healthy,1.0,perampanel,5,20261204,18,0.9399162876906435,0.06008371230935653,0.0,nan,4.617236493139553,0.006433125,-0.8043448214285684,0.03192307692307689,183.27493206561937,11.4,1.0
healthy,1.0,perampanel,5,20261204,22,0.9301837569953113,0.06981624300468868,0.0,nan,4.54777949302591,0.0038324999999999995,-0.8173592857142815,0.03014230769230764,115.04666256888201,11.4,1.0
healthy,1.0,memantine,5,20261204,0,1.0,0.0,11.4,86.5,6.109091212444775,0.21829263584779696,-0.548412142857148,0.08136153846154044,18534.448049136947,11.4,0.0
healthy,1.0,memantine,5,20261204,50,0.9268452221991218,0.07315477780087822,10.9,90.50925925925925,6.085798710422189,0.17179449104809846,-0.5536267857142916,0.07580769230769427,8733.495017965339,11.4,0.04385964912280704
healthy,1.0,memantine,5,20261204,100,0.870062755069906,0.12993724493009393,9.6,101.48947368421052,6.228741288484494,0.1756223906525183,-0.557086607142863,0.07457307692307856,5598.081424367433,11.4,0.1578947368421053
healthy,1.0,memantine,5,20261204,125,0.8450406189991146,0.15495938100088538,9.2,105.95054945054945,6.262347653386247,0.16106187734712377,-0.5585314285714345,0.07377692307692481,4162.700947281086,11.4,0.19298245614035092
healthy,1.0,memantine,5,20261204,150,0.8217846664011272,0.1782153335988728,8.3,117.57926829268293,6.356420300393963,0.15164576815776776,-0.559688392857149,0.07301923076923242,3172.339628617236,11.4,0.27192982456140347
healthy,1.0,memantine,5,20261204,175,0.8000596497582824,0.19994035024171763,6.3,155.50806451612902,6.631194117127521,0.1388734002623727,-0.5636630357142919,0.07561538461538646,2369.0437289863776,11.4,0.44736842105263164
healthy,1.0,memantine,5,20261204,200,0.7796827121197533,0.22031728788024676,5.1,192.83,6.730369004083869,0.12670809469302854,-0.5691710714285775,0.07659615384615566,1642.4486766761895,11.4,0.5526315789473685
healthy,1.0,memantine,5,20261204,250,0.7424088119900276,0.2575911880099724,3.5,283.5735294117647,6.755482404541473,0.09277983313415994,-0.5711694642857206,0.0752807692307707,650.5661136142872,11.4,0.6929824561403508
healthy,1.0,memantine,5,20261204,350,0.6789546199580587,0.3210453800419412,0.9,840.0625,6.780596613356258,0.0483706267710399,-0.568595357142864,0.07147307692307786,54.42255901596858,11.4,0.9210526315789473
healthy,1.0,memantine,5,20261204,500,0.6036820500876947,0.39631794991230535,0.4,200.0,6.736233738360518,0.04263655399256865,-0.569447857142864,0.06774615384615461,14.402869236756887,11.4,0.9649122807017544
healthy,1.0,diazepam,5,20261204,0,1.0,0.0,11.4,86.5,6.109091212444775,0.21829263584779696,-0.548412142857148,0.08136153846154044,18534.448049136947,11.4,0.0
healthy,1.0,diazepam,5,20261204,2.5,1.4636363636363636,0.4636363636363636,11.0,89.6743119266055,6.197202428930407,0.2195716221628837,-0.8640101590908944,0.08289230769230971,18551.26453647221,11.4,0.03508771929824561
healthy,1.0,diazepam,5,20261204,5,1.8499999999999999,0.8499999999999999,10.6,93.08571428571429,6.29715336949706,0.21943558778371133,-1.1881486250000821,0.08470000000000201,18589.743841814685,11.4,0.07017543859649134
healthy,1.0,diazepam,5,20261204,7.5,2.1769230769230767,1.1769230769230767,0.0,nan,4.917481295572274,0.006433125,-2.591541789834916,0.03811538461538489,183.27493206561937,11.4,1.0
healthy,1.0,diazepam,5,20261204,10,2.457142857142857,1.4571428571428569,0.0,nan,4.920902345122365,0.006433125,-3.0132192959184168,0.03785384615384643,183.27493206561937,11.4,1.0
healthy,1.0,diazepam,5,20261204,12.5,2.6999999999999997,1.6999999999999997,0.0,nan,4.924696974794872,0.006433125,-3.4715770714283063,0.037573076923077216,183.27493206561937,11.4,1.0
healthy,1.0,diazepam,5,20261204,15,2.9124999999999996,1.9124999999999996,0.0,nan,4.929461083196184,0.006433125,-3.9864672120535767,0.03728076923076949,183.27493206561937,11.4,1.0
healthy,1.0,diazepam,5,20261204,20,3.2666666666666666,2.2666666666666666,0.0,nan,4.936126918607376,0.006433125,-4.821993166666686,0.03691538461538485,183.27493206561937,11.4,1.0
healthy,1.0,diazepam,5,20261204,30,3.7818181818181813,2.7818181818181813,0.0,nan,4.948245177357432,0.006433125,-6.721139792207744,0.03600000000000022,183.27493206561937,11.4,1.0
healthy,1.0,diazepam,5,20261204,60,4.6,3.5999999999999996,0.0,nan,4.975749871321932,0.006433125,-11.441485535714417,0.03417307692307708,183.27493206561937,11.4,1.0
healthy,1.0,perampanel,6,20261205,0,1.0,0.0,11.0,89.68348623853211,5.958049261895893,0.1655552283044056,-0.5533112500000053,0.06912307692307848,14118.77944198333,11.0,0.0
healthy,1.0,perampanel,6,20261205,6,0.9741421208800244,0.025857879119975637,8.9,111.0909090909091,6.151395931699568,0.14828030582443227,-0.5586919642857194,0.06802692307692464,10277.570483149553,11.0,0.19090909090909092
healthy,1.0,perampanel,6,20261205,8,0.9676668921927091,0.03233310780729098,8.2,120.68518518518519,6.251756114825017,0.15128731617156177,-0.5617975000000051,0.06929230769230932,9962.782581802989,11.0,0.25454545454545463
healthy,1.0,perampanel,6,20261205,10,0.9615904074078002,0.03840959259219974,8.3,119.21341463414635,6.328293704995245,0.18082216346795696,-0.5622735714285766,0.07449230769230847,10767.750340443788,11.0,0.24545454545454537
healthy,1.0,perampanel,6,20261205,12,0.9558253497558058,0.044174650244194216,8.3,119.21341463414635,6.302584117320225,0.176579038467957,-0.5622735714285766,0.07353076923077004,10323.512973340972,11.0,0.24545454545454537
healthy,1.0,perampanel,6,20261205,14,0.9503156200134328,0.049684379986567204,7.6,130.34,6.389246736184163,0.16799173122496644,-0.5642000000000054,0.07383846153846241,9575.31425990931,11.0,0.3090909090909091
healthy,1.0,perampanel,6,20261205,16,0.9450221738818855,0.05497782611811456,7.4,133.91095890410958,6.407482909845674,0.16549344267356453,-0.5645487500000053,0.07358461538461622,9360.489044514954,11.0,0.32727272727272727
healthy,1.0,perampanel,6,20261205,18,0.9399162876906435,0.06008371230935653,0.0,nan,4.486931650894941,0.0,-0.8207360714285663,0.02894230769230768,0.0,11.0,1.0
healthy,1.0,perampanel,6,20261205,22,0.9301837569953113,0.06981624300468868,0.0,nan,4.442558707874714,0.0,-0.8282037499999897,0.027884615384615313,0.0,11.0,1.0
healthy,1.0,memantine,6,20261205,0,1.0,0.0,11.0,89.68348623853211,5.958049261895893,0.1655552283044056,-0.5533112500000053,0.06912307692307848,14118.77944198333,11.0,0.0
healthy,1.0,memantine,6,20261205,50,0.9268452221991218,0.07315477780087822,9.4,103.68279569892474,6.112172713169048,0.12008629270317572,-0.5558133928571483,0.06666153846154038,7022.754163780163,11.0,0.1454545454545454
healthy,1.0,memantine,6,20261205,100,0.870062755069906,0.12993724493009393,8.3,119.21951219512195,6.470947676376419,0.17388813095097605,-0.5638401785714338,0.07834230769230856,4810.173289915915,11.0,0.24545454545454537
healthy,1.0,memantine,6,20261205,125,0.8450406189991146,0.15495938100088538,7.6,130.34666666666666,6.486832017569985,0.1473130845981242,-0.5653901785714339,0.07520000000000149,3256.4187477603336,11.0,0.3090909090909091
healthy,1.0,memantine,6,20261205,150,0.8217846664011272,0.1782153335988728,5.6,175.3181818181818,6.756527897274136,0.12941947430110487,-0.5695751785714341,0.07841923076923266,2148.0564843072334,11.0,0.49090909090909096
healthy,1.0,memantine,6,20261205,175,0.8000596497582824,0.19994035024171763,4.8,205.1595744680851,6.800448788395035,0.10885227059933554,-0.5737325000000054,0.07870384615384811,1346.3235038038001,11.0,0.5636363636363637
healthy,1.0,memantine,6,20261205,200,0.7796827121197533,0.22031728788024676,4.0,247.25641025641025,6.813151837862204,0.10145293387513996,-0.5722046428571486,0.07740384615384807,900.2946593264961,11.0,0.6363636363636364
healthy,1.0,memantine,6,20261205,250,0.7424088119900276,0.2575911880099724,3.4,292.2121212121212,6.83862920776056,0.1000718919870779,-0.5690050000000055,0.07815384615384799,561.2758003469348,11.0,0.6909090909090909
healthy,1.0,memantine,6,20261205,350,0.6789546199580587,0.3210453800419412,1.4,726.3846153846154,6.820478304546654,0.08256103464233802,-0.567078571428578,0.07388461538461676,124.21261473053217,11.0,0.8727272727272728
healthy,1.0,memantine,6,20261205,500,0.6036820500876947,0.39631794991230535,0.4,1840.0,6.751432751347703,0.04792480875133685,-0.5696637500000066,0.0692423076923085,15.59359147049812,11.0,0.9636363636363636
healthy,1.0,diazepam,6,20261205,0,1.0,0.0,11.0,89.68348623853211,5.958049261895893,0.1655552283044056,-0.5533112500000053,0.06912307692307848,14118.77944198333,11.0,0.0
healthy,1.0,diazepam,6,20261205,2.5,1.4636363636363636,0.4636363636363636,10.8,91.35981308411215,6.004316846143633,0.16546270519025344,-0.8769332840908928,0.06971153846154007,14160.072719975695,11.0,0.018181818181818077
healthy,1.0,diazepam,6,20261205,5,1.8499999999999999,0.8499999999999999,10.0,98.73737373737374,6.189383145002691,0.1743636553738315,-1.2313454642857937,0.07298846153846297,14229.690459483769,11.0,0.09090909090909094
healthy,1.0,diazepam,6,20261205,7.5,2.1769230769230767,1.1769230769230767,9.4,105.10752688172043,6.489578240787972,0.21529808861815727,-1.741573059065808,0.08396153846153903,15992.95397933054,11.0,0.1454545454545454
healthy,1.0,diazepam,6,20261205,10,2.457142857142857,1.4571428571428569,0.0,nan,4.937386214437309,0.010676249999999998,-3.0026505102041345,0.03842692307692323,224.7957806729369,11.0,1.0
healthy,1.0,diazepam,6,20261205,12.5,2.6999999999999997,1.6999999999999997,0.0,nan,4.942176534680558,0.010676249999999998,-3.5266546607140015,0.03810769230769246,224.7957806729369,11.0,1.0
healthy,1.0,diazepam,6,20261205,15,2.9124999999999996,1.9124999999999996,0.0,nan,4.946394087315228,0.010676249999999998,-4.0255488013393,0.03786923076923092,224.7957806729369,11.0,1.0
healthy,1.0,diazepam,6,20261205,20,3.2666666666666666,2.2666666666666666,0.0,nan,4.9520868893054,0.010676249999999998,-4.72774283333335,0.037515384615384756,224.7957806729369,11.0,1.0
healthy,1.0,diazepam,6,20261205,30,3.7818181818181813,2.7818181818181813,0.0,nan,4.9653880646717345,0.010676249999999998,-6.816205922077875,0.03644230769230781,224.7957806729369,11.0,1.0
healthy,1.0,diazepam,6,20261205,60,4.6,3.5999999999999996,0.0,nan,4.990340361548345,0.010676249999999998,-11.169145000000011,0.03488076923076928,224.7957806729369,11.0,1.0
healthy,1.0,perampanel,7,20261206,0,1.0,0.0,11.4,86.5,6.0000430701883,0.20138120877837098,-0.5436403571428622,0.07527692307692477,17048.54434384562,11.4,0.0
healthy,1.0,perampanel,7,20261206,6,0.9741421208800244,0.025857879119975637,9.9,99.74489795918367,6.09850389809568,0.18681931692256298,-0.550626428571434,0.07085000000000032,12029.99150160939,11.4,0.13157894736842102
healthy,1.0,perampanel,7,20261206,8,0.9676668921927091,0.03233310780729098,8.5,116.36904761904762,6.2366703037264966,0.15894080332109453,-0.5555476785714343,0.06866923076923227,10935.684979255777,11.4,0.2543859649122807
healthy,1.0,perampanel,7,20261206,10,0.9615904074078002,0.03840959259219974,8.4,117.7710843373494,6.23193724696246,0.15894080332109453,-0.5559130357142914,0.06801538461538606,10935.684979255777,11.4,0.26315789473684215
healthy,1.0,perampanel,7,20261206,12,0.9558253497558058,0.044174650244194216,0.0,nan,4.665959063964672,0.0038324999999999995,-0.7950116071428571,0.03318846153846163,115.04666256888201,11.4,1.0
healthy,1.0,perampanel,7,20261206,14,0.9503156200134328,0.049684379986567204,0.0,nan,4.640277173266641,0.0038324999999999995,-0.7935501785714288,0.03243076923076928,115.04666256888201,11.4,1.0
healthy,1.0,perampanel,7,20261206,16,0.9450221738818855,0.05497782611811456,0.0,nan,4.615611906076844,0.0038324999999999995,-0.7996671428571422,0.03171538461538459,115.04666256888201,11.4,1.0
healthy,1.0,perampanel,7,20261206,18,0.9399162876906435,0.06008371230935653,0.0,nan,4.591771379588526,0.0038324999999999995,-0.8005030357142855,0.03115384615384609,115.04666256888201,11.4,1.0
healthy,1.0,perampanel,7,20261206,22,0.9301837569953113,0.06981624300468868,0.0,nan,4.546447178062172,0.0038324999999999995,-0.8075223214285733,0.029969230769230693,115.04666256888201,11.4,1.0
healthy,1.0,memantine,7,20261206,0,1.0,0.0,11.4,86.5,6.0000430701883,0.20138120877837098,-0.5436403571428622,0.07527692307692477,17048.54434384562,11.4,0.0
healthy,1.0,memantine,7,20261206,50,0.9268452221991218,0.07315477780087822,11.1,88.86363636363636,5.934285842366088,0.16163845598640225,-0.5440001785714338,0.06865769230769407,8544.999274651162,11.4,0.026315789473684292
healthy,1.0,memantine,7,20261206,100,0.870062755069906,0.12993724493009393,10.7,91.58962264150944,5.888085621291876,0.12672973105783475,-0.547603928571434,0.06320384615384743,4463.747227699604,11.4,0.061403508771929904
healthy,1.0,memantine,7,20261206,125,0.8450406189991146,0.15495938100088538,9.5,102.56914893617021,6.037772188659162,0.11641271084489149,-0.5491207142857198,0.06416923076923234,3100.6367397518043,11.4,0.16666666666666674
healthy,1.0,memantine,7,20261206,150,0.8217846664011272,0.1782153335988728,7.6,128.55333333333334,6.377186050883949,0.1393406673150218,-0.5567932142857199,0.07087692307692499,2586.5038815975836,11.4,0.33333333333333337
healthy,1.0,memantine,7,20261206,175,0.8000596497582824,0.19994035024171763,6.9,142.77205882352942,6.450304631686546,0.13856379480272837,-0.5606183928571487,0.07181153846153994,1906.3716204152636,11.4,0.39473684210526316
healthy,1.0,memantine,7,20261206,200,0.7796827121197533,0.22031728788024676,4.5,219.13636363636363,6.745893151305876,0.1082562247967789,-0.5598821428571489,0.07637692307692465,1265.4943486767368,11.4,0.6052631578947368
healthy,1.0,memantine,7,20261206,250,0.7424088119900276,0.2575911880099724,2.8,357.1111111111111,6.847765018171833,0.0995587183125401,-0.5641944642857201,0.07626923076923237,674.1352644921562,11.4,0.7543859649122807
healthy,1.0,memantine,7,20261206,350,0.6789546199580587,0.3210453800419412,0.8,760.0714285714286,6.741916629373182,0.044698513399737266,-0.5718060714285772,0.0695769230769239,40.729422641346794,11.4,0.9298245614035088
healthy,1.0,memantine,7,20261206,500,0.6036820500876947,0.39631794991230535,0.6,1024.1,6.696555474847807,0.03823482325001918,-0.5718060714285772,0.06674230769230838,13.834172193556732,11.4,0.9473684210526316
healthy,1.0,diazepam,7,20261206,0,1.0,0.0,11.4,86.5,6.0000430701883,0.20138120877837098,-0.5436403571428622,0.07527692307692477,17048.54434384562,11.4,0.0
healthy,1.0,diazepam,7,20261206,2.5,1.4636363636363636,0.4636363636363636,10.9,90.50462962962963,6.098402958299878,0.19954907568424554,-0.8615389659090823,0.0765461538461557,16563.897413274826,11.4,0.04385964912280704
healthy,1.0,diazepam,7,20261206,5,1.8499999999999999,0.8499999999999999,10.4,94.89805825242719,6.297557863773501,0.21775275625834406,-1.201963830357222,0.08250769230769368,16907.648793924418,11.4,0.08771929824561409
healthy,1.0,diazepam,7,20261206,7.5,2.1769230769230767,1.1769230769230767,0.0,nan,4.908571390539901,0.008075624999999996,-2.5431697815931584,0.037850000000000154,156.605575195983,11.4,1.0
healthy,1.0,diazepam,7,20261206,10,2.457142857142857,1.4571428571428569,0.0,nan,4.912486276533044,0.008075624999999996,-2.9863144591837187,0.037561538461538625,156.605575195983,11.4,1.0
healthy,1.0,diazepam,7,20261206,12.5,2.6999999999999997,1.6999999999999997,0.0,nan,4.917120430010596,0.008075624999999996,-3.5134270714282976,0.03730769230769245,156.605575195983,11.4,1.0
healthy,1.0,diazepam,7,20261206,15,2.9124999999999996,1.9124999999999996,0.0,nan,4.921021454211694,0.008075624999999996,-4.001058316964297,0.03708076923076936,156.605575195983,11.4,1.0
healthy,1.0,diazepam,7,20261206,20,3.2666666666666666,2.2666666666666666,0.0,nan,4.927933985995037,0.008075624999999996,-4.77691141666665,0.036715384615384754,156.605575195983,11.4,1.0
healthy,1.0,diazepam,7,20261206,30,3.7818181818181813,2.7818181818181813,0.0,nan,4.941388299861148,0.008075624999999996,-6.8830934545453095,0.035838461538461625,156.605575195983,11.4,1.0
healthy,1.0,diazepam,7,20261206,60,4.6,3.5999999999999996,0.0,nan,4.96571601973031,0.008075624999999996,-11.024329607142969,0.034173076923077014,156.605575195983,11.4,1.0
healthy,1.0,perampanel,8,20261207,0,1.0,0.0,11.3,87.28125,6.215787579168599,0.24330826902536723,-0.5454837500000068,0.08580769230769303,20188.144194060464,11.3,0.0
healthy,1.0,perampanel,8,20261207,6,0.9741421208800244,0.025857879119975637,11.0,89.68348623853211,6.1476801323046875,0.22051130832777024,-0.5480578571428637,0.08150384615384734,18211.743657640538,11.3,0.026548672566371723
healthy,1.0,perampanel,8,20261207,8,0.9676668921927091,0.03233310780729098,11.0,89.68348623853211,6.148215413059445,0.22313391738985297,-0.549386428571435,0.08165769230769324,17983.12006626136,11.3,0.026548672566371723
healthy,1.0,perampanel,8,20261207,10,0.9615904074078002,0.03840959259219974,10.7,92.22169811320755,6.105463632802243,0.21930514536048046,-0.5505046428571493,0.07848076923077002,17208.57491076407,11.3,0.053097345132743445
healthy,1.0,perampanel,8,20261207,12,0.9558253497558058,0.044174650244194216,7.5,130.29054054054055,6.45232701401165,0.16742116897530007,-0.5604135714285775,0.07386153846154052,12630.034954633073,11.3,0.33628318584070804
healthy,1.0,perampanel,8,20261207,14,0.9503156200134328,0.049684379986567204,7.4,132.07534246575344,6.447948691419767,0.16443934070427202,-0.5615760714285776,0.07330384615384816,12543.320566204817,11.3,0.34513274336283184
healthy,1.0,perampanel,8,20261207,16,0.9450221738818855,0.05497782611811456,4.4,224.22093023255815,6.843058019102286,0.16025975567423195,-0.5683739285714351,0.07728846153846358,11420.739172428604,11.3,0.6106194690265487
healthy,1.0,perampanel,8,20261207,18,0.9399162876906435,0.06008371230935653,0.0,nan,4.486020068384882,0.0,-0.8128033928571402,0.028949999999999976,0.0,11.3,1.0
healthy,1.0,perampanel,8,20261207,22,0.9301837569953113,0.06981624300468868,0.0,nan,4.441606996675372,0.0,-0.8133514285714287,0.027826923076922992,0.0,11.3,1.0
healthy,1.0,memantine,8,20261207,0,1.0,0.0,11.3,87.28125,6.215787579168599,0.24330826902536723,-0.5454837500000068,0.08580769230769303,20188.144194060464,11.3,0.0
healthy,1.0,memantine,8,20261207,50,0.9268452221991218,0.07315477780087822,11.1,88.86818181818182,5.988528518487362,0.16681865750693567,-0.5491096428571494,0.07201153846154039,9260.08822161052,11.3,0.017699115044247926
healthy,1.0,memantine,8,20261207,100,0.870062755069906,0.12993724493009393,10.1,97.09,6.078143989467017,0.15651893349474574,-0.5513626785714354,0.07033076923077095,5262.72401822352,11.3,0.10619469026548678
healthy,1.0,memantine,8,20261207,125,0.8450406189991146,0.15495938100088538,9.1,107.87777777777778,6.262602045743848,0.17018388739612614,-0.5564167857142929,0.07364615384615572,4207.152820128563,11.3,0.19469026548672574
healthy,1.0,memantine,8,20261207,150,0.8217846664011272,0.1782153335988728,7.6,128.55333333333334,6.475297789841998,0.16063615570152476,-0.5602585714285785,0.07487307692307887,3247.6284440147215,11.3,0.32743362831858414
healthy,1.0,memantine,8,20261207,175,0.8000596497582824,0.19994035024171763,5.8,169.14912280701753,6.7059412318061264,0.1426761845862577,-0.5639066071428642,0.07715384615384807,2373.17416311088,11.3,0.48672566371681425
healthy,1.0,memantine,8,20261207,200,0.7796827121197533,0.22031728788024676,4.6,214.25555555555556,6.752588894857094,0.11890017693657685,-0.5679532142857217,0.07680000000000163,1459.2630744294268,11.3,0.5929203539823009
healthy,1.0,memantine,8,20261207,250,0.7424088119900276,0.2575911880099724,2.7,370.84615384615387,6.7684770492744235,0.07959637769294488,-0.5652407142857212,0.07391538461538616,378.4327456365388,11.3,0.7610619469026548
healthy,1.0,memantine,8,20261207,350,0.6789546199580587,0.3210453800419412,1.2,731.4545454545455,6.745085596327987,0.05490429863352466,-0.570366785714293,0.07104230769230847,63.31320705433303,11.3,0.8938053097345133
healthy,1.0,memantine,8,20261207,500,0.6036820500876947,0.39631794991230535,0.7,853.4166666666666,6.694643866363572,0.04551744815189408,-0.5713300000000072,0.06748846153846222,16.81310175992604,11.3,0.9380530973451328
healthy,1.0,diazepam,8,20261207,0,1.0,0.0,11.3,87.28125,6.215787579168599,0.24330826902536723,-0.5454837500000068,0.08580769230769303,20188.144194060464,11.3,0.0
healthy,1.0,diazepam,8,20261207,2.5,1.4636363636363636,0.4636363636363636,11.0,89.68348623853211,6.283073287353609,0.24312280248664891,-0.8476435681818106,0.08654230769230856,20192.29477835845,11.3,0.026548672566371723
healthy,1.0,diazepam,8,20261207,5,1.8499999999999999,0.8499999999999999,10.6,93.1,6.370957730139673,0.2439545419726302,-1.1517313750000793,0.08828461538461621,20016.678761326144,11.3,0.06194690265486735
healthy,1.0,diazepam,8,20261207,7.5,2.1769230769230767,1.1769230769230767,10.3,95.83823529411765,6.450439774504838,0.24691155365487308,-1.6609048420328494,0.08928461538461636,20354.631529786184,11.3,0.08849557522123896
healthy,1.0,diazepam,8,20261207,10,2.457142857142857,1.4571428571428569,0.0,nan,4.905704834754381,0.008623124999999997,-2.966523489795952,0.03822307692307713,204.40669524253212,11.3,1.0
healthy,1.0,diazepam,8,20261207,12.5,2.6999999999999997,1.6999999999999997,0.0,nan,4.9107521510524,0.008623124999999997,-3.5129936249997327,0.037969230769230956,204.40669524253212,11.3,1.0
healthy,1.0,diazepam,8,20261207,15,2.9124999999999996,1.9124999999999996,0.0,nan,4.91537550220998,0.008623124999999997,-4.023920401785749,0.03773076923076943,204.40669524253212,11.3,1.0
healthy,1.0,diazepam,8,20261207,20,3.2666666666666666,2.2666666666666666,0.0,nan,4.92167887523689,0.008623124999999997,-4.826260833333321,0.03728076923076939,204.40669524253212,11.3,1.0
healthy,1.0,diazepam,8,20261207,30,3.7818181818181813,2.7818181818181813,0.0,nan,4.9358773501107756,0.008623124999999997,-6.931495324675193,0.03637692307692316,204.40669524253212,11.3,1.0
healthy,1.0,diazepam,8,20261207,60,4.6,3.5999999999999996,0.0,nan,4.958481636396045,0.008623124999999997,-10.808188750000236,0.034711538461538495,204.40669524253212,11.3,1.0
healthy,1.0,perampanel,9,20261208,0,1.0,0.0,11.1,88.86363636363636,6.111207027054007,0.21451141371829058,-0.548329107142863,0.07896923076923093,15707.295386888063,11.1,0.0
healthy,1.0,perampanel,9,20261208,6,0.9741421208800244,0.025857879119975637,10.7,92.21698113207547,6.012789242083359,0.19062879122162846,-0.5530732142857201,0.07284615384615412,13031.580555042341,11.1,0.03603603603603611
healthy,1.0,perampanel,9,20261208,8,0.9676668921927091,0.03233310780729098,10.5,93.99038461538461,6.033360849061063,0.1934316038050731,-0.5545789285714336,0.07250769230769258,13246.091309612793,11.1,0.05405405405405406
healthy,1.0,perampanel,9,20261208,10,0.9615904074078002,0.03840959259219974,10.2,96.78217821782178,6.083132257711516,0.20289324808077397,-0.5560846428571483,0.07302692307692342,13744.727338859642,11.1,0.08108108108108114
healthy,1.0,perampanel,9,20261208,12,0.9558253497558058,0.044174650244194216,9.9,99.74489795918367,6.109877213015592,0.20064491630507303,-0.5568042857142911,0.07289230769230805,13275.362627548451,11.1,0.108108108108108
healthy,1.0,perampanel,9,20261208,14,0.9503156200134328,0.049684379986567204,5.9,168.54310344827587,6.546788320614959,0.16613467189586092,-0.5652794642857198,0.07440384615384645,8584.683150204331,11.1,0.46846846846846846
healthy,1.0,perampanel,9,20261208,16,0.9450221738818855,0.05497782611811456,5.6,177.73636363636365,6.568405079693295,0.166054483978638,-0.567095178571434,0.07375384615384643,8099.7794205179525,11.1,0.49549549549549554
healthy,1.0,perampanel,9,20261208,18,0.9399162876906435,0.06008371230935653,5.5,181.02777777777777,6.5677299921457815,0.16243394834779695,-0.5671616071428627,0.07349615384615417,8030.204004843393,11.1,0.5045045045045045
healthy,1.0,perampanel,9,20261208,22,0.9301837569953113,0.06981624300468868,0.0,nan,4.443221798294888,0.0,-0.824893392857141,0.027746153846153733,0.0,11.1,1.0
healthy,1.0,memantine,9,20261208,0,1.0,0.0,11.1,88.86363636363636,6.111207027054007,0.21451141371829058,-0.548329107142863,0.07896923076923093,15707.295386888063,11.1,0.0
healthy,1.0,memantine,9,20261208,50,0.9268452221991218,0.07315477780087822,10.7,92.21698113207547,6.076625958668434,0.17933913490115463,-0.5539533928571487,0.0745538461538469,7247.848606460553,11.1,0.03603603603603611
healthy,1.0,memantine,9,20261208,100,0.870062755069906,0.12993724493009393,8.8,112.35632183908046,6.301679653554013,0.16941994058858778,-0.5618750000000062,0.07462307692307799,4441.000365121194,11.1,0.2072072072072071
healthy,1.0,memantine,9,20261208,125,0.8450406189991146,0.15495938100088538,7.7,128.625,6.4316686834638235,0.15631631031095705,-0.5632866071428634,0.07440769230769372,3333.787213382281,11.1,0.3063063063063063
healthy,1.0,memantine,9,20261208,150,0.8217846664011272,0.1782153335988728,6.6,149.36923076923077,6.541822814536818,0.13566742398594916,-0.5645376785714349,0.07367692307692464,2428.5187242825527,11.1,0.4054054054054054
healthy,1.0,memantine,9,20261208,175,0.8000596497582824,0.19994035024171763,4.7,209.59782608695653,6.785058293533776,0.11948272084687699,-0.567593392857149,0.0777346153846172,1722.67453501799,11.1,0.5765765765765766
healthy,1.0,memantine,9,20261208,200,0.7796827121197533,0.22031728788024676,4.5,219.125,6.71679155986194,0.10755105253070553,-0.5686341071428633,0.07539230769230938,1229.1924604104845,11.1,0.5945945945945945
healthy,1.0,memantine,9,20261208,250,0.7424088119900276,0.2575911880099724,3.0,332.48275862068965,6.8036438158841905,0.09775392075599226,-0.5664973214285778,0.07615000000000162,647.8786334950086,11.1,0.7297297297297297
healthy,1.0,memantine,9,20261208,350,0.6789546199580587,0.3210453800419412,1.0,746.6111111111111,6.752733472269305,0.04730435403518707,-0.5728467857142919,0.07082692307692384,55.20344926092162,11.1,0.9099099099099099
healthy,1.0,memantine,9,20261208,500,0.6036820500876947,0.39631794991230535,0.7,1120.0,6.703442108198562,0.04269782520195242,-0.5733450000000061,0.06738076923076997,18.129585049431693,11.1,0.9369369369369369
healthy,1.0,diazepam,9,20261208,0,1.0,0.0,11.1,88.86363636363636,6.111207027054007,0.21451141371829058,-0.548329107142863,0.07896923076923093,15707.295386888063,11.1,0.0
healthy,1.0,diazepam,9,20261208,2.5,1.4636363636363636,0.4636363636363636,10.9,90.50925925925925,6.160539591737411,0.2232777001001331,-0.8540686704545316,0.07976538461538477,16176.017344940037,11.1,0.018018018018017945
healthy,1.0,diazepam,9,20261208,5,1.8499999999999999,0.8499999999999999,10.2,96.78217821782178,6.314706331464032,0.2257851623831771,-1.1853323303572239,0.0820653846153847,16487.902615535808,11.1,0.08108108108108114
healthy,1.0,diazepam,9,20261208,7.5,2.1769230769230767,1.1769230769230767,9.9,99.74489795918367,6.391998247621393,0.22482009312416518,-1.699756699175707,0.08305000000000033,16233.699552144308,11.1,0.108108108108108
healthy,1.0,diazepam,9,20261208,10,2.457142857142857,1.4571428571428569,9.3,106.25,6.521206718879043,0.2182041148197592,-2.053010428571433,0.08533076923076949,16001.876573590824,11.1,0.16216216216216206
healthy,1.0,diazepam,9,20261208,12.5,2.6999999999999997,1.6999999999999997,0.0,nan,4.814931858023867,0.002600624999999999,-3.5908645178568084,0.034873076923077034,68.22826949673862,11.1,1.0
healthy,1.0,diazepam,9,20261208,15,2.9124999999999996,1.9124999999999996,0.0,nan,4.818775419590319,0.002600624999999999,-4.046524522321456,0.03461923076923088,68.22826949673862,11.1,1.0
healthy,1.0,diazepam,9,20261208,20,3.2666666666666666,2.2666666666666666,0.0,nan,4.8252646112569195,0.002600624999999999,-4.871631916666665,0.03425384615384623,68.22826949673862,11.1,1.0
healthy,1.0,diazepam,9,20261208,30,3.7818181818181813,2.7818181818181813,0.0,nan,4.839907197369485,0.002600624999999999,-7.09725916883101,0.03345384615384622,68.22826949673862,11.1,1.0
healthy,1.0,diazepam,9,20261208,60,4.6,3.5999999999999996,0.0,nan,4.863505976844869,0.002600624999999999,-11.33820239285722,0.031923076923076985,68.22826949673862,11.1,1.0
healthy,1.0,perampanel,10,20261209,0,1.0,0.0,11.3,87.28125,6.020176612912303,0.20335785555740965,-0.5417692857142903,0.07516538461538483,16438.137355903906,11.3,0.0
healthy,1.0,perampanel,10,20261209,6,0.9741421208800244,0.025857879119975637,10.7,92.22169811320755,6.032319261834002,0.18488614485981283,-0.5435075000000044,0.07304230769230817,14586.005306551286,11.3,0.053097345132743445
healthy,1.0,perampanel,10,20261209,8,0.9676668921927091,0.03233310780729098,10.7,92.22169811320755,5.997582426813259,0.18193881859145503,-0.5437732142857187,0.07211538461538523,14255.542448334265,11.3,0.053097345132743445
healthy,1.0,perampanel,10,20261209,10,0.9615904074078002,0.03840959259219974,9.3,106.2554347826087,6.198769205132628,0.18596016588785025,-0.5577564285714334,0.07383076923076995,14099.97768449347,11.3,0.17699115044247782
healthy,1.0,perampanel,10,20261209,12,0.9558253497558058,0.044174650244194216,9.1,108.61666666666666,6.2136087004548095,0.18547838050734286,-0.5581273214285764,0.07319230769230843,14144.940890688771,11.3,0.19469026548672574
healthy,1.0,perampanel,10,20261209,14,0.9503156200134328,0.049684379986567204,0.0,nan,4.640123913461209,0.0038324999999999995,-0.8055405357142851,0.032488461538461584,115.03978316448145,11.3,1.0
healthy,1.0,perampanel,10,20261209,16,0.9450221738818855,0.05497782611811456,0.0,nan,4.615559255434452,0.0038324999999999995,-0.8077326785714255,0.03181923076923077,115.03978316448145,11.3,1.0
healthy,1.0,perampanel,10,20261209,18,0.9399162876906435,0.06008371230935653,0.0,nan,4.591701522393296,0.0038324999999999995,-0.8083416071428565,0.031173076923076894,115.03978316448145,11.3,1.0
healthy,1.0,perampanel,10,20261209,22,0.9301837569953113,0.06981624300468868,0.0,nan,4.442737813547898,0.0,-0.8216826785714267,0.027984615384615278,0.0,11.3,1.0
healthy,1.0,memantine,10,20261209,0,1.0,0.0,11.3,87.28125,6.020176612912303,0.20335785555740965,-0.5417692857142903,0.07516538461538483,16438.137355903906,11.3,0.0
healthy,1.0,memantine,10,20261209,50,0.9268452221991218,0.07315477780087822,10.8,91.35981308411215,6.015407491164202,0.1767268968170825,-0.5425553571428614,0.07226538461538548,8317.775654724797,11.3,0.04424778761061943
healthy,1.0,memantine,10,20261209,100,0.870062755069906,0.12993724493009393,8.9,111.08522727272727,6.314188894724747,0.17238330601384375,-0.5536267857142902,0.07578846153846223,5073.5592693418175,11.3,0.21238938053097345
healthy,1.0,memantine,10,20261209,125,0.8450406189991146,0.15495938100088538,7.7,128.625,6.43662457907601,0.15319802073295294,-0.5543907142857187,0.07498461538461627,3458.9849496612765,11.3,0.31858407079646023
healthy,1.0,memantine,10,20261209,150,0.8217846664011272,0.1782153335988728,7.3,135.77083333333334,6.454939109085339,0.14596130862073306,-0.5541526785714331,0.0733076923076933,2678.2527005744732,11.3,0.35398230088495586
healthy,1.0,memantine,10,20261209,175,0.8000596497582824,0.19994035024171763,6.4,155.16666666666666,6.523953571570661,0.12343220809775841,-0.5630153571428623,0.07293461538461637,1839.3750454396236,11.3,0.4336283185840708
healthy,1.0,memantine,10,20261209,200,0.7796827121197533,0.22031728788024676,4.7,209.6086956521739,6.7175259801572365,0.10719991971479367,-0.5584151785714333,0.0756769230769246,1288.3456875449479,11.3,0.584070796460177
healthy,1.0,memantine,10,20261209,250,0.7424088119900276,0.2575911880099724,2.7,370.84615384615387,6.8330167667119035,0.09243642395901376,-0.5668460714285763,0.07590769230769376,505.2610275079674,11.3,0.7610619469026548
healthy,1.0,memantine,10,20261209,350,0.6789546199580587,0.3210453800419412,1.2,731.4545454545455,6.77167170500495,0.05170451264368829,-0.5664751785714341,0.07250000000000084,61.654986602556846,11.3,0.8938053097345133
healthy,1.0,memantine,10,20261209,500,0.6036820500876947,0.39631794991230535,0.5,1230.25,6.741008757704854,0.046493087909812866,-0.5680971428571483,0.06891923076923151,16.577575857700953,11.3,0.9557522123893806
healthy,1.0,diazepam,10,20261209,0,1.0,0.0,11.3,87.28125,6.020176612912303,0.20335785555740965,-0.5417692857142903,0.07516538461538483,16438.137355903906,11.3,0.0
healthy,1.0,diazepam,10,20261209,2.5,1.4636363636363636,0.4636363636363636,11.1,88.86818181818182,6.07501534643712,0.20343000275367132,-0.858152215909083,0.07584615384615415,16558.29256913507,11.3,0.017699115044247926
healthy,1.0,diazepam,10,20261209,5,1.8499999999999999,0.8499999999999999,10.4,94.90776699029126,6.235238395760915,0.2045179122997327,-1.2114265803572222,0.07844615384615412,16507.7014330075,11.3,0.07964601769911506
healthy,1.0,diazepam,10,20261209,7.5,2.1769230769230767,1.1769230769230767,0.0,nan,4.9154738350244145,0.009033749999999998,-2.5163566978019545,0.038196153846154116,204.39981583813153,11.3,1.0
healthy,1.0,diazepam,10,20261209,10,2.457142857142857,1.4571428571428569,0.0,nan,4.919905965637713,0.009033749999999998,-3.000365367346998,0.037830769230769515,204.39981583813153,11.3,1.0
healthy,1.0,diazepam,10,20261209,12.5,2.6999999999999997,1.6999999999999997,0.0,nan,4.923776176509434,0.009033749999999998,-3.4688269285711613,0.037615384615384904,204.39981583813153,11.3,1.0
healthy,1.0,diazepam,10,20261209,15,2.9124999999999996,1.9124999999999996,0.0,nan,4.928397085394867,0.009033749999999998,-4.019228676339271,0.03738461538461564,204.39981583813153,11.3,1.0
healthy,1.0,diazepam,10,20261209,20,3.2666666666666666,2.2666666666666666,0.0,nan,4.934874896335051,0.009033749999999998,-4.801450499999971,0.03696153846153868,204.39981583813153,11.3,1.0
healthy,1.0,diazepam,10,20261209,30,3.7818181818181813,2.7818181818181813,0.0,nan,4.948885135063527,0.009033749999999998,-6.918159688311534,0.03609615384615401,204.39981583813153,11.3,1.0
healthy,1.0,diazepam,10,20261209,60,4.6,3.5999999999999996,0.0,nan,4.974196054282555,0.009033749999999998,-11.2056607857144,0.034419230769230896,204.39981583813153,11.3,1.0
healthy,1.0,perampanel,11,20261210,0,1.0,0.0,11.0,89.6788990825688,6.0774454998900875,0.20293440195260312,-0.5475375000000051,0.07616923076923117,15688.407758372414,11.0,0.0
healthy,1.0,perampanel,11,20261210,6,0.9741421208800244,0.025857879119975637,10.3,95.83333333333333,6.096300005331363,0.18097230565754308,-0.5508201785714334,0.07347692307692359,13418.265000185593,11.0,0.0636363636363636
healthy,1.0,perampanel,11,20261210,8,0.9676668921927091,0.03233310780729098,9.4,105.10752688172043,6.205977986404702,0.18397494843124135,-0.5559075000000052,0.07442692307692363,12280.870165415063,11.0,0.1454545454545454
healthy,1.0,perampanel,11,20261210,10,0.9615904074078002,0.03840959259219974,5.7,174.55357142857142,6.600010889551655,0.15951173105807717,-0.5670619642857204,0.07380769230769264,7996.953856221776,11.0,0.4818181818181818
healthy,1.0,perampanel,11,20261210,12,0.9558253497558058,0.044174650244194216,5.7,174.55357142857142,6.575779461405173,0.15959104180574074,-0.5670619642857204,0.07297692307692345,8027.285160899326,11.0,0.4818181818181818
healthy,1.0,perampanel,11,20261210,14,0.9503156200134328,0.049684379986567204,5.6,177.72727272727272,6.530547346201067,0.15767442631842435,-0.5683241071428631,0.07156153846153886,7926.378851832248,11.0,0.49090909090909096
healthy,1.0,perampanel,11,20261210,16,0.9450221738818855,0.05497782611811456,5.6,177.72727272727272,6.501806885164713,0.1499291287550064,-0.5682964285714345,0.07055769230769272,7468.086716601083,11.0,0.49090909090909096
healthy,1.0,perampanel,11,20261210,18,0.9399162876906435,0.06008371230935653,5.6,177.72727272727272,6.476795780525828,0.14795666680574074,-0.5681912500000058,0.06938846153846201,7346.675140348076,11.0,0.49090909090909096
healthy,1.0,perampanel,11,20261210,22,0.9301837569953113,0.06981624300468868,0.0,nan,4.441933986583526,0.0,-0.8091553571428525,0.027780769230769123,0.0,11.0,1.0
healthy,1.0,memantine,11,20261210,0,1.0,0.0,11.0,89.6788990825688,6.0774454998900875,0.20293440195260312,-0.5475375000000051,0.07616923076923117,15688.407758372414,11.0,0.0
healthy,1.0,memantine,11,20261210,50,0.9268452221991218,0.07315477780087822,10.4,94.90291262135922,6.126143316834403,0.1749120766402521,-0.5507814285714338,0.07428461538461616,7804.9908322209585,11.0,0.054545454545454564
healthy,1.0,memantine,11,20261210,100,0.870062755069906,0.12993724493009393,8.4,117.7710843373494,6.43161378929168,0.17884304737075254,-0.558597857142862,0.07740000000000051,5201.1569193174,11.0,0.23636363636363633
healthy,1.0,memantine,11,20261210,125,0.8450406189991146,0.15495938100088538,8.1,122.1875,6.423695527662968,0.16550251517086134,-0.5586919642857192,0.07609615384615459,3876.9963209099433,11.0,0.26363636363636367
healthy,1.0,memantine,11,20261210,150,0.8217846664011272,0.1782153335988728,7.3,135.76388888888889,6.467332976574414,0.1520550876894739,-0.5608564285714336,0.07447307692307785,2797.0732236028252,11.0,0.3363636363636364
healthy,1.0,memantine,11,20261210,175,0.8000596497582824,0.19994035024171763,6.5,152.734375,6.5362885921281855,0.13577449465229857,-0.5643882142857195,0.07474615384615489,2077.759823832166,11.0,0.40909090909090906
healthy,1.0,memantine,11,20261210,200,0.7796827121197533,0.22031728788024676,4.4,224.22093023255815,6.780343063430294,0.11524400150402186,-0.5598157142857199,0.0774500000000016,1330.5095547497492,11.0,0.6
healthy,1.0,memantine,11,20261210,250,0.7424088119900276,0.2575911880099724,3.1,321.3833333333333,6.834729731829139,0.10514434072299887,-0.5635135714285769,0.07657307692307835,635.7676828527932,11.0,0.7181818181818183
healthy,1.0,memantine,11,20261210,350,0.6789546199580587,0.3210453800419412,0.9,1005.75,6.832984041403472,0.05279153066119005,-0.565196428571435,0.07315384615384718,69.15032320895148,11.0,0.9181818181818182
healthy,1.0,memantine,11,20261210,500,0.6036820500876947,0.39631794991230535,0.4,2615.5,6.768590305408063,0.04883836093878176,-0.566419821428578,0.06914615384615469,18.423972950032667,11.0,0.9636363636363636
healthy,1.0,diazepam,11,20261210,0,1.0,0.0,11.0,89.6788990825688,6.0774454998900875,0.20293440195260312,-0.5475375000000051,0.07616923076923117,15688.407758372414,11.0,0.0
healthy,1.0,diazepam,11,20261210,2.5,1.4636363636363636,0.4636363636363636,10.7,92.21698113207547,6.148845176941447,0.2029037192923895,-0.8562076704545311,0.07688076923076971,15730.946412945517,11.0,0.027272727272727337
healthy,1.0,diazepam,11,20261210,5,1.8499999999999999,0.8499999999999999,10.2,96.78217821782178,6.265742812622922,0.20873055565754306,-1.207145812500079,0.07834230769230795,15874.404525227785,11.0,0.07272727272727275
healthy,1.0,diazepam,11,20261210,7.5,2.1769230769230767,1.1769230769230767,9.4,105.10752688172043,6.4223107748546315,0.20277073673230936,-1.7223399436812,0.08071923076923108,15458.80661304859,11.0,0.1454545454545454
healthy,1.0,diazepam,11,20261210,10,2.457142857142857,1.4571428571428569,9.4,105.10752688172043,6.432279423409328,0.20369891004672858,-2.0466582755102123,0.08083076923076957,15651.5811464547,11.0,0.1454545454545454
healthy,1.0,diazepam,11,20261210,12.5,2.6999999999999997,1.6999999999999997,9.1,108.61111111111111,6.522551718372399,0.20657968107476596,-2.601082124999845,0.0821923076923081,15732.053490573066,11.0,0.17272727272727273
healthy,1.0,diazepam,11,20261210,15,2.9124999999999996,1.9124999999999996,0.0,nan,4.967777617000822,0.015466874999999993,-3.9673133638393074,0.03854615384615402,314.2071812125271,11.0,1.0
healthy,1.0,diazepam,11,20261210,20,3.2666666666666666,2.2666666666666666,0.0,nan,4.974224245469901,0.015466874999999993,-4.716169500000005,0.038142307692307864,314.2071812125271,11.0,1.0
healthy,1.0,diazepam,11,20261210,30,3.7818181818181813,2.7818181818181813,0.0,nan,4.986743201517164,0.015466874999999993,-6.592116987012871,0.037273076923077075,314.2071812125271,11.0,1.0
healthy,1.0,diazepam,11,20261210,60,4.6,3.5999999999999996,0.0,nan,5.01231907718832,0.015466874999999993,-10.997795821428745,0.03555384615384625,314.2071812125271,11.0,1.0
healthy,1.0,perampanel,12,20261211,0,1.0,0.0,7.4,133.91095890410958,6.528409102753225,0.19026511306742303,-0.564388214285721,0.07913461538461546,11054.564890733434,7.4,0.0
healthy,1.0,perampanel,12,20261211,6,0.9741421208800244,0.025857879119975637,6.2,160.24590163934425,6.606693100204191,0.1746205015854471,-0.5693537500000065,0.07744230769230799,9030.229895184944,7.4,0.16216216216216217
healthy,1.0,perampanel,12,20261211,8,0.9676668921927091,0.03233310780729098,6.1,162.91666666666666,6.602211775573423,0.17453402728638165,-0.5697025000000066,0.07681923076923115,8893.418341643372,7.4,0.17567567567567577
healthy,1.0,perampanel,12,20261211,10,0.9615904074078002,0.03840959259219974,5.7,174.55357142857142,6.608637693464851,0.1476640942089451,-0.5697301785714352,0.07421153846153905,7025.198003842703,7.4,0.22972972972972971
healthy,1.0,perampanel,12,20261211,12,0.9558253497558058,0.044174650244194216,5.2,191.66666666666666,6.660930855642336,0.1470680757676901,-0.5702505357142919,0.07459230769230846,6912.029447569451,7.4,0.29729729729729726
healthy,1.0,perampanel,12,20261211,14,0.9503156200134328,0.049684379986567204,5.2,191.66666666666666,6.6055136007977895,0.14531373664886502,-0.5702505357142919,0.07210000000000069,6811.123138502329,7.4,0.29729729729729726
healthy,1.0,perampanel,12,20261211,16,0.9450221738818855,0.05497782611811456,0.0,nan,4.617670608679051,0.0038324999999999995,-0.8068524999999995,0.031903846153846144,115.03978316448145,7.4,1.0
healthy,1.0,perampanel,12,20261211,18,0.9399162876906435,0.06008371230935653,0.0,nan,4.593899100037327,0.0038324999999999995,-0.8112976785714303,0.031303846153846134,115.03978316448145,7.4,1.0
healthy,1.0,perampanel,12,20261211,22,0.9301837569953113,0.06981624300468868,0.0,nan,4.5484300193561,0.0038324999999999995,-0.8189092857142872,0.030088461538461495,115.03978316448145,7.4,1.0
healthy,1.0,memantine,12,20261211,0,1.0,0.0,7.4,133.91095890410958,6.528409102753225,0.19026511306742303,-0.564388214285721,0.07913461538461546,11054.564890733434,7.4,0.0
healthy,1.0,memantine,12,20261211,50,0.9268452221991218,0.07315477780087822,6.3,157.66935483870967,6.656309504498575,0.16851560956107067,-0.5668792857142922,0.07951538461538518,5864.715905838615,7.4,0.14864864864864868
healthy,1.0,memantine,12,20261211,100,0.870062755069906,0.12993724493009393,4.9,203.65625,6.770334474505851,0.12469701536441856,-0.5712192857142924,0.07939230769230894,2713.7115676542053,7.4,0.33783783783783783
healthy,1.0,memantine,12,20261211,125,0.8450406189991146,0.15495938100088538,4.8,207.98936170212767,6.735414612525269,0.11784846940846558,-0.5713023214285781,0.0771423076923092,1968.047324547183,7.4,0.3513513513513514
healthy,1.0,memantine,12,20261211,150,0.8217846664011272,0.1782153335988728,4.6,217.23333333333332,6.70059275552086,0.11146245704669834,-0.5716012500000064,0.07516923076923232,1486.8322944689357,7.4,0.3783783783783785
healthy,1.0,memantine,12,20261211,175,0.8000596497582824,0.19994035024171763,3.4,292.1666666666667,6.8346951044916215,0.1028924093629289,-0.5641335714285779,0.07649615384615574,1084.5136988118575,7.4,0.5405405405405406
healthy,1.0,memantine,12,20261211,200,0.7796827121197533,0.22031728788024676,3.1,321.3833333333333,6.817091048692049,0.0972913175437187,-0.5638457142857204,0.07526153846154018,767.523480574832,7.4,0.5810810810810811
healthy,1.0,memantine,12,20261211,250,0.7424088119900276,0.2575911880099724,2.2,421.1666666666667,6.7622940057045025,0.06742300270759281,-0.5679975000000063,0.07246923076923203,256.27020440844984,7.4,0.7027027027027026
healthy,1.0,memantine,12,20261211,350,0.6789546199580587,0.3210453800419412,0.9,640.0,6.761565183609899,0.05339088567036067,-0.5712026785714348,0.07029230769230838,54.06517993800356,7.4,0.8783783783783784
healthy,1.0,memantine,12,20261211,500,0.6036820500876947,0.39631794991230535,0.5,1280.0,6.705150400755338,0.03999242661318453,-0.572669642857149,0.06671923076923139,13.03116740468483,7.4,0.9324324324324325
healthy,1.0,diazepam,12,20261211,0,1.0,0.0,7.4,133.91095890410958,6.528409102753225,0.19026511306742303,-0.564388214285721,0.07913461538461546,11054.564890733434,7.4,0.0
healthy,1.0,diazepam,12,20261211,2.5,1.4636363636363636,0.4636363636363636,7.3,135.76388888888889,6.575341670813896,0.19640864419225607,-0.9037274999999915,0.08017692307692331,12065.092090761653,7.4,0.013513513513513598
healthy,1.0,diazepam,12,20261211,5,1.8499999999999999,0.8499999999999999,7.2,137.67605633802816,6.606627404118938,0.19339468958611458,-1.2462257410715116,0.08051153846153869,11751.74475034044,7.4,0.027027027027027084
healthy,1.0,diazepam,12,20261211,7.5,2.1769230769230767,1.1769230769230767,7.1,139.64285714285714,6.63752792110763,0.19551426018024007,-1.7987662706042655,0.08075769230769278,11872.219593221293,7.4,0.04054054054054068
healthy,1.0,diazepam,12,20261211,10,2.457142857142857,1.4571428571428569,0.0,nan,4.921965288543173,0.006433125,-3.037063673469452,0.03784230769230802,183.24786556451053,7.4,1.0
healthy,1.0,diazepam,12,20261211,12.5,2.6999999999999997,1.6999999999999997,0.0,nan,4.92660966836269,0.006433125,-3.5457113571425705,0.03756538461538493,183.24786556451053,7.4,1.0
healthy,1.0,diazepam,12,20261211,15,2.9124999999999996,1.9124999999999996,0.0,nan,4.930772718335684,0.006433125,-4.04284853125002,0.037323076923077236,183.24786556451053,7.4,1.0
healthy,1.0,diazepam,12,20261211,20,3.2666666666666666,2.2666666666666666,0.0,nan,4.936741234180717,0.006433125,-4.767688916666693,0.03690000000000029,183.24786556451053,7.4,1.0
healthy,1.0,diazepam,12,20261211,30,3.7818181818181813,2.7818181818181813,0.0,nan,4.949598625400902,0.006433125,-6.822716727272637,0.036084615384615666,183.24786556451053,7.4,1.0
healthy,1.0,diazepam,12,20261211,60,4.6,3.5999999999999996,0.0,nan,4.974470499806478,0.006433125,-10.901642678571655,0.034419230769230924,183.24786556451053,7.4,1.0
healthy,1.0,perampanel,13,20261212,0,1.0,0.0,10.8,91.35514018691589,6.081218357364095,0.20280057877169538,-0.5499842857142901,0.07764615384615463,14530.040251766319,10.8,0.0
healthy,1.0,perampanel,13,20261212,6,0.9741421208800244,0.025857879119975637,9.7,101.82291666666667,6.130358683818189,0.18834950267022668,-0.5536544642857191,0.07114230769230838,11861.067116707118,10.8,0.10185185185185197
healthy,1.0,perampanel,13,20261212,8,0.9676668921927091,0.03233310780729098,9.6,102.89473684210526,6.139090660182724,0.19073087182910523,-0.5536876785714333,0.07115000000000066,12129.662966542746,10.8,0.11111111111111116
healthy,1.0,perampanel,13,20261212,10,0.9615904074078002,0.03840959259219974,9.3,106.2445652173913,6.1765416304413066,0.18332425308744973,-0.5551712500000047,0.071484615384616,11704.8170765729,10.8,0.13888888888888884
healthy,1.0,perampanel,13,20261212,12,0.9558253497558058,0.044174650244194216,8.8,112.35057471264368,6.230960419226847,0.17918733870160186,-0.5568817857142899,0.07160000000000061,11148.488226854828,10.8,0.18518518518518512
healthy,1.0,perampanel,13,20261212,14,0.9503156200134328,0.049684379986567204,0.0,nan,4.664308395255184,0.006433125,-0.8033705357142842,0.03332692307692311,183.2951153161738,10.8,1.0
healthy,1.0,perampanel,13,20261212,16,0.9450221738818855,0.05497782611811456,0.0,nan,4.63963345887524,0.006433125,-0.8099525000000009,0.03264230769230769,183.2951153161738,10.8,1.0
healthy,1.0,perampanel,13,20261212,18,0.9399162876906435,0.06008371230935653,0.0,nan,4.6156831957912745,0.006433125,-0.8128476785714304,0.03198076923076921,183.2951153161738,10.8,1.0
healthy,1.0,perampanel,13,20261212,22,0.9301837569953113,0.06981624300468868,0.0,nan,4.5700531338440085,0.006433125,-0.8137278571428535,0.03089615384615379,183.2951153161738,10.8,1.0
healthy,1.0,memantine,13,20261212,0,1.0,0.0,10.8,91.35514018691589,6.081218357364095,0.20280057877169538,-0.5499842857142901,0.07764615384615463,14530.040251766319,10.8,0.0
healthy,1.0,memantine,13,20261212,50,0.9268452221991218,0.07315477780087822,8.9,111.07954545454545,6.2853579371840285,0.1755250450782954,-0.5597548214285766,0.0733615384615391,6832.553286516645,10.8,0.17592592592592593
healthy,1.0,memantine,13,20261212,100,0.870062755069906,0.12993724493009393,6.2,158.0655737704918,6.579527247787467,0.14082524581251077,-0.5673885714285765,0.07431538461538603,3789.6614080105214,10.8,0.42592592592592593
healthy,1.0,memantine,13,20261212,125,0.8450406189991146,0.15495938100088538,5.1,192.84,6.693232674073397,0.12638471145960317,-0.5704166071428624,0.07481538461538607,2455.9812654890015,10.8,0.5277777777777779
healthy,1.0,memantine,13,20261212,150,0.8217846664011272,0.1782153335988728,4.1,241.05,6.787536748592521,0.11154829761183009,-0.5729851785714332,0.07585000000000157,1613.450924966354,10.8,0.6203703703703705
healthy,1.0,memantine,13,20261212,175,0.8000596497582824,0.19994035024171763,4.0,247.23076923076923,6.733662164163379,0.10205912387147742,-0.5728135714285759,0.07396153846154017,1127.7647229032232,10.8,0.6296296296296297
healthy,1.0,memantine,13,20261212,200,0.7796827121197533,0.22031728788024676,2.6,385.68,6.867957720512115,0.09349169116202395,-0.5703003571428621,0.07626153846154017,748.5554991380999,10.8,0.7592592592592593
healthy,1.0,memantine,13,20261212,250,0.7424088119900276,0.2575911880099724,1.6,576.2666666666667,6.820898412495495,0.055334136878055606,-0.5706989285714337,0.07374615384615507,170.84876109064015,10.8,0.8518518518518519
healthy,1.0,memantine,13,20261212,350,0.6789546199580587,0.3210453800419412,0.7,1120.0,6.732470982356917,0.0302532462305071,-0.5682355357142912,0.06895000000000072,32.80643568731877,10.8,0.9351851851851852
healthy,1.0,memantine,13,20261212,500,0.6036820500876947,0.39631794991230535,0.3,300.25,6.72073126984212,0.026358644813235257,-0.5685400000000056,0.06694230769230836,8.916061908468594,10.8,0.9722222222222222
healthy,1.0,diazepam,13,20261212,0,1.0,0.0,10.8,91.35514018691589,6.081218357364095,0.20280057877169538,-0.5499842857142901,0.07764615384615463,14530.040251766319,10.8,0.0
healthy,1.0,diazepam,13,20261212,2.5,1.4636363636363636,0.4636363636363636,10.4,94.90291262135922,6.175707365280659,0.19963492865487298,-0.8691226931818034,0.07863461538461627,14548.615200194618,10.8,0.03703703703703709
healthy,1.0,diazepam,13,20261212,5,1.8499999999999999,0.8499999999999999,9.8,100.77319587628865,6.329772922253606,0.2059914292389851,-1.2233881517857925,0.0809269230769239,15030.592795649936,10.8,0.09259259259259256
healthy,1.0,diazepam,13,20261212,7.5,2.1769230769230767,1.1769230769230767,9.6,102.88947368421053,6.3762858948242425,0.20278859078771672,-1.7333664478020772,0.08138461538461637,14934.395737001976,10.8,0.11111111111111116
healthy,1.0,diazepam,13,20261212,10,2.457142857142857,1.4571428571428569,0.0,nan,4.919198650403229,0.006433125,-3.001453530612278,0.03797307692307718,183.2951153161738,10.8,1.0
healthy,1.0,diazepam,13,20261212,12.5,2.6999999999999997,1.6999999999999997,0.0,nan,4.923006042374971,0.006433125,-3.4792445892854382,0.03776538461538489,183.2951153161738,10.8,1.0
healthy,1.0,diazepam,13,20261212,15,2.9124999999999996,1.9124999999999996,0.0,nan,4.928146695679222,0.006433125,-4.030063176339308,0.03746153846153873,183.2951153161738,10.8,1.0
healthy,1.0,diazepam,13,20261212,20,3.2666666666666666,2.2666666666666666,0.0,nan,4.9333680575033405,0.006433125,-4.699261583333338,0.03711538461538485,183.2951153161738,10.8,1.0
healthy,1.0,diazepam,13,20261212,30,3.7818181818181813,2.7818181818181813,0.0,nan,4.947267564009998,0.006433125,-6.69719007792199,0.03621923076923094,183.2951153161738,10.8,1.0
healthy,1.0,diazepam,13,20261212,60,4.6,3.5999999999999996,0.0,nan,4.973955345319934,0.006433125,-11.457578964285803,0.03437692307692317,183.2951153161738,10.8,1.0
healthy,1.0,perampanel,14,20261213,0,1.0,0.0,11.1,88.86363636363636,6.153560225623263,0.21145087775367127,-0.5515232142857188,0.08066923076923113,15285.209809078096,11.1,0.0
healthy,1.0,perampanel,14,20261213,6,0.9741421208800244,0.025857879119975637,5.6,177.72727272727272,6.707443285951312,0.15726392923898508,-0.5709701785714333,0.07838846153846199,7233.653769593482,11.1,0.49549549549549554
healthy,1.0,perampanel,14,20261213,8,0.9676668921927091,0.03233310780729098,5.4,184.43396226415095,6.712383371978518,0.15402121612149502,-0.5718171428571479,0.07806538461538515,7130.224546149212,11.1,0.5135135135135135
healthy,1.0,perampanel,14,20261213,10,0.9615904074078002,0.03840959259219974,5.3,187.98076923076923,6.701886964528392,0.15196195093457915,-0.5716344642857195,0.0771461538461544,6979.001990859215,11.1,0.5225225225225225
healthy,1.0,perampanel,14,20261213,12,0.9558253497558058,0.044174650244194216,4.8,207.9787234042553,6.69757214458565,0.14165018316088096,-0.5731235714285764,0.07555000000000063,6127.410085715712,11.1,0.5675675675675675
healthy,1.0,perampanel,14,20261213,14,0.9503156200134328,0.049684379986567204,4.5,222.1590909090909,6.705875103245954,0.13233051243324412,-0.5735719642857192,0.07471153846153923,5459.074473686798,11.1,0.5945945945945945
healthy,1.0,perampanel,14,20261213,16,0.9450221738818855,0.05497782611811456,0.0,nan,4.659351367001651,0.010676249999999998,-0.7849753571428548,0.03298076923076911,224.85402794327658,11.1,1.0
healthy,1.0,perampanel,14,20261213,18,0.9399162876906435,0.06008371230935653,0.0,nan,4.617765386263573,0.006433125,-0.7923599999999996,0.03178076923076919,183.2951153161738,11.1,1.0
healthy,1.0,perampanel,14,20261213,22,0.9301837569953113,0.06981624300468868,0.0,nan,4.572301276024827,0.006433125,-0.804400178571428,0.030619230769230718,183.2951153161738,11.1,1.0
healthy,1.0,memantine,14,20261213,0,1.0,0.0,11.1,88.86363636363636,6.153560225623263,0.21145087775367127,-0.5515232142857188,0.08066923076923113,15285.209809078096,11.1,0.0
healthy,1.0,memantine,14,20261213,50,0.9268452221991218,0.07315477780087822,10.1,97.75,6.271331662147915,0.19543027624391465,-0.5579003571428617,0.080757692307693,8602.236964121597,11.1,0.09009009009009006
healthy,1.0,memantine,14,20261213,100,0.870062755069906,0.12993724493009393,8.3,119.20731707317073,6.457844973692139,0.1705187152822341,-0.5637516071428619,0.07850000000000072,4686.842962301685,11.1,0.2522522522522521
healthy,1.0,memantine,14,20261213,125,0.8450406189991146,0.15495938100088538,7.8,126.94805194805195,6.490394752371377,0.16304167805360542,-0.5670010714285764,0.07686153846153931,3678.051579046333,11.1,0.29729729729729726
healthy,1.0,memantine,14,20261213,150,0.8217846664011272,0.1782153335988728,6.5,152.734375,6.656676185597289,0.1561322291989561,-0.5689275000000052,0.07907307692307791,2904.5196472673433,11.1,0.4144144144144144
healthy,1.0,memantine,14,20261213,175,0.8000596497582824,0.19994035024171763,5.8,171.49122807017545,6.697702371352762,0.13906738615388015,-0.5702007142857196,0.07896538461538584,1978.022702619196,11.1,0.4774774774774775
healthy,1.0,memantine,14,20261213,200,0.7796827121197533,0.22031728788024676,5.3,187.98076923076923,6.668979219672695,0.1184674303903635,-0.5704830357142909,0.07576153846154,1444.878848113265,11.1,0.5225225225225225
healthy,1.0,memantine,14,20261213,250,0.7424088119900276,0.2575911880099724,1.7,602.625,6.828761454306729,0.06150117522565431,-0.5653016071428626,0.07376923076923216,239.02898486312986,11.1,0.8468468468468469
healthy,1.0,memantine,14,20261213,350,0.6789546199580587,0.3210453800419412,0.9,1130.4375,6.735989511318467,0.03191386135962977,-0.5674550000000055,0.06904615384615463,38.030187018998376,11.1,0.9189189189189189
healthy,1.0,memantine,14,20261213,500,0.6036820500876947,0.39631794991230535,0.5,2261.0,6.714096413918349,0.035818504742398616,-0.5683019642857197,0.06690000000000074,12.819715196128495,11.1,0.954954954954955
healthy,1.0,diazepam,14,20261213,0,1.0,0.0,11.1,88.86363636363636,6.153560225623263,0.21145087775367127,-0.5515232142857188,0.08066923076923113,15285.209809078096,11.1,0.0
healthy,1.0,diazepam,14,20261213,2.5,1.4636363636363636,0.4636363636363636,10.8,91.35514018691589,6.224131648004851,0.21075190153538015,-0.8515569659090754,0.08206923076923123,15379.247346709973,11.1,0.027027027027026973
healthy,1.0,diazepam,14,20261213,5,1.8499999999999999,0.8499999999999999,10.2,96.78217821782178,6.3449556363820925,0.21453900801068063,-1.193627598214367,0.08350000000000038,15476.720179952037,11.1,0.08108108108108114
healthy,1.0,diazepam,14,20261213,7.5,2.1769230769230767,1.1769230769230767,9.6,102.89473684210526,6.482928524228754,0.2078978841789048,-1.6936469313185651,0.08585384615384674,15315.058536083085,11.1,0.1351351351351351
healthy,1.0,diazepam,14,20261213,10,2.457142857142857,1.4571428571428569,0.0,nan,4.940238087206284,0.010676249999999998,-2.955655459183704,0.0383653846153848,224.85402794327658,11.1,1.0
healthy,1.0,diazepam,14,20261213,12.5,2.6999999999999997,1.6999999999999997,0.0,nan,4.945440866450675,0.010676249999999998,-3.5285080178568524,0.03807692307692328,224.85402794327658,11.1,1.0
healthy,1.0,diazepam,14,20261213,15,2.9124999999999996,1.9124999999999996,0.0,nan,4.949340071113427,0.010676249999999998,-4.003105908482168,0.03786538461538481,224.85402794327658,11.1,1.0
healthy,1.0,diazepam,14,20261213,20,3.2666666666666666,2.2666666666666666,0.0,nan,4.955645493094378,0.010676249999999998,-4.731974333333366,0.037503846153846346,224.85402794327658,11.1,1.0
healthy,1.0,diazepam,14,20261213,30,3.7818181818181813,2.7818181818181813,0.0,nan,4.968358636889417,0.010676249999999998,-6.733784571428469,0.036550000000000145,224.85402794327658,11.1,1.0
healthy,1.0,diazepam,14,20261213,60,4.6,3.5999999999999996,0.0,nan,4.994184241603961,0.010676249999999998,-11.000877000000132,0.034819230769230866,224.85402794327658,11.1,1.0
healthy,1.0,perampanel,15,20261214,0,1.0,0.0,11.5,85.74561403508773,6.00681807512098,0.1839839394192253,-0.5496964285714343,0.07660769230769406,16085.01590254131,11.5,0.0
healthy,1.0,perampanel,15,20261214,6,0.9741421208800244,0.025857879119975637,9.7,101.82291666666667,6.040577269577654,0.1856382081108141,-0.5538260714285761,0.06855769230769293,12281.31111494619,11.5,0.15652173913043488
healthy,1.0,perampanel,15,20261214,8,0.9676668921927091,0.03233310780729098,9.3,106.25,6.12198125937159,0.18329137750333752,-0.555647321428576,0.070207692307693,12007.559123465926,11.5,0.19130434782608685
healthy,1.0,perampanel,15,20261214,10,0.9615904074078002,0.03840959259219974,8.9,111.07954545454545,6.172159324891119,0.18522732726969263,-0.5566271428571476,0.0703307692307699,12173.037688118256,11.5,0.22608695652173905
healthy,1.0,perampanel,15,20261214,12,0.9558253497558058,0.044174650244194216,8.8,112.35632183908046,6.189423330409335,0.19200634946595432,-0.5573025000000047,0.07080000000000072,12602.762544465442,11.5,0.23478260869565215
healthy,1.0,perampanel,15,20261214,14,0.9503156200134328,0.049684379986567204,8.7,113.66279069767442,6.1912442483372905,0.19200634946595432,-0.5579501785714334,0.07026153846153911,12602.762544465442,11.5,0.24347826086956526
healthy,1.0,perampanel,15,20261214,16,0.9450221738818855,0.05497782611811456,8.1,122.19375,6.275360107615903,0.18276072646862457,-0.5629489285714331,0.0710538461538469,11733.191500571455,11.5,0.29565217391304355
healthy,1.0,perampanel,15,20261214,18,0.9399162876906435,0.06008371230935653,6.0,165.6864406779661,6.587486595767568,0.18325936081441893,-0.5668350000000048,0.07604615384615458,12227.284753943806,11.5,0.4782608695652174
healthy,1.0,perampanel,15,20261214,22,0.9301837569953113,0.06981624300468868,0.0,nan,4.442694442733066,0.0,-0.8087899999999986,0.027957692307692236,0.0,11.5,1.0
healthy,1.0,memantine,15,20261214,0,1.0,0.0,11.5,85.74561403508773,6.00681807512098,0.1839839394192253,-0.5496964285714343,0.07660769230769406,16085.01590254131,11.5,0.0
healthy,1.0,memantine,15,20261214,50,0.9268452221991218,0.07315477780087822,11.3,87.27678571428571,5.961625001935086,0.18273048144561857,-0.5490653571428622,0.07326538461538576,9007.25463414016,11.5,0.017391304347825987
healthy,1.0,memantine,15,20261214,100,0.870062755069906,0.12993724493009393,9.5,103.28191489361703,6.070597266468768,0.12616348987523374,-0.5525805357142908,0.06710384615384814,4165.841638882083,11.5,0.17391304347826086
healthy,1.0,memantine,15,20261214,125,0.8450406189991146,0.15495938100088538,8.9,111.08522727272727,6.260315472063149,0.14601292734186982,-0.5577066071428625,0.07208846153846296,3430.892576036939,11.5,0.22608695652173905
healthy,1.0,memantine,15,20261214,150,0.8217846664011272,0.1782153335988728,6.2,158.0655737704918,6.642012281796306,0.13327536160378406,-0.5651355357142914,0.07552307692307862,2635.2136715918305,11.5,0.4608695652173913
healthy,1.0,memantine,15,20261214,175,0.8000596497582824,0.19994035024171763,5.1,192.84,6.698733803758272,0.11451843357009568,-0.5688500000000057,0.0755846153846171,1728.4923407031831,11.5,0.5565217391304348
healthy,1.0,memantine,15,20261214,200,0.7796827121197533,0.22031728788024676,4.0,247.23076923076923,6.79127675068204,0.11211462503278437,-0.5694810714285773,0.07683846153846326,1220.9715524827186,11.5,0.6521739130434783
healthy,1.0,memantine,15,20261214,250,0.7424088119900276,0.2575911880099724,2.9,344.35714285714283,6.8065940951728905,0.09326877605700643,-0.5576955357142916,0.07529615384615539,547.771111762152,11.5,0.7478260869565218
healthy,1.0,memantine,15,20261214,350,0.6789546199580587,0.3210453800419412,0.9,1130.5,6.815400013978098,0.061604304973153896,-0.5665637500000056,0.07287692307692396,59.522516790858305,11.5,0.9217391304347826
healthy,1.0,memantine,15,20261214,500,0.6036820500876947,0.39631794991230535,0.4,200.0,6.754209074951401,0.05106471001435547,-0.5672889285714342,0.06883076923076996,17.4204458804541,11.5,0.9652173913043478
healthy,1.0,diazepam,15,20261214,0,1.0,0.0,11.5,85.74561403508773,6.00681807512098,0.1839839394192253,-0.5496964285714343,0.07660769230769406,16085.01590254131,11.5,0.0
healthy,1.0,diazepam,15,20261214,2.5,1.4636363636363636,0.4636363636363636,11.3,87.27678571428571,6.130607165166633,0.21395062825433883,-0.8579739659090814,0.081834615384616,17075.84607302146,11.5,0.017391304347825987
healthy,1.0,diazepam,15,20261214,5,1.8499999999999999,0.8499999999999999,10.8,91.35514018691589,6.256075901627227,0.21706050500667534,-1.1991782589286542,0.08373846153846222,17079.463883136606,11.5,0.060869565217391286
healthy,1.0,diazepam,15,20261214,7.5,2.1769230769230767,1.1769230769230767,10.2,96.78217821782178,6.392435674431159,0.21609265804405856,-1.7281363901097688,0.08542307692307775,17079.69014453545,11.5,0.11304347826086958
healthy,1.0,diazepam,15,20261214,10,2.457142857142857,1.4571428571428569,0.0,nan,4.959012414702989,0.012866249999999996,-2.9461748367347576,0.03933461538461563,293.0240501696755,11.5,1.0
healthy,1.0,diazepam,15,20261214,12.5,2.6999999999999997,1.6999999999999997,0.0,nan,4.963177909706578,0.012866249999999996,-3.4596498214283193,0.039069230769231,293.0240501696755,11.5,1.0
healthy,1.0,diazepam,15,20261214,15,2.9124999999999996,1.9124999999999996,0.0,nan,4.967777067423295,0.012866249999999996,-3.9495138281250073,0.03880769230769252,293.0240501696755,11.5,1.0
healthy,1.0,diazepam,15,20261214,20,3.2666666666666666,2.2666666666666666,0.0,nan,4.974226636076673,0.012866249999999996,-4.737290833333348,0.03835769230769251,293.0240501696755,11.5,1.0
healthy,1.0,diazepam,15,20261214,30,3.7818181818181813,2.7818181818181813,0.0,nan,4.987119602970771,0.012866249999999996,-6.671670233766119,0.03739230769230782,293.0240501696755,11.5,1.0
healthy,1.0,diazepam,15,20261214,60,4.6,3.5999999999999996,0.0,nan,5.010753922052485,0.012866249999999996,-10.658993500000207,0.03572692307692318,293.0240501696755,11.5,1.0
healthy,1.0,perampanel,16,20261215,0,1.0,0.0,10.9,90.50925925925925,6.010692107822827,0.19718196053070747,-0.5474710714285765,0.0731576923076929,12857.102553453136,10.9,0.0
healthy,1.0,perampanel,16,20261215,6,0.9741421208800244,0.025857879119975637,9.8,100.76804123711341,6.158648330323663,0.19694353487983968,-0.5549775000000056,0.07372692307692356,12746.2124399885,10.9,0.1009174311926605
healthy,1.0,perampanel,16,20261215,8,0.9676668921927091,0.03233310780729098,9.3,106.2445652173913,6.17637602818087,0.1797353869325765,-0.5585148214285776,0.071284615384616,11732.446001739967,10.9,0.14678899082568808
healthy,1.0,perampanel,16,20261215,10,0.9615904074078002,0.03840959259219974,6.6,150.37692307692308,6.660121186396484,0.19494556191588772,-0.5647701785714349,0.08041538461538539,13090.978801421867,10.9,0.3944954128440368
healthy,1.0,perampanel,16,20261215,12,0.9558253497558058,0.044174650244194216,6.4,155.15079365079364,6.631550458836308,0.1950764063751667,-0.5651632142857203,0.07824615384615452,12916.777339236174,10.9,0.4128440366972477
healthy,1.0,perampanel,16,20261215,14,0.9503156200134328,0.049684379986567204,5.0,199.4795918367347,6.637949806078962,0.1539882308911881,-0.5697800000000066,0.07352692307692378,6914.598689719353,10.9,0.5412844036697249
healthy,1.0,perampanel,16,20261215,16,0.9450221738818855,0.05497782611811456,4.8,207.96808510638297,6.647837944467165,0.14463579422563402,-0.5697800000000066,0.07323461538461613,6490.798398561558,10.9,0.5596330275229358
healthy,1.0,perampanel,16,20261215,18,0.9399162876906435,0.06008371230935653,0.0,nan,4.512483977876597,0.002600624999999999,-0.8016655357142857,0.029911538461538403,68.24845274729304,10.9,1.0
healthy,1.0,perampanel,16,20261215,22,0.9301837569953113,0.06981624300468868,0.0,nan,4.4679569739432115,0.002600624999999999,-0.8064649999999992,0.028719230769230723,68.24845274729304,10.9,1.0
healthy,1.0,memantine,16,20261215,0,1.0,0.0,10.9,90.50925925925925,6.010692107822827,0.19718196053070747,-0.5474710714285765,0.0731576923076929,12857.102553453136,10.9,0.0
healthy,1.0,memantine,16,20261215,50,0.9268452221991218,0.07315477780087822,9.2,107.41758241758242,6.275386166400211,0.18588326318074672,-0.5569426785714341,0.07469615384615441,7420.390344576445,10.9,0.15596330275229364
healthy,1.0,memantine,16,20261215,100,0.870062755069906,0.12993724493009393,7.8,126.94805194805195,6.404094105662056,0.16099078082150034,-0.5600205357142922,0.07371153846153984,4236.412567022968,10.9,0.2844036697247707
healthy,1.0,memantine,16,20261215,125,0.8450406189991146,0.15495938100088538,5.4,181.9056603773585,6.754649498009616,0.15090385539680398,-0.5647037500000068,0.0779115384615402,3297.512303097414,10.9,0.5045871559633027
healthy,1.0,memantine,16,20261215,150,0.8217846664011272,0.1782153335988728,4.1,241.0375,6.864947602549479,0.1235019417110878,-0.5680473214285784,0.07876538461538654,2038.3386020851672,10.9,0.6238532110091743
healthy,1.0,memantine,16,20261215,175,0.8000596497582824,0.19994035024171763,3.8,260.5810810810811,6.823380138436272,0.11455482420048167,-0.5676875000000058,0.07703846153846347,1475.6438116994832,10.9,0.6513761467889909
healthy,1.0,memantine,16,20261215,200,0.7796827121197533,0.22031728788024676,3.5,283.5735294117647,6.806565571958634,0.09890240506577702,-0.5684514285714346,0.07601538461538633,857.0869154987079,10.9,0.6788990825688074
healthy,1.0,memantine,16,20261215,250,0.7424088119900276,0.2575911880099724,2.4,419.2173913043478,6.741304257653121,0.06860695847906396,-0.5642830357142926,0.07263076923077076,288.67778680887005,10.9,0.7798165137614679
healthy,1.0,memantine,16,20261215,350,0.6789546199580587,0.3210453800419412,0.8,1292.0,6.823039531970123,0.053269342142230926,-0.5657001785714351,0.07263076923077022,65.38361327247218,10.9,0.926605504587156
healthy,1.0,memantine,16,20261215,500,0.6036820500876947,0.39631794991230535,0.4,200.0,6.740967665804725,0.04255392501196291,-0.5666080357142923,0.06805000000000086,15.162878036041777,10.9,0.963302752293578
healthy,1.0,diazepam,16,20261215,0,1.0,0.0,10.9,90.50925925925925,6.010692107822827,0.19718196053070747,-0.5474710714285765,0.0731576923076929,12857.102553453136,10.9,0.0
healthy,1.0,diazepam,16,20261215,2.5,1.4636363636363636,0.4636363636363636,10.3,95.82843137254902,6.1531616355405685,0.19707516513684895,-0.8709294999999867,0.07575384615384675,12950.859824127385,10.9,0.05504587155963303
healthy,1.0,diazepam,16,20261215,5,1.8499999999999999,0.8499999999999999,9.7,101.81770833333333,6.29674371921387,0.20144116697263004,-1.208579562500081,0.07808846153846198,13048.164627826955,10.9,0.11009174311926617
healthy,1.0,diazepam,16,20261215,7.5,2.1769230769230767,1.1769230769230767,8.4,117.76506024096386,6.550853481165748,0.20469515537383165,-1.7154468722526213,0.08226538461538511,13217.917284910207,10.9,0.22935779816513757
healthy,1.0,diazepam,16,20261215,10,2.457142857142857,1.4571428571428569,3.9,127.73684210526316,5.793321164932272,0.14775952294726286,-2.6700262040816924,0.06445769230769251,5559.6095680568005,10.9,0.6422018348623854
healthy,1.0,diazepam,16,20261215,12.5,2.6999999999999997,1.6999999999999997,3.8,125.79729729729729,5.777011752372128,0.14775952294726286,-3.175787249999776,0.0637423076923079,5559.6095680568005,10.9,0.6513761467889909
healthy,1.0,diazepam,16,20261215,15,2.9124999999999996,1.9124999999999996,3.7,129.29166666666666,5.80111809821064,0.14775952294726286,-3.7282127165178935,0.0637192307692311,5559.6095680568005,10.9,0.6605504587155964
healthy,1.0,diazepam,16,20261215,20,3.2666666666666666,2.2666666666666666,3.4,141.04545454545453,5.876853703522334,0.1481119623664885,-4.442044249999997,0.06432692307692352,5587.691202128407,10.9,0.6880733944954129
healthy,1.0,diazepam,16,20261215,30,3.7818181818181813,2.7818181818181813,3.2,150.1451612903226,5.907558325960081,0.14811282126168204,-5.3726913246752135,0.06428076923076964,5431.730517948185,10.9,0.7064220183486238
healthy,1.0,diazepam,16,20261215,60,4.6,3.5999999999999996,2.4,202.3695652173913,6.050677611611743,0.13961063601468607,-8.23899510714299,0.0650000000000005,4790.961758996316,10.9,0.7798165137614679
healthy,1.0,perampanel,17,20261216,0,1.0,0.0,11.2,88.06306306306307,5.935859292036055,0.16079291029706255,-0.5496300000000042,0.06933076923077051,13913.186568210274,11.2,0.0
healthy,1.0,perampanel,17,20261216,6,0.9741421208800244,0.025857879119975637,10.8,91.35981308411215,5.939194548990173,0.14878420318758312,-0.550726071428576,0.06615769230769356,12512.570968012451,11.2,0.03571428571428559
healthy,1.0,perampanel,17,20261216,8,0.9676668921927091,0.03233310780729098,10.6,93.1,5.958707808324927,0.14574354973297698,-0.5518553571428617,0.06556923076923202,12368.792368788923,11.2,0.05357142857142849
healthy,1.0,perampanel,17,20261216,10,0.9615904074078002,0.03840959259219974,10.3,95.83823529411765,5.988404074829308,0.14248665570760985,-0.5517169642857191,0.06551923076923209,12016.469067971662,11.2,0.08035714285714268
healthy,1.0,perampanel,17,20261216,12,0.9558253497558058,0.044174650244194216,7.3,133.90972222222223,6.406765011391605,0.15013221178237623,-0.5596551785714337,0.070380769230771,10508.11321283187,11.2,0.3482142857142857
healthy,1.0,perampanel,17,20261216,14,0.9503156200134328,0.049684379986567204,8.6,115.00588235294117,6.252390377018636,0.18513378079105433,-0.557651250000005,0.07117692307692361,11831.24546095796,11.2,0.2321428571428571
healthy,1.0,perampanel,17,20261216,16,0.9450221738818855,0.05497782611811456,8.2,120.68518518518519,6.29544086190487,0.18225469100467248,-0.5614653571428616,0.07102307692307762,11618.934687608727,11.2,0.2678571428571429
healthy,1.0,perampanel,17,20261216,18,0.9399162876906435,0.06008371230935653,7.9,125.32692307692308,6.331139611199579,0.18226287792056034,-0.5618916071428616,0.07091923076923143,11623.459869838991,11.2,0.2946428571428571
healthy,1.0,perampanel,17,20261216,22,0.9301837569953113,0.06981624300468868,0.0,nan,4.571230750383232,0.006433125,-0.8034757142857104,0.030953846153846127,183.30199087442054,11.2,1.0
healthy,1.0,memantine,17,20261216,0,1.0,0.0,11.2,88.06306306306307,5.935859292036055,0.16079291029706255,-0.5496300000000042,0.06933076923077051,13913.186568210274,11.2,0.0
healthy,1.0,memantine,17,20261216,50,0.9268452221991218,0.07315477780087822,11.0,89.68348623853211,5.863046910971366,0.11264456115267692,-0.5503717857142899,0.06255000000000119,6964.289751182987,11.2,0.017857142857142794
healthy,1.0,memantine,17,20261216,100,0.870062755069906,0.12993724493009393,9.3,106.2554347826087,6.219561408172362,0.16548776580331648,-0.5555200000000049,0.07175384615384735,4993.091552795748,11.2,0.16964285714285698
healthy,1.0,memantine,17,20261216,125,0.8450406189991146,0.15495938100088538,6.9,141.78676470588235,6.5790186769758305,0.14580130220629192,-0.5613767857142904,0.0757769230769246,3697.7476372571878,11.2,0.3839285714285714
healthy,1.0,memantine,17,20261216,150,0.8217846664011272,0.1782153335988728,6.2,158.05737704918033,6.6466708723554255,0.1287318637420272,-0.5657278571428618,0.07576538461538639,2776.3346954951558,11.2,0.4464285714285714
healthy,1.0,memantine,17,20261216,175,0.8000596497582824,0.19994035024171763,5.7,172.16964285714286,6.650088367576366,0.1159240710132234,-0.5685787500000049,0.07546153846154026,2059.5926455317467,11.2,0.4910714285714285
healthy,1.0,memantine,17,20261216,200,0.7796827121197533,0.22031728788024676,4.9,200.875,6.630890093472446,0.09702402117841674,-0.5687226785714333,0.07377307692307847,1271.1844977292576,11.2,0.5625
healthy,1.0,memantine,17,20261216,250,0.7424088119900276,0.2575911880099724,2.8,357.1111111111111,6.847094516964172,0.10372613626244459,-0.5688721428571484,0.07806153846153968,665.3943376944252,11.2,0.75
healthy,1.0,memantine,17,20261216,350,0.6789546199580587,0.3210453800419412,1.5,380.0,6.710630601977151,0.06256281887460423,-0.570294821428577,0.07055769230769302,72.32078752803517,11.2,0.8660714285714286
healthy,1.0,memantine,17,20261216,500,0.6036820500876947,0.39631794991230535,0.7,853.4166666666666,6.689910976558397,0.03873059713365373,-0.5744632142857198,0.06700769230769303,15.155377518744345,11.2,0.9375
healthy,1.0,diazepam,17,20261216,0,1.0,0.0,11.2,88.06306306306307,5.935859292036055,0.16079291029706255,-0.5496300000000042,0.06933076923077051,13913.186568210274,11.2,0.0
healthy,1.0,diazepam,17,20261216,2.5,1.4636363636363636,0.4636363636363636,11.1,88.86363636363636,5.978370101943883,0.15936780215287027,-0.8768441590908984,0.0697192307692321,13755.484589037153,11.2,0.008928571428571397
healthy,1.0,diazepam,17,20261216,5,1.8499999999999999,0.8499999999999999,10.3,95.83333333333333,6.175669379183892,0.1688918351134844,-1.214969991071507,0.0740000000000012,14046.255501544098,11.2,0.08035714285714268
healthy,1.0,diazepam,17,20261216,7.5,2.1769230769230767,1.1769230769230767,9.8,100.77319587628865,6.2770161713659425,0.16567993257676877,-1.7010461373625247,0.07522307692307828,13975.131916170243,11.2,0.12499999999999989
healthy,1.0,diazepam,17,20261216,10,2.457142857142857,1.4571428571428569,9.6,102.89473684210526,6.322055265984423,0.1625812031875832,-2.0586008673469447,0.07558846153846291,13931.966462391216,11.2,0.1428571428571428
healthy,1.0,diazepam,17,20261216,12.5,2.6999999999999997,1.6999999999999997,9.5,103.98936170212765,6.4339932594325315,0.1867929470126832,-2.5329563035712708,0.08080384615384636,14692.172786310122,11.2,0.1517857142857142
healthy,1.0,diazepam,17,20261216,15,2.9124999999999996,1.9124999999999996,0.0,nan,4.969319891537595,0.012866249999999996,-4.019099694196438,0.038838461538461704,293.0846037674925,11.2,1.0
healthy,1.0,diazepam,17,20261216,20,3.2666666666666666,2.2666666666666666,0.0,nan,4.9753882896803265,0.012866249999999996,-4.749479000000011,0.038515384615384764,293.0846037674925,11.2,1.0
healthy,1.0,diazepam,17,20261216,30,3.7818181818181813,2.7818181818181813,0.0,nan,4.988341058915428,0.012866249999999996,-6.760790805194694,0.03746153846153857,293.0846037674925,11.2,1.0
healthy,1.0,diazepam,17,20261216,60,4.6,3.5999999999999996,0.0,nan,5.013518623796424,0.012866249999999996,-11.028200178571458,0.03577307692307695,293.0846037674925,11.2,1.0
healthy,1.0,perampanel,18,20261217,0,1.0,0.0,10.7,92.2122641509434,5.836676102927719,0.12156714853137494,-0.555398214285718,0.060211538461539545,11407.038012466115,10.7,0.0
healthy,1.0,perampanel,18,20261217,6,0.9741421208800244,0.025857879119975637,10.3,95.82843137254902,5.929634474066922,0.14044151660547383,-0.5573301785714322,0.06404615384615521,11333.638489930907,10.7,0.03738317757009335
healthy,1.0,perampanel,18,20261217,8,0.9676668921927091,0.03233310780729098,10.0,98.73232323232324,5.958958644479485,0.1442740166054738,-0.5580166071428608,0.06407692307692443,11423.836245514645,10.7,0.06542056074766345
healthy,1.0,perampanel,18,20261217,10,0.9615904074078002,0.03840959259219974,7.6,129.44,6.324364596475336,0.14959653529706265,-0.5593839285714322,0.06991538461538649,10832.022499438837,10.7,0.28971962616822433
healthy,1.0,perampanel,18,20261217,12,0.9558253497558058,0.044174650244194216,0.0,nan,4.66506328925217,0.0038324999999999995,-0.7981337499999961,0.03311923076923079,115.04666256888201,10.7,1.0
healthy,1.0,perampanel,18,20261217,14,0.9503156200134328,0.049684379986567204,0.0,nan,4.639379716226967,0.0038324999999999995,-0.7985378571428552,0.03248846153846157,115.04666256888201,10.7,1.0
healthy,1.0,perampanel,18,20261217,16,0.9450221738818855,0.05497782611811456,0.0,nan,4.614686697928965,0.0038324999999999995,-0.8022301785714231,0.03178461538461538,115.04666256888201,10.7,1.0
healthy,1.0,perampanel,18,20261217,18,0.9399162876906435,0.06008371230935653,0.0,nan,4.59090405086124,0.0038324999999999995,-0.8044887499999969,0.03114999999999999,115.04666256888201,10.7,1.0
healthy,1.0,perampanel,18,20261217,22,0.9301837569953113,0.06981624300468868,0.0,nan,4.545524248194565,0.0038324999999999995,-0.8085519642857109,0.03004230769230762,115.04666256888201,10.7,1.0
healthy,1.0,memantine,18,20261217,0,1.0,0.0,10.7,92.2122641509434,5.836676102927719,0.12156714853137494,-0.555398214285718,0.060211538461539545,11407.038012466115,10.7,0.0
healthy,1.0,memantine,18,20261217,50,0.9268452221991218,0.07315477780087822,9.5,103.27659574468085,6.051975072381687,0.13215948436896546,-0.5573025000000035,0.06506153846153997,6648.0362196364895,10.7,0.11214953271028028
healthy,1.0,memantine,18,20261217,100,0.870062755069906,0.12993724493009393,8.2,120.67283950617283,6.391443302021057,0.17407226705677156,-0.5684735714285756,0.074365384615385,4654.830629572761,10.7,0.23364485981308414
healthy,1.0,memantine,18,20261217,125,0.8450406189991146,0.15495938100088538,7.3,135.75694444444446,6.557303680959453,0.17511538311241193,-0.5690437500000041,0.07790769230769312,3953.349558855547,10.7,0.3177570093457943
healthy,1.0,memantine,18,20261217,150,0.8217846664011272,0.1782153335988728,6.0,165.66949152542372,6.663073598539619,0.15140532146631833,-0.5705882142857186,0.07703076923077008,2580.6818061895037,10.7,0.43925233644859807
healthy,1.0,memantine,18,20261217,175,0.8000596497582824,0.19994035024171763,5.5,179.77777777777777,6.684335821172345,0.14029335125598183,-0.5724648214285758,0.07614615384615493,1895.026221600091,10.7,0.4859813084112149
healthy,1.0,memantine,18,20261217,200,0.7796827121197533,0.22031728788024676,3.2,311.0,6.835858971987893,0.10714764304292299,-0.5678978571428611,0.07616923076923213,1027.675718921341,10.7,0.7009345794392523
healthy,1.0,memantine,18,20261217,250,0.7424088119900276,0.2575911880099724,2.2,459.1190476190476,6.83419181174309,0.08397084239624324,-0.5712303571428615,0.07503846153846293,437.9628725327519,10.7,0.794392523364486
healthy,1.0,memantine,18,20261217,350,0.6789546199580587,0.3210453800419412,0.6,984.0,6.820272767524615,0.05294687212425503,-0.5764394642857188,0.07198461538461613,55.11727979839842,10.7,0.9439252336448598
healthy,1.0,memantine,18,20261217,500,0.6036820500876947,0.39631794991230535,0.4,1640.0,6.727779208415241,0.038422475981675225,-0.576688571428576,0.06741538461538533,12.34531648864886,10.7,0.9626168224299065
healthy,1.0,diazepam,18,20261217,0,1.0,0.0,10.7,92.2122641509434,5.836676102927719,0.12156714853137494,-0.555398214285718,0.060211538461539545,11407.038012466115,10.7,0.0
healthy,1.0,diazepam,18,20261217,2.5,1.4636363636363636,0.4636363636363636,10.3,95.82843137254902,5.929512368808286,0.12132444667890499,-0.881357124999985,0.06146153846153959,11511.564508330659,10.7,0.03738317757009335
healthy,1.0,diazepam,18,20261217,5,1.8499999999999999,0.8499999999999999,9.8,100.76804123711341,6.148296745138804,0.1538258448765019,-1.2448636785715084,0.06984230769230922,12356.880733827431,10.7,0.08411214953271018
healthy,1.0,diazepam,18,20261217,7.5,2.1769230769230767,1.1769230769230767,0.0,nan,4.929326777617226,0.010265624999999997,-2.5752490755492072,0.03841538461538478,224.82927546195285,10.7,1.0
healthy,1.0,diazepam,18,20261217,10,2.457142857142857,1.4571428571428569,0.0,nan,4.9329380472371485,0.010265624999999997,-3.0209044489796386,0.038169230769230955,224.82927546195285,10.7,1.0
healthy,1.0,diazepam,18,20261217,12.5,2.6999999999999997,1.6999999999999997,0.0,nan,4.937692588838451,0.010265624999999997,-3.5666961428568196,0.037853846153846314,224.82927546195285,10.7,1.0
healthy,1.0,diazepam,18,20261217,15,2.9124999999999996,1.9124999999999996,0.0,nan,4.941442181085139,0.010265624999999997,-3.9896433973214602,0.03766538461538478,224.82927546195285,10.7,1.0
healthy,1.0,diazepam,18,20261217,20,3.2666666666666666,2.2666666666666666,0.0,nan,4.947659127235562,0.010265624999999997,-4.78844858333333,0.03720769230769245,224.82927546195285,10.7,1.0
healthy,1.0,diazepam,18,20261217,30,3.7818181818181813,2.7818181818181813,0.0,nan,4.9597566143846405,0.010265624999999997,-6.618599844155748,0.036357692307692424,224.82927546195285,10.7,1.0
healthy,1.0,diazepam,18,20261217,60,4.6,3.5999999999999996,0.0,nan,4.985356541035873,0.010265624999999997,-10.948675214285933,0.034657692307692375,224.82927546195285,10.7,1.0
healthy,1.0,perampanel,19,20261218,0,1.0,0.0,11.0,89.6788990825688,6.054827682694321,0.21415696411882476,-0.5478530357142908,0.0756538461538464,15644.629548539639,11.0,0.0
healthy,1.0,perampanel,19,20261218,6,0.9741421208800244,0.025857879119975637,10.6,93.0952380952381,6.040857730827125,0.20490395827770325,-0.5493476785714331,0.07325000000000025,14086.32314146964,11.0,0.036363636363636376
healthy,1.0,perampanel,19,20261218,8,0.9676668921927091,0.03233310780729098,10.3,95.83333333333333,6.0716236084376,0.1951095743491319,-0.5510194642857188,0.07271923076923109,13326.954452303378,11.0,0.0636363636363636
healthy,1.0,perampanel,19,20261218,10,0.9615904074078002,0.03840959259219974,5.9,168.5344827586207,6.627870385241299,0.16908260121829077,-0.5690437500000055,0.08083461538461581,9314.089414235988,11.0,0.4636363636363636
healthy,1.0,perampanel,19,20261218,12,0.9558253497558058,0.044174650244194216,4.9,203.64583333333334,6.664787964986593,0.1422895849465953,-0.5716621428571487,0.07675384615384673,7232.772362769647,11.0,0.5545454545454545
healthy,1.0,perampanel,19,20261218,14,0.9503156200134328,0.049684379986567204,4.9,203.64583333333334,6.6398969829375,0.1422895849465953,-0.5712580357142915,0.07570000000000059,7232.772362769647,11.0,0.5545454545454545
healthy,1.0,perampanel,19,20261218,16,0.9450221738818855,0.05497782611811456,0.0,nan,4.632881723412126,0.008075624999999996,-0.8001653571428573,0.03268846153846149,156.605575195983,11.0,1.0
healthy,1.0,perampanel,19,20261218,18,0.9399162876906435,0.06008371230935653,0.0,nan,4.608931950198514,0.008075624999999996,-0.7992519642857157,0.03206923076923069,156.605575195983,11.0,1.0
healthy,1.0,perampanel,19,20261218,22,0.9301837569953113,0.06981624300468868,0.0,nan,4.563411204071923,0.008075624999999996,-0.8068248214285734,0.030826923076922953,156.605575195983,11.0,1.0
healthy,1.0,memantine,19,20261218,0,1.0,0.0,11.0,89.6788990825688,6.054827682694321,0.21415696411882476,-0.5478530357142908,0.0756538461538464,15644.629548539639,11.0,0.0
healthy,1.0,memantine,19,20261218,50,0.9268452221991218,0.07315477780087822,10.4,94.90291262135922,6.088260661604294,0.1957700765424513,-0.5526967857142909,0.07270384615384654,8716.81547527737,11.0,0.054545454545454564
healthy,1.0,memantine,19,20261218,100,0.870062755069906,0.12993724493009393,8.6,115.0,6.31146566040849,0.15371183174687147,-0.5614155357142916,0.07215769230769328,4418.47818554542,11.0,0.21818181818181825
healthy,1.0,memantine,19,20261218,125,0.8450406189991146,0.15495938100088538,6.9,143.75735294117646,6.587150188882508,0.14628097966990264,-0.5645432142857201,0.07618076923077059,3370.9733912241563,11.0,0.3727272727272727
healthy,1.0,memantine,19,20261218,150,0.8217846664011272,0.1782153335988728,5.5,181.02777777777777,6.69496848263117,0.1376363506502775,-0.5681801785714347,0.07692692307692454,2236.554625618733,11.0,0.5
healthy,1.0,memantine,19,20261218,175,0.8000596497582824,0.19994035024171763,4.0,247.23076923076923,6.828328717362601,0.11248763463051252,-0.5698076785714348,0.07778076923077129,1502.3680033125174,11.0,0.6363636363636364
healthy,1.0,memantine,19,20261218,200,0.7796827121197533,0.22031728788024676,3.7,267.8333333333333,6.78128627719207,0.10762455903116346,-0.5695364285714347,0.0761000000000018,1117.03659224576,11.0,0.6636363636363636
healthy,1.0,memantine,19,20261218,250,0.7424088119900276,0.2575911880099724,3.2,311.03225806451616,6.762201368690911,0.09537234719347952,-0.5627053571428632,0.07440769230769402,648.8645530443158,11.0,0.709090909090909
healthy,1.0,memantine,19,20261218,350,0.6789546199580587,0.3210453800419412,0.9,840.0,6.830508320607613,0.057940876827422015,-0.5653625000000049,0.07343461538461643,72.34610058435733,11.0,0.9181818181818182
healthy,1.0,memantine,19,20261218,500,0.6036820500876947,0.39631794991230535,0.4,1839.8333333333333,6.73636498255801,0.043132327876203164,-0.5667575000000057,0.0679769230769238,14.88637495335443,11.0,0.9636363636363636
healthy,1.0,diazepam,19,20261218,0,1.0,0.0,11.0,89.6788990825688,6.054827682694321,0.21415696411882476,-0.5478530357142908,0.0756538461538464,15644.629548539639,11.0,0.0
healthy,1.0,diazepam,19,20261218,2.5,1.4636363636363636,0.4636363636363636,10.5,93.99038461538461,6.203977413835487,0.20731244659546036,-0.857876738636351,0.07997692307692368,15419.908059007892,11.0,0.045454545454545414
healthy,1.0,diazepam,19,20261218,5,1.8499999999999999,0.8499999999999999,9.9,99.74489795918367,6.336821457521258,0.21814348047396484,-1.1742310089286516,0.08209230769230819,15752.413571367531,11.0,0.09999999999999998
healthy,1.0,diazepam,19,20261218,7.5,2.1769230769230767,1.1769230769230767,9.5,103.98936170212765,6.431005105830128,0.2175577322263013,-1.6858018447800962,0.08336153846153878,15939.751748736197,11.0,0.13636363636363635
healthy,1.0,diazepam,19,20261218,10,2.457142857142857,1.4571428571428569,0.0,nan,4.958429663614121,0.012866249999999996,-2.9676796632653617,0.03926538461538489,293.0621103433068,11.0,1.0
healthy,1.0,diazepam,19,20261218,12.5,2.6999999999999997,1.6999999999999997,0.0,nan,4.962748686656441,0.012866249999999996,-3.48196483928544,0.03902692307692335,293.0621103433068,11.0,1.0
healthy,1.0,diazepam,19,20261218,15,2.9124999999999996,1.9124999999999996,0.0,nan,4.966838199177481,0.012866249999999996,-3.9701026026785917,0.03880000000000026,293.0621103433068,11.0,1.0
healthy,1.0,diazepam,19,20261218,20,3.2666666666666666,2.2666666666666666,0.0,nan,4.973469097425814,0.012866249999999996,-4.718881999999983,0.0383615384615387,293.0621103433068,11.0,1.0
healthy,1.0,diazepam,19,20261218,30,3.7818181818181813,2.7818181818181813,0.0,nan,4.985268024423547,0.012866249999999996,-6.585313090909025,0.03753076923076945,293.0621103433068,11.0,1.0
healthy,1.0,diazepam,19,20261218,60,4.6,3.5999999999999996,0.0,nan,5.010498233987573,0.012866249999999996,-10.898765214285854,0.035853846153846285,293.0621103433068,11.0,1.0
healthy,1.0,perampanel,20,20261219,0,1.0,0.0,11.4,86.5,6.050099090317343,0.22473007359813063,-0.5443101785714336,0.08029230769230852,18125.08241666705,11.4,0.0
healthy,1.0,perampanel,20,20261219,6,0.9741421208800244,0.025857879119975637,10.9,90.50462962962963,6.019741596653883,0.20316127820427216,-0.5519107142857196,0.07542692307692415,16441.246008382815,11.4,0.04385964912280704
healthy,1.0,perampanel,20,20261219,8,0.9676668921927091,0.03233310780729098,10.6,93.0904761904762,5.91247874465339,0.16155570060080088,-0.5512242857142909,0.06822692307692495,13773.268586350128,11.4,0.07017543859649134
healthy,1.0,perampanel,20,20261219,10,0.9615904074078002,0.03840959259219974,10.5,93.98557692307692,5.913058245059224,0.15873384612817065,-0.5517391071428623,0.06784615384615564,13681.699907292068,11.4,0.07894736842105265
healthy,1.0,perampanel,20,20261219,12,0.9558253497558058,0.044174650244194216,0.0,nan,4.605751605872611,0.004790624999999999,-0.7901124999999947,0.03250000000000003,136.4969054945861,11.4,1.0
healthy,1.0,perampanel,20,20261219,14,0.9503156200134328,0.049684379986567204,0.0,nan,4.58040198426803,0.004790624999999999,-0.790184464285709,0.031765384615384605,136.4969054945861,11.4,1.0
healthy,1.0,perampanel,20,20261219,16,0.9450221738818855,0.05497782611811456,0.0,nan,4.535678169562567,0.002600624999999999,-0.8024294642857113,0.03031153846153843,68.24845274729304,11.4,1.0
healthy,1.0,perampanel,20,20261219,18,0.9399162876906435,0.06008371230935653,0.0,nan,4.512150248267395,0.002600624999999999,-0.8015049999999967,0.029792307692307646,68.24845274729304,11.4,1.0
healthy,1.0,perampanel,20,20261219,22,0.9301837569953113,0.06981624300468868,0.0,nan,4.467571989444647,0.002600624999999999,-0.8112533928571393,0.028584615384615274,68.24845274729304,11.4,1.0
healthy,1.0,memantine,20,20261219,0,1.0,0.0,11.4,86.5,6.050099090317343,0.22473007359813063,-0.5443101785714336,0.08029230769230852,18125.08241666705,11.4,0.0
healthy,1.0,memantine,20,20261219,50,0.9268452221991218,0.07315477780087822,11.2,88.06306306306307,5.948784182182947,0.15840163033335247,-0.5469673214285768,0.07066923076923268,8750.764988016539,11.4,0.01754385964912286
healthy,1.0,memantine,20,20261219,100,0.870062755069906,0.12993724493009393,10.8,91.35981308411215,5.870476494736172,0.12734289268324767,-0.5521875000000055,0.06378461538461684,4525.98306959517,11.4,0.05263157894736836
healthy,1.0,memantine,20,20261219,125,0.8450406189991146,0.15495938100088538,9.5,102.56914893617021,6.036813628169295,0.10672244468533774,-0.5539644642857197,0.06495384615384776,2925.7426828799944,11.4,0.16666666666666674
healthy,1.0,memantine,20,20261219,150,0.8217846664011272,0.1782153335988728,8.7,112.11046511627907,6.124958520360984,0.10880647547425576,-0.5573025000000057,0.06503846153846303,2343.7501944246605,11.4,0.23684210526315796
healthy,1.0,memantine,20,20261219,175,0.8000596497582824,0.19994035024171763,6.2,158.05737704918033,6.602153887314721,0.13976627924898433,-0.5649971428571485,0.07496923076923187,2050.1519851728453,11.4,0.45614035087719296
healthy,1.0,memantine,20,20261219,200,0.7796827121197533,0.22031728788024676,4.5,219.125,6.8040138278822475,0.12246839818666859,-0.5679698214285771,0.07767307692307839,1425.4222165138967,11.4,0.6052631578947368
healthy,1.0,memantine,20,20261219,250,0.7424088119900276,0.2575911880099724,3.7,267.81944444444446,6.7522284148285685,0.09295794136943636,-0.5607346428571479,0.07517307692307838,569.0414858498305,11.4,0.6754385964912281
healthy,1.0,memantine,20,20261219,350,0.6789546199580587,0.3210453800419412,0.8,1292.0,6.7739946370721285,0.03654308658882635,-0.5666080357142916,0.070776923076924,44.89656411826984,11.4,0.9298245614035088
healthy,1.0,memantine,20,20261219,500,0.6036820500876947,0.39631794991230535,0.3,200.0,6.740606082735554,0.03767881515622346,-0.5674439285714347,0.06798461538461616,12.345316488648814,11.4,0.9736842105263158
healthy,1.0,diazepam,20,20261219,0,1.0,0.0,11.4,86.5,6.050099090317343,0.22473007359813063,-0.5443101785714336,0.08029230769230852,18125.08241666705,11.4,0.0
healthy,1.0,diazepam,20,20261219,2.5,1.4636363636363636,0.4636363636363636,11.1,88.85454545454546,6.117665032422971,0.2260134092122828,-0.8588652159090742,0.08136923076923167,18149.289410687677,11.4,0.026315789473684292
healthy,1.0,diazepam,20,20261219,5,1.8499999999999999,0.8499999999999999,10.5,93.98076923076923,6.283899756110708,0.23479652628504655,-1.1918558928572263,0.08438846153846251,18232.564391293457,11.4,0.07894736842105265
healthy,1.0,diazepam,20,20261219,7.5,2.1769230769230767,1.1769230769230767,10.1,97.74,6.374976957100526,0.23427307535046707,-1.7137718076921864,0.0853307692307702,18233.075016203173,11.4,0.11403508771929827
healthy,1.0,diazepam,20,20261219,10,2.457142857142857,1.4571428571428569,0.0,nan,4.8318923569672085,0.004790624999999999,-3.012988061224541,0.03633461538461552,136.4969054945861,11.4,1.0
healthy,1.0,diazepam,20,20261219,12.5,2.6999999999999997,1.6999999999999997,0.0,nan,4.837013985179678,0.004790624999999999,-3.6199203749996673,0.03599615384615399,136.4969054945861,11.4,1.0
healthy,1.0,diazepam,20,20261219,15,2.9124999999999996,1.9124999999999996,0.0,nan,4.840946174199873,0.004790624999999999,-4.048765587053608,0.035757692307692435,136.4969054945861,11.4,1.0
healthy,1.0,diazepam,20,20261219,20,3.2666666666666666,2.2666666666666666,0.0,nan,4.8465510327775165,0.004790624999999999,-4.794542666666689,0.035411538461538584,136.4969054945861,11.4,1.0
healthy,1.0,diazepam,20,20261219,30,3.7818181818181813,2.7818181818181813,0.0,nan,4.860773432833024,0.004790624999999999,-6.924126181818042,0.03459615384615392,136.4969054945861,11.4,1.0
healthy,1.0,diazepam,20,20261219,60,4.6,3.5999999999999996,0.0,nan,4.88756832022041,0.004790624999999999,-11.654163250000177,0.03258076923076931,136.4969054945861,11.4,1.0
moderate,1.65,perampanel,1,20261200,0,1.0,0.0,24.1,41.50833333333333,8.030026952211864,1.0541020972129493,-0.4484758928571454,0.18185769230769058,98633.74438735988,24.1,0.0
moderate,1.65,perampanel,1,20261200,6,0.9741421208800244,0.025857879119975637,22.4,39.587443946188344,7.853596465036966,0.9548653830941249,-0.4668323214285749,0.1698538461538441,87859.4889132835,24.1,0.07053941908713701
moderate,1.65,perampanel,1,20261200,8,0.9676668921927091,0.03233310780729098,22.2,39.94570135746606,7.840800079438015,0.9458261873331106,-0.4684764285714321,0.1681846153846134,86472.18978780258,24.1,0.07883817427385897
moderate,1.65,perampanel,1,20261200,10,0.9615904074078002,0.03840959259219974,22.2,39.94570135746606,7.814261334053792,0.9203095806909214,-0.4677678571428606,0.16661153846153665,84727.96895874686,24.1,0.07883817427385897
moderate,1.65,perampanel,1,20261200,12,0.9558253497558058,0.044174650244194216,22.0,40.31050228310502,7.728827066495019,0.8513595212783712,-0.4700430357142892,0.15901153846153684,75737.38447559049,24.1,0.08713692946058094
moderate,1.65,perampanel,1,20261200,14,0.9503156200134328,0.049684379986567204,22.0,40.31050228310502,7.6983099143468205,0.8312540640020026,-0.47020910714286085,0.157373076923075,74235.8018101385,24.1,0.08713692946058094
moderate,1.65,perampanel,1,20261200,16,0.9450221738818855,0.05497782611811456,21.5,41.25233644859813,7.682730026960425,0.7901360830273692,-0.46840446428571786,0.15139999999999867,69999.5401482195,24.1,0.10788381742738595
moderate,1.65,perampanel,1,20261200,18,0.9399162876906435,0.06008371230935653,21.2,41.838862559241704,7.70805315076041,0.7856184770527362,-0.4700817857142893,0.15104999999999835,69700.43427380895,24.1,0.12033195020746901
moderate,1.65,perampanel,1,20261200,22,0.9301837569953113,0.06981624300468868,20.9,42.44230769230769,7.704263145205057,0.7777976698097462,-0.47195839285714647,0.1481999999999985,68605.68378499484,24.1,0.13278008298755195
moderate,1.65,memantine,1,20261200,0,1.0,0.0,24.1,41.50833333333333,8.030026952211864,1.0541020972129493,-0.4484758928571454,0.18185769230769058,98633.74438735988,24.1,0.0
moderate,1.65,memantine,1,20261200,50,0.9268452221991218,0.07315477780087822,23.8,42.0337552742616,7.929296929006508,0.9211949847050904,-0.44612321428571733,0.17498461538461363,55205.07088155854,24.1,0.012448132780083054
moderate,1.65,memantine,1,20261200,100,0.870062755069906,0.12993724493009393,23.2,43.125541125541126,7.906008596839997,0.84315107181802,-0.4491069642857174,0.17109230769230632,34919.90756071974,24.1,0.03734439834024905
moderate,1.65,memantine,1,20261200,125,0.8450406189991146,0.15495938100088538,23.0,43.50218340611354,7.8294525063094715,0.7718731094769203,-0.4505407142857175,0.1646538461538448,26550.032825097234,24.1,0.045643153526971014
moderate,1.65,memantine,1,20261200,150,0.8217846664011272,0.1782153335988728,22.8,43.88546255506608,7.83142000234056,0.7290858037330585,-0.45103892857143174,0.1623807692307677,21422.733050464645,24.1,0.053941908713692976
moderate,1.65,memantine,1,20261200,175,0.8000596497582824,0.19994035024171763,22.7,44.07964601769911,7.795404330013932,0.6930369669019703,-0.4527273214285746,0.15932692307692167,17405.466177247952,24.1,0.05809128630705407
moderate,1.65,memantine,1,20261200,200,0.7796827121197533,0.22031728788024676,22.7,44.07964601769911,7.722775571420761,0.6432124984054328,-0.45448214285714583,0.153580769230768,13899.77212111884,24.1,0.05809128630705407
moderate,1.65,memantine,1,20261200,250,0.7424088119900276,0.2575911880099724,22.5,44.47544642857143,7.777124350998633,0.6189528989428952,-0.45593250000000296,0.15497692307692193,10476.51085754007,24.1,0.06639004149377603
moderate,1.65,memantine,1,20261200,350,0.6789546199580587,0.3210453800419412,21.0,47.66746411483253,7.878167972037742,0.5343374974004529,-0.46152357142857464,0.15060384615384537,5260.300596993582,24.1,0.12863070539419097
moderate,1.65,memantine,1,20261200,500,0.6036820500876947,0.39631794991230535,17.3,57.924418604651166,8.14507765734175,0.4600226293948939,-0.47344750000000324,0.14484615384615335,1755.5031063189645,24.1,0.2821576763485477
moderate,1.65,diazepam,1,20261200,0,1.0,0.0,24.1,41.50833333333333,8.030026952211864,1.0541020972129493,-0.4484758928571454,0.18185769230769058,98633.74438735988,24.1,0.0
moderate,1.65,diazepam,1,20261200,2.5,1.4636363636363636,0.4636363636363636,23.9,41.346638655462186,8.064304890354897,1.0562550733477962,-0.6904594772727252,0.18187307692307525,99449.45699376716,24.1,0.008298755186722073
moderate,1.65,diazepam,1,20261200,5,1.8499999999999999,0.8499999999999999,23.8,41.5210970464135,8.094439542292847,1.0595530481475288,-0.9124282589286268,0.18218461538461372,99609.56696688697,24.1,0.012448132780083054
moderate,1.65,diazepam,1,20261200,7.5,2.1769230769230767,1.1769230769230767,23.8,41.5210970464135,8.108112984700202,1.0573671050567417,-1.100541517857078,0.1822692307692291,99633.4168898148,24.1,0.012448132780083054
moderate,1.65,diazepam,1,20261200,10,2.457142857142857,1.4571428571428569,23.7,41.69703389830509,8.148965054509352,1.0459443106642192,-1.315385357142858,0.18267692307692163,98945.60234781813,24.1,0.016597510373444035
moderate,1.65,diazepam,1,20261200,12.5,2.6999999999999997,1.6999999999999997,23.6,41.874468085106386,8.17947178930308,1.0467113954439249,-1.478874375000004,0.1828961538461525,99936.95926255347,24.1,0.020746887966805017
moderate,1.65,diazepam,1,20261200,15,2.9124999999999996,1.9124999999999996,23.5,42.0534188034188,8.235275197706333,1.0695952324766356,-1.6310275647321522,0.18533846153846004,102930.47096938503,24.1,0.024896265560165998
moderate,1.65,diazepam,1,20261200,20,3.2666666666666666,2.2666666666666666,23.0,42.97161572052402,8.365803434257892,1.078563651618825,-1.9557667499999418,0.18766923076922923,104348.3413985244,24.1,0.045643153526971014
moderate,1.65,diazepam,1,20261200,30,3.7818181818181813,2.7818181818181813,23.2,42.599567099567096,8.48566338595389,1.1860647466622176,-2.353331584415479,0.19438846153845965,122089.93046477057,24.1,0.03734439834024905
moderate,1.65,diazepam,1,20261200,60,4.6,3.5999999999999996,22.8,43.35022026431718,8.708150318646043,1.2103937205440602,-3.3713950357142237,0.19693846153845992,125812.32327742713,24.1,0.053941908713692976
moderate,1.65,perampanel,2,20261201,0,1.0,0.0,23.1,38.91304347826087,7.9336155111164075,0.9886584317423218,-0.46108625000000414,0.17649230769230545,91374.31991933213,23.1,0.0
moderate,1.65,perampanel,2,20261201,6,0.9741421208800244,0.025857879119975637,22.5,39.41294642857143,7.862774024490309,0.9955857321428558,-0.4660517857142894,0.1698730769230746,91016.19139588712,23.1,0.025974025974025983
moderate,1.65,perampanel,2,20261201,8,0.9676668921927091,0.03233310780729098,22.5,39.41294642857143,7.837404907386369,0.9765101998497981,-0.46642821428571807,0.16792692307692106,89295.15243764024,23.1,0.025974025974025983
moderate,1.65,perampanel,2,20261201,10,0.9615904074078002,0.03840959259219974,22.5,39.41294642857143,7.802415691885841,0.954042671144859,-0.4665666071428611,0.16618846153845965,87533.70576545125,23.1,0.025974025974025983
moderate,1.65,perampanel,2,20261201,12,0.9558253497558058,0.044174650244194216,22.2,39.94796380090498,7.768302765555333,0.9066584466789044,-0.46873107142857523,0.16284615384615192,81002.00657560349,23.1,0.038961038961039085
moderate,1.65,perampanel,2,20261201,14,0.9503156200134328,0.049684379986567204,22.1,40.12954545454546,7.7559010866699625,0.8877650549899867,-0.46885839285714676,0.16158076923076703,79336.7617086298,23.1,0.04329004329004327
moderate,1.65,perampanel,2,20261201,16,0.9450221738818855,0.05497782611811456,21.7,40.87268518518518,7.798866805049395,0.8707892473297733,-0.473131964285718,0.1604730769230748,77955.52131832983,23.1,0.06060606060606066
moderate,1.65,perampanel,2,20261201,18,0.9399162876906435,0.06008371230935653,21.6,41.062790697674416,7.7954464411133335,0.8674541207443257,-0.4738017857142895,0.1593153846153823,77577.55642777722,23.1,0.06493506493506496
moderate,1.65,perampanel,2,20261201,22,0.9301837569953113,0.06981624300468868,21.4,41.448356807511736,7.771260990965798,0.836863453688251,-0.473209464285718,0.15633461538461316,75455.54475197376,23.1,0.07359307359307377
moderate,1.65,memantine,2,20261201,0,1.0,0.0,23.1,38.91304347826087,7.9336155111164075,0.9886584317423218,-0.46108625000000414,0.17649230769230545,91374.31991933213,23.1,0.0
moderate,1.65,memantine,2,20261201,50,0.9268452221991218,0.07315477780087822,22.6,39.77777777777778,7.873898497757619,0.9165713327812905,-0.4615567857142897,0.17183846153845944,52371.939246196016,23.1,0.02164502164502169
moderate,1.65,memantine,2,20261201,100,0.870062755069906,0.12993724493009393,22.0,40.8675799086758,7.825513981205398,0.7963089039435428,-0.464213928571433,0.1656807692307673,30494.990981750674,23.1,0.04761904761904767
moderate,1.65,memantine,2,20261201,125,0.8450406189991146,0.15495938100088538,22.0,40.8675799086758,7.849031733577782,0.7964897578731139,-0.4620550000000038,0.16745384615384468,27992.049916704185,23.1,0.04761904761904767
moderate,1.65,memantine,2,20261201,150,0.8217846664011272,0.1782153335988728,21.9,41.055045871559635,7.825160277702444,0.7591603671034914,-0.4642083928571467,0.16445384615384476,22892.944113863705,23.1,0.051948051948052076
moderate,1.65,memantine,2,20261201,175,0.8000596497582824,0.19994035024171763,21.7,41.43518518518518,7.822311886164462,0.7231305854141273,-0.4645128571428611,0.16271538461538324,18972.760355175127,23.1,0.06060606060606066
moderate,1.65,memantine,2,20261201,200,0.7796827121197533,0.22031728788024676,21.6,41.627906976744185,7.787813258739002,0.6825100937219604,-0.46595767857143255,0.16011538461538352,15463.769047147045,23.1,0.06493506493506496
moderate,1.65,memantine,2,20261201,250,0.7424088119900276,0.2575911880099724,21.4,42.021126760563384,7.751583249402168,0.6328335379607675,-0.4664060714285756,0.15651153846153726,10960.128961375724,23.1,0.07359307359307377
moderate,1.65,memantine,2,20261201,350,0.6789546199580587,0.3210453800419412,19.9,45.2020202020202,7.89241399360224,0.5372310547441302,-0.47065750000000417,0.15321153846153787,5630.868059547995,23.1,0.1385281385281386
moderate,1.65,memantine,2,20261201,500,0.6036820500876947,0.39631794991230535,16.3,54.5,8.020510567467186,0.42801412598760546,-0.48533821428571844,0.14002307692307575,1751.1054123452082,23.1,0.2943722943722944
moderate,1.65,diazepam,2,20261201,0,1.0,0.0,23.1,38.91304347826087,7.9336155111164075,0.9886584317423218,-0.46108625000000414,0.17649230769230545,91374.31991933213,23.1,0.0
moderate,1.65,diazepam,2,20261201,2.5,1.4636363636363636,0.4636363636363636,23.0,39.082969432314414,7.97596400510367,1.0053386698097453,-0.7099292386363583,0.17671538461538253,92956.55285400573,23.1,0.0043290043290044045
moderate,1.65,diazepam,2,20261201,5,1.8499999999999999,0.8499999999999999,22.8,39.4273127753304,8.00499409961583,1.0204190419726291,-0.9438888303572005,0.17713076923076723,93590.54954123178,23.1,0.012987012987012991
moderate,1.65,diazepam,2,20261201,7.5,2.1769230769230767,1.1769230769230767,22.6,39.775555555555556,8.079055258368403,1.034121636598797,-1.1605546222526755,0.17881153846153663,96503.69787590596,23.1,0.02164502164502169
moderate,1.65,diazepam,2,20261201,10,2.457142857142857,1.4571428571428569,22.6,39.775555555555556,8.085653175309748,1.0409709968291045,-1.3680932653061193,0.1787576923076906,96943.25304166049,23.1,0.02164502164502169
moderate,1.65,diazepam,2,20261201,12.5,2.6999999999999997,1.6999999999999997,22.5,39.41294642857143,8.128689311967744,1.0506057358978624,-1.5340416428571428,0.17907307692307523,99636.1529487935,23.1,0.025974025974025983
moderate,1.65,diazepam,2,20261201,15,2.9124999999999996,1.9124999999999996,22.4,39.58968609865471,8.151685668712036,1.0606883613985296,-1.6964698794642947,0.1793307692307675,100907.50807101619,23.1,0.030303030303030387
moderate,1.65,diazepam,2,20261201,20,3.2666666666666666,2.2666666666666666,22.1,40.12954545454546,8.248647493283379,1.0774291607142845,-2.004193916666593,0.18124230769230606,104508.09733279442,23.1,0.04329004329004327
moderate,1.65,diazepam,2,20261201,30,3.7818181818181813,2.7818181818181813,21.8,40.684331797235025,8.332442716453821,1.0864184491822417,-2.4765553766232755,0.18261153846153685,104154.5440831921,23.1,0.05627705627705626
moderate,1.65,diazepam,2,20261201,60,4.6,3.5999999999999996,21.2,41.84123222748815,8.525040580782996,1.0988537530874503,-3.5040130357142205,0.18393461538461406,105512.58775340783,23.1,0.08225108225108235
moderate,1.65,perampanel,3,20261202,0,1.0,0.0,25.2,39.20318725099602,8.126602866190822,1.152038078521363,-0.4451433928571456,0.1918384615384597,122539.01630890687,25.2,0.0
moderate,1.65,perampanel,3,20261202,6,0.9741421208800244,0.025857879119975637,23.3,39.10129310344828,7.913251877808486,1.0266408970293726,-0.46250339285714553,0.1752999999999977,103384.77285827654,25.2,0.07539682539682535
moderate,1.65,perampanel,3,20261202,8,0.9676668921927091,0.03233310780729098,23.1,38.91086956521739,7.890907904792007,1.0076169532710282,-0.4642471428571465,0.17398076923076675,101414.40338478234,25.2,0.08333333333333326
moderate,1.65,perampanel,3,20261202,10,0.9615904074078002,0.03840959259219974,22.8,39.42511013215859,7.871573200188534,0.9879006851635515,-0.4678564285714322,0.17201923076922862,96705.91521114348,25.2,0.09523809523809523
moderate,1.65,perampanel,3,20261202,12,0.9558253497558058,0.044174650244194216,22.4,40.13228699551569,7.776385243252459,0.8973339515186939,-0.46899125000000375,0.16302692307692165,86484.84659251886,25.2,0.11111111111111116
moderate,1.65,perampanel,3,20261202,14,0.9503156200134328,0.049684379986567204,22.3,40.31306306306306,7.765370016915403,0.8766314341622184,-0.4688583928571465,0.16132307692307607,84298.50622101173,25.2,0.115079365079365
moderate,1.65,perampanel,3,20261202,16,0.9450221738818855,0.05497782611811456,22.2,40.49547511312217,7.753216565694701,0.8782099373331128,-0.4702755357142894,0.16001538461538375,83372.50865762985,25.2,0.11904761904761907
moderate,1.65,perampanel,3,20261202,18,0.9399162876906435,0.06008371230935653,22.2,40.49547511312217,7.738588994797909,0.8789354479305761,-0.47164285714286086,0.15914230769230683,83127.95435547234,25.2,0.11904761904761907
moderate,1.65,perampanel,3,20261202,22,0.9301837569953113,0.06981624300468868,20.9,42.44230769230769,7.810348006740702,0.8304039953271056,-0.4792267857142888,0.15601923076922936,71169.1841967258,25.2,0.1706349206349207
moderate,1.65,memantine,3,20261202,0,1.0,0.0,25.2,39.20318725099602,8.126602866190822,1.152038078521363,-0.4451433928571456,0.1918384615384597,122539.01630890687,25.2,0.0
moderate,1.65,memantine,3,20261202,50,0.9268452221991218,0.07315477780087822,23.8,41.51898734177215,8.044594505259802,0.9951721959853201,-0.45059607142857455,0.18004615384615186,65782.44564180855,25.2,0.05555555555555547
moderate,1.65,memantine,3,20261202,100,0.870062755069906,0.12993724493009393,23.2,42.5974025974026,7.9416540097297705,0.8383647573554006,-0.454094642857146,0.1722307692307674,37076.86148920055,25.2,0.07936507936507942
moderate,1.65,memantine,3,20261202,125,0.8450406189991146,0.15495938100088538,22.9,43.1578947368421,7.94863280154613,0.8013571359914026,-0.4582132142857174,0.17023846153846017,29594.620586478322,25.2,0.09126984126984128
moderate,1.65,memantine,3,20261202,150,0.8217846664011272,0.1782153335988728,22.9,43.1578947368421,7.9140933121828185,0.7565090710202598,-0.4572167857142888,0.1674923076923069,23695.309053412937,25.2,0.09126984126984128
moderate,1.65,memantine,3,20261202,175,0.8000596497582824,0.19994035024171763,22.9,43.1578947368421,7.936035479831552,0.7477735337242072,-0.45726660714286027,0.16886923076922955,20881.7549754601,25.2,0.09126984126984128
moderate,1.65,memantine,3,20261202,200,0.7796827121197533,0.22031728788024676,22.9,43.1578947368421,7.8856093323222565,0.7034226289853589,-0.4575323214285746,0.1659807692307684,16880.597941475033,25.2,0.09126984126984128
moderate,1.65,memantine,3,20261202,250,0.7424088119900276,0.2575911880099724,22.6,43.733333333333334,7.898183169637393,0.6707250881882213,-0.45932035714286046,0.164496153846153,12255.290516149289,25.2,0.10317460317460314
moderate,1.65,memantine,3,20261202,350,0.6789546199580587,0.3210453800419412,21.4,46.19953051643193,7.768113845041696,0.5393536122064291,-0.4650332142857174,0.1477192307692313,5450.481867921879,25.2,0.1507936507936508
moderate,1.65,memantine,3,20261202,500,0.6036820500876947,0.39631794991230535,17.5,56.554597701149426,8.070289525347635,0.45529747624587946,-0.4760271428571459,0.14208461538461528,1755.384246610437,25.2,0.3055555555555556
moderate,1.65,diazepam,3,20261202,0,1.0,0.0,25.2,39.20318725099602,8.126602866190822,1.152038078521363,-0.4451433928571456,0.1918384615384597,122539.01630890687,25.2,0.0
moderate,1.65,diazepam,3,20261202,2.5,1.4636363636363636,0.4636363636363636,25.0,39.51807228915663,8.160987309782305,1.1649930140186928,-0.678176431818178,0.19211923076922907,123463.91276735728,25.2,0.007936507936507908
moderate,1.65,diazepam,3,20261202,5,1.8499999999999999,0.8499999999999999,24.6,40.16326530612245,8.204180448259496,1.167709206108145,-0.8866002767857691,0.1920999999999985,122575.53028177161,25.2,0.023809523809523725
moderate,1.65,diazepam,3,20261202,7.5,2.1769230769230767,1.1769230769230767,24.5,40.32786885245902,8.242006417255856,1.163770276201603,-1.0913828914834525,0.19241923076922943,122170.96071106617,25.2,0.02777777777777779
moderate,1.65,diazepam,3,20261202,10,2.457142857142857,1.4571428571428569,24.3,40.66115702479339,8.284706167847016,1.1828491161548744,-1.281325846938773,0.1934961538461525,123318.49829341033,25.2,0.0357142857142857
moderate,1.65,diazepam,3,20261202,12.5,2.6999999999999997,1.6999999999999997,24.2,40.829875518672196,8.341531088873678,1.1867056834946608,-1.4615664107142856,0.1951230769230757,123976.04086051456,25.2,0.03968253968253965
moderate,1.65,diazepam,3,20261202,15,2.9124999999999996,1.9124999999999996,24.1,41.0,8.3756485803958,1.2049101681408565,-1.6064080982142979,0.19558846153846032,126455.3151383302,25.2,0.04365079365079361
moderate,1.65,diazepam,3,20261202,20,3.2666666666666666,2.2666666666666666,23.8,41.51898734177215,8.446184069402477,1.208808693424568,-1.913759166666613,0.19607307692307555,126511.0683705554,25.2,0.05555555555555547
moderate,1.65,diazepam,3,20261202,30,3.7818181818181813,2.7818181818181813,23.5,42.05128205128205,8.574355103262542,1.2528405951268378,-2.367211532467455,0.19878461538461395,132265.1459677057,25.2,0.06746031746031744
moderate,1.65,diazepam,3,20261202,60,4.6,3.5999999999999996,23.1,42.78260869565217,8.757815278882106,1.2547865409712968,-3.369892642857101,0.19988846153846035,134482.7237292544,25.2,0.08333333333333326
moderate,1.65,perampanel,4,20261203,0,1.0,0.0,25.3,39.04761904761905,8.030271846735232,1.1327502163718255,-0.44386464285714683,0.18725769230769013,115690.11308274453,25.3,0.0
moderate,1.65,perampanel,4,20261203,6,0.9741421208800244,0.025857879119975637,24.7,40.0,7.8903844425868055,1.0343305126001305,-0.4515869642857183,0.17704999999999788,102703.13278919928,25.3,0.02371541501976293
moderate,1.65,perampanel,4,20261203,8,0.9676668921927091,0.03233310780729098,24.7,40.0,7.82008006377568,0.9880922553404522,-0.45230660714286086,0.17165384615384424,96667.4854176815,25.3,0.02371541501976293
moderate,1.65,perampanel,4,20261203,10,0.9615904074078002,0.03840959259219974,22.2,39.94570135746606,7.693701359314929,0.8410908992823777,-0.46879196428571884,0.15502307692307493,74645.99688601872,25.3,0.12252964426877477
moderate,1.65,perampanel,4,20261203,12,0.9558253497558058,0.044174650244194216,20.6,43.06341463414634,7.844414839384047,0.8080815102636859,-0.4727389285714332,0.15309615384615177,69854.59287524756,25.3,0.18577075098814222
moderate,1.65,perampanel,4,20261203,14,0.9503156200134328,0.049684379986567204,20.2,43.92039800995025,7.872242047709195,0.7982090034212294,-0.4781583928571472,0.15253846153845976,68852.3990185867,25.3,0.20158102766798425
moderate,1.65,perampanel,4,20261203,16,0.9450221738818855,0.05497782611811456,20.1,44.1425,7.857907857916283,0.7875811622162894,-0.47874517857143317,0.15122307692307524,67859.03973826386,25.3,0.2055335968379446
moderate,1.65,perampanel,4,20261203,18,0.9399162876906435,0.06008371230935653,20.0,44.3643216080402,7.8538504181863305,0.7836709413384522,-0.4795700000000047,0.15026923076922907,68124.1585677277,25.3,0.20948616600790515
moderate,1.65,perampanel,4,20261203,22,0.9301837569953113,0.06981624300468868,19.9,44.58838383838384,7.87767838565856,0.8184733928571439,-0.4818894642857189,0.15188076923076757,70848.50040275507,25.3,0.2134387351778657
moderate,1.65,memantine,4,20261203,0,1.0,0.0,25.3,39.04761904761905,8.030271846735232,1.1327502163718255,-0.44386464285714683,0.18725769230769013,115690.11308274453,25.3,0.0
moderate,1.65,memantine,4,20261203,50,0.9268452221991218,0.07315477780087822,24.7,40.0,7.963653048832942,1.0164641348591332,-0.4524117857142898,0.1824730769230745,64834.35723284878,25.3,0.02371541501976293
moderate,1.65,memantine,4,20261203,100,0.870062755069906,0.12993724493009393,24.1,41.0,7.9326494800347325,0.923899071017375,-0.4528103571428606,0.1776961538461515,40503.66589672242,25.3,0.04743083003952564
moderate,1.65,memantine,4,20261203,125,0.8450406189991146,0.15495938100088538,23.7,41.69491525423729,7.9072098503224595,0.8875615014835774,-0.4538233928571466,0.17448846153845982,32277.93986928308,25.3,0.06324110671936767
moderate,1.65,memantine,4,20261203,150,0.8217846664011272,0.1782153335988728,23.6,41.87234042553192,7.848736408916825,0.8270858891550615,-0.45565571428571805,0.16953461538461426,25825.258465041297,25.3,0.06719367588932801
moderate,1.65,memantine,4,20261203,175,0.8000596497582824,0.19994035024171763,23.4,42.23390557939914,7.808557423910705,0.7542169707340249,-0.4566023214285751,0.16387307692307598,20157.213717420673,25.3,0.07509881422924913
moderate,1.65,memantine,4,20261203,200,0.7796827121197533,0.22031728788024676,23.3,42.41594827586207,7.780429917876677,0.7168957621208848,-0.457654107142861,0.16178461538461458,16338.823566444009,25.3,0.07905138339920947
moderate,1.65,memantine,4,20261203,250,0.7424088119900276,0.2575911880099724,22.8,43.35022026431718,7.815902207774015,0.6806452339061336,-0.45859517857143256,0.1600807692307686,11742.941499672239,25.3,0.09881422924901184
moderate,1.65,memantine,4,20261203,350,0.6789546199580587,0.3210453800419412,21.3,46.41745283018868,7.858403994213443,0.585536207321832,-0.4663562500000038,0.15222307692307685,5782.381403254804,25.3,0.15810276679841895
moderate,1.65,memantine,4,20261203,500,0.6036820500876947,0.39631794991230535,17.7,55.91477272727273,8.115120164357391,0.4788409660313555,-0.47554553571428954,0.14605384615384576,1961.5430841073558,25.3,0.3003952569169961
moderate,1.65,diazepam,4,20261203,0,1.0,0.0,25.3,39.04761904761905,8.030271846735232,1.1327502163718255,-0.44386464285714683,0.18725769230769013,115690.11308274453,25.3,0.0
moderate,1.65,diazepam,4,20261203,2.5,1.4636363636363636,0.4636363636363636,25.2,39.20318725099602,8.089235034576493,1.1331768131675533,-0.6857034431818129,0.18793461538461315,116623.77579713742,25.3,0.0039525691699605625
moderate,1.65,diazepam,4,20261203,5,1.8499999999999999,0.8499999999999999,25.0,39.51807228915663,8.117615629953336,1.136826569509343,-0.9085776160714828,0.18831153846153637,116600.40785130559,25.3,0.011857707509881465
moderate,1.65,diazepam,4,20261203,7.5,2.1769230769230767,1.1769230769230767,24.9,39.67741935483871,8.13040699615535,1.143627594042053,-1.1077117582416949,0.18805384615384402,116673.66215692976,25.3,0.015810276679842028
moderate,1.65,diazepam,4,20261203,10,2.457142857142857,1.4571428571428569,24.7,40.0,8.190173048273266,1.144091324349129,-1.287052306122448,0.18918461538461334,117473.51606308518,25.3,0.02371541501976293
moderate,1.65,diazepam,4,20261203,12.5,2.6999999999999997,1.6999999999999997,24.7,40.0,8.200675520519392,1.1479259259011985,-1.448308928571429,0.18887692307692122,118212.16528024022,25.3,0.02371541501976293
moderate,1.65,diazepam,4,20261203,15,2.9124999999999996,1.9124999999999996,24.5,40.32786885245902,8.24808686788674,1.1482752038551371,-1.593445392857154,0.18947692307692116,118298.43867888038,25.3,0.031620553359683834
moderate,1.65,diazepam,4,20261203,20,3.2666666666666666,2.2666666666666666,24.5,40.32786885245902,8.304824344438163,1.1660566186582086,-1.8938674999999376,0.1906461538461519,121192.99419679368,25.3,0.031620553359683834
moderate,1.65,diazepam,4,20261203,30,3.7818181818181813,2.7818181818181813,24.5,40.32786885245902,8.416844461695993,1.2162344454272345,-2.346046181818091,0.1949807692307677,130764.27807957766,25.3,0.031620553359683834
moderate,1.65,diazepam,4,20261203,60,4.6,3.5999999999999996,23.9,41.34453781512605,8.66088966613206,1.238445310664217,-3.3175635357142426,0.19700769230769147,133633.26731505562,25.3,0.055335968379446765
moderate,1.65,perampanel,5,20261204,0,1.0,0.0,25.5,38.74212598425197,8.01219381572096,1.106692176819092,-0.45322000000000334,0.18831538461538205,119865.00390901101,25.5,0.0
moderate,1.65,perampanel,5,20261204,6,0.9741421208800244,0.025857879119975637,20.9,42.44230769230769,7.838957751430021,0.8551651031375183,-0.4755842857142891,0.15604230769230523,73822.7360917922,25.5,0.18039215686274512
moderate,1.65,perampanel,5,20261204,8,0.9676668921927091,0.03233310780729098,20.9,42.44230769230769,7.800609860897904,0.8196435370494004,-0.4757558928571463,0.15406538461538236,70111.89704749924,25.5,0.18039215686274512
moderate,1.65,perampanel,5,20261204,10,0.9615904074078002,0.03840959259219974,20.9,42.44230769230769,7.762292901841673,0.7938275780206954,-0.4748092857142892,0.15235384615384392,68186.40171184475,25.5,0.18039215686274512
moderate,1.65,perampanel,5,20261204,12,0.9558253497558058,0.044174650244194216,21.0,42.239234449760765,7.794177417466494,0.8178562127002679,-0.4738460714285751,0.15520384615384392,70351.39936899813,25.5,0.17647058823529416
moderate,1.65,perampanel,5,20261204,14,0.9503156200134328,0.049684379986567204,20.8,42.64734299516908,7.764135538867407,0.8062363658210957,-0.47559535714286094,0.15293846153845947,68391.20684819981,25.5,0.1843137254901961
moderate,1.65,perampanel,5,20261204,16,0.9450221738818855,0.05497782611811456,20.6,43.06341463414634,7.777799988438177,0.8082295691755682,-0.47623750000000364,0.15254615384615178,68901.78568048614,25.5,0.19215686274509802
moderate,1.65,perampanel,5,20261204,18,0.9399162876906435,0.06008371230935653,20.5,43.27450980392157,7.767393806889676,0.7933018245160218,-0.4762928571428608,0.15159999999999785,67904.44775018108,25.5,0.196078431372549
moderate,1.65,perampanel,5,20261204,22,0.9301837569953113,0.06981624300468868,20.0,44.36180904522613,7.70032387968589,0.7480313776702278,-0.4774166071428608,0.14429999999999824,65363.37374643159,25.5,0.21568627450980393
moderate,1.65,memantine,5,20261204,0,1.0,0.0,25.5,38.74212598425197,8.01219381572096,1.106692176819092,-0.45322000000000334,0.18831538461538205,119865.00390901101,25.5,0.0
moderate,1.65,memantine,5,20261204,50,0.9268452221991218,0.07315477780087822,24.5,40.329918032786885,7.941741557578173,0.9954432977487755,-0.46072089285714657,0.17941538461538256,65573.07458117345,25.5,0.039215686274509776
moderate,1.65,memantine,5,20261204,100,0.870062755069906,0.12993724493009393,23.6,41.874468085106386,7.907824939473113,0.8992017303658566,-0.45955285714286065,0.17420769230768993,39805.301230903075,25.5,0.07450980392156858
moderate,1.65,memantine,5,20261204,125,0.8450406189991146,0.15495938100088538,23.6,41.874468085106386,7.826773041417104,0.8208598191294277,-0.4609921428571465,0.16722307692307542,31477.843230100072,25.5,0.07450980392156858
moderate,1.65,memantine,5,20261204,150,0.8217846664011272,0.1782153335988728,23.4,42.23390557939914,7.820439912586291,0.7792762835815203,-0.4619387500000038,0.16563076923076794,25401.22237756094,25.5,0.08235294117647063
moderate,1.65,memantine,5,20261204,175,0.8000596497582824,0.19994035024171763,23.3,42.41594827586207,7.808934392884834,0.7474851865918356,-0.4620439285714323,0.16476538461538343,20971.139352738963,25.5,0.0862745098039216
moderate,1.65,memantine,5,20261204,200,0.7796827121197533,0.22031728788024676,23.3,42.41594827586207,7.759646319441844,0.7047828910695279,-0.46219892857143197,0.16194999999999912,16829.89053338386,25.5,0.0862745098039216
moderate,1.65,memantine,5,20261204,250,0.7424088119900276,0.2575911880099724,23.2,42.599567099567096,7.705440316477767,0.6524597820452861,-0.45925946428571734,0.1584192307692296,11720.84219971555,25.5,0.09019607843137256
moderate,1.65,memantine,5,20261204,350,0.6789546199580587,0.3210453800419412,21.3,46.41981132075472,7.831456850532972,0.5587712702746198,-0.4708069642857183,0.15262692307692297,5349.365038051197,25.5,0.16470588235294115
moderate,1.65,memantine,5,20261204,500,0.6036820500876947,0.39631794991230535,17.5,56.55747126436781,8.127990209920135,0.482661050529119,-0.48200571428571864,0.14705769230769153,2105.979577968101,25.5,0.3137254901960784
moderate,1.65,diazepam,5,20261204,0,1.0,0.0,25.5,38.74212598425197,8.01219381572096,1.106692176819092,-0.45322000000000334,0.18831538461538205,119865.00390901101,25.5,0.0
moderate,1.65,diazepam,5,20261204,2.5,1.4636363636363636,0.4636363636363636,25.2,39.20517928286853,8.067530946201352,1.1432638793391183,-0.7037309999999931,0.18892692307692066,122725.9510374346,25.5,0.01176470588235301
moderate,1.65,diazepam,5,20261204,5,1.8499999999999999,0.8499999999999999,25.2,39.20517928286853,8.089301780844067,1.139834402202937,-0.9220753482143415,0.1890923076923051,122609.30389985438,25.5,0.01176470588235301
moderate,1.65,diazepam,5,20261204,7.5,2.1769230769230767,1.1769230769230767,24.8,39.840080971659916,8.149839399223145,1.1489746917556736,-1.1263784848900424,0.19006538461538214,122845.75908415146,25.5,0.027450980392156876
moderate,1.65,diazepam,5,20261204,10,2.457142857142857,1.4571428571428569,24.7,40.0020325203252,8.186421441870246,1.1480735827770354,-1.3173984591836718,0.1907307692307669,123128.46149041645,25.5,0.03137254901960784
moderate,1.65,diazepam,5,20261204,12.5,2.6999999999999997,1.6999999999999997,24.7,40.0020325203252,8.1958173576254,1.1446529321595458,-1.4904877500000049,0.1906538461538439,122822.53327967667,25.5,0.03137254901960784
moderate,1.65,diazepam,5,20261204,15,2.9124999999999996,1.9124999999999996,24.7,40.0020325203252,8.202885770080737,1.1383728366989314,-1.6427326941964346,0.19050769230769007,122629.80954579868,25.5,0.03137254901960784
moderate,1.65,diazepam,5,20261204,20,3.2666666666666666,2.2666666666666666,24.6,40.16530612244898,8.284242736793685,1.1572004223965282,-1.9503055833332823,0.1922192307692287,125324.13119338894,25.5,0.03529411764705881
moderate,1.65,diazepam,5,20261204,30,3.7818181818181813,2.7818181818181813,24.3,40.663223140495866,8.434449157801426,1.2383787371495336,-2.4329476363635427,0.19520384615384437,136808.94417712983,25.5,0.04705882352941171
moderate,1.65,diazepam,5,20261204,60,4.6,3.5999999999999996,23.7,41.69703389830509,8.656959986838324,1.2402535591622175,-3.3808422857142353,0.1976884615384602,136983.76340934786,25.5,0.07058823529411773
moderate,1.65,perampanel,6,20261205,0,1.0,0.0,25.6,38.588235294117645,8.037617698820707,1.186068767022696,-0.4517364285714315,0.1908384615384595,124947.23369747536,25.6,0.0
moderate,1.65,perampanel,6,20261205,6,0.9741421208800244,0.025857879119975637,25.0,39.51606425702811,7.896162937190206,1.0310952371495317,-0.45281589285714624,0.17782692307692122,105079.1057629713,25.6,0.0234375
moderate,1.65,perampanel,6,20261205,8,0.9676668921927091,0.03233310780729098,24.7,40.0,7.870872625087964,1.0110310433911878,-0.45294321428571777,0.17576153846153655,100774.39394764634,25.6,0.03515625000000011
moderate,1.65,perampanel,6,20261205,10,0.9615904074078002,0.03840959259219974,24.7,40.0,7.842980685381803,0.9971453396194921,-0.4534192857142895,0.1741999999999983,99550.65848739768,25.6,0.03515625000000011
moderate,1.65,perampanel,6,20261205,12,0.9558253497558058,0.044174650244194216,24.7,40.0,7.820652721260293,0.9880483237650196,-0.4538510714285751,0.1727423076923057,98332.34590371796,25.6,0.03515625000000011
moderate,1.65,perampanel,6,20261205,14,0.9503156200134328,0.049684379986567204,24.7,40.0,7.799260096070572,0.9801126438584772,-0.4540337500000037,0.17132692307692102,97457.16215632988,25.6,0.03515625000000011
moderate,1.65,perampanel,6,20261205,16,0.9450221738818855,0.05497782611811456,21.0,42.23684210526316,7.859336035962564,0.8618302212116163,-0.47530196428571764,0.1615153846153825,76371.00461646022,25.6,0.1796875
moderate,1.65,perampanel,6,20261205,18,0.9399162876906435,0.06008371230935653,21.0,42.23684210526316,7.829899780565484,0.8567644756341795,-0.4754458928571463,0.15991538461538257,75516.41521417769,25.6,0.1796875
moderate,1.65,perampanel,6,20261205,22,0.9301837569953113,0.06981624300468868,20.7,42.851941747572816,7.829066392681583,0.8519444289052078,-0.4817842857142892,0.15843461538461373,75873.32696567617,25.6,0.1914062500000001
moderate,1.65,memantine,6,20261205,0,1.0,0.0,25.6,38.588235294117645,8.037617698820707,1.186068767022696,-0.4517364285714315,0.1908384615384595,124947.23369747536,25.6,0.0
moderate,1.65,memantine,6,20261205,50,0.9268452221991218,0.07315477780087822,24.8,39.840080971659916,8.043255640808312,1.0456656362098635,-0.4585841071428603,0.18672307692307488,69694.56105273005,25.6,0.03125
moderate,1.65,memantine,6,20261205,100,0.870062755069906,0.12993724493009393,24.0,41.17364016736402,7.93633443044611,0.9348198955059245,-0.45620928571428887,0.1781538461538441,41942.08379119986,25.6,0.0625
moderate,1.65,memantine,6,20261205,125,0.8450406189991146,0.15495938100088538,23.9,41.346638655462186,7.908774773522561,0.8772829347428087,-0.45480875000000326,0.1753538461538445,33427.52595165205,25.6,0.06640625000000011
moderate,1.65,memantine,6,20261205,150,0.8217846664011272,0.1782153335988728,23.8,41.5210970464135,7.862335440628961,0.8328202972084764,-0.45503017857143185,0.17254999999999865,27110.835666085284,25.6,0.0703125
moderate,1.65,memantine,6,20261205,175,0.8000596497582824,0.19994035024171763,23.5,42.0534188034188,7.855333758002243,0.7683222948762417,-0.4569344642857176,0.16960769230769118,21151.03903510579,25.6,0.08203125
moderate,1.65,memantine,6,20261205,200,0.7796827121197533,0.22031728788024676,23.1,42.78478260869565,7.767028037742559,0.7006069695381756,-0.4602337500000035,0.15995769230769133,16216.434843814057,25.6,0.09765625
moderate,1.65,memantine,6,20261205,250,0.7424088119900276,0.2575911880099724,22.6,43.73555555555556,7.783213779012585,0.6466558793638503,-0.4656532142857177,0.1575038461538455,11080.63226278411,25.6,0.1171875
moderate,1.65,memantine,6,20261205,350,0.6789546199580587,0.3210453800419412,21.6,45.769767441860466,7.814896283558998,0.5789830557391389,-0.4688971428571462,0.1533769230769226,5857.42122293994,25.6,0.15625
moderate,1.65,memantine,6,20261205,500,0.6036820500876947,0.39631794991230535,18.1,54.672222222222224,8.08736314308095,0.5142973043112313,-0.4772837500000034,0.14759615384615354,2373.6683037871585,25.6,0.29296875
moderate,1.65,diazepam,6,20261205,0,1.0,0.0,25.6,38.588235294117645,8.037617698820707,1.186068767022696,-0.4517364285714315,0.1908384615384595,124947.23369747536,25.6,0.0
moderate,1.65,diazepam,6,20261205,2.5,1.4636363636363636,0.4636363636363636,25.2,39.20318725099602,8.11977051719949,1.187265171478637,-0.6936031590909019,0.19201923076922886,125539.71671751862,25.6,0.01562500000000011
moderate,1.65,diazepam,6,20261205,5,1.8499999999999999,0.8499999999999999,25.1,39.36,8.132522586467381,1.1909669001168213,-0.9102878750000531,0.19210384615384415,125334.09476528325,25.6,0.01953125
moderate,1.65,diazepam,6,20261205,7.5,2.1769230769230767,1.1769230769230767,25.1,39.36,8.150145493889791,1.1829863749165543,-1.1112064972526812,0.19204615384615192,124809.5067984418,25.6,0.01953125
moderate,1.65,diazepam,6,20261205,10,2.457142857142857,1.4571428571428569,25.1,39.36,8.168423892053726,1.1807370380507336,-1.2881948775510197,0.1921807692307673,124405.32342698486,25.6,0.01953125
moderate,1.65,diazepam,6,20261205,12.5,2.6999999999999997,1.6999999999999997,25.0,39.51807228915663,8.200637347851071,1.1876863042389847,-1.4742858214285721,0.1922769230769212,126319.2963226811,25.6,0.0234375
moderate,1.65,diazepam,6,20261205,15,2.9124999999999996,1.9124999999999996,25.0,39.51807228915663,8.238942611431252,1.1953616292556726,-1.6377185133928704,0.19342307692307528,127057.98161886165,25.6,0.0234375
moderate,1.65,diazepam,6,20261205,20,3.2666666666666666,2.2666666666666666,24.8,39.83805668016194,8.30142885388996,1.21070646804072,-1.917285416666621,0.19461153846153698,128782.85930303237,25.6,0.03125
moderate,1.65,diazepam,6,20261205,30,3.7818181818181813,2.7818181818181813,24.3,40.66115702479339,8.467775299998898,1.2482076779038709,-2.4559762077921214,0.19769230769230609,134376.91775642778,25.6,0.05078125
moderate,1.65,diazepam,6,20261205,60,4.6,3.5999999999999996,23.9,41.34453781512605,8.648726059667386,1.2675607978137506,-3.3520167142856723,0.1997423076923065,136384.76465169722,25.6,0.06640625000000011
moderate,1.65,perampanel,7,20261206,0,1.0,0.0,25.6,38.588235294117645,8.071915994158893,1.205282800734312,-0.4544821428571472,0.19182692307692095,131319.32682249104,25.6,0.0
moderate,1.65,perampanel,7,20261206,6,0.9741421208800244,0.025857879119975637,22.8,38.892070484581495,7.821881175206749,0.9895884507676909,-0.4675519642857186,0.16989615384615211,92727.38918529463,25.6,0.109375
moderate,1.65,perampanel,7,20261206,8,0.9676668921927091,0.03233310780729098,22.5,39.408482142857146,7.747281233546203,0.9171739005340456,-0.4708900000000043,0.16173076923076743,83695.38435097365,25.6,0.12109375
moderate,1.65,perampanel,7,20261206,10,0.9615904074078002,0.03840959259219974,22.5,39.408482142857146,7.710563681700834,0.8846973737483309,-0.4709453571428615,0.15983076923076706,81387.52874126376,25.6,0.12109375
moderate,1.65,perampanel,7,20261206,12,0.9558253497558058,0.044174650244194216,19.2,40.473821989528794,7.802121422487034,0.7763773130006679,-0.4865394642857184,0.153049999999998,64035.48505043821,25.6,0.2500000000000001
moderate,1.65,perampanel,7,20261206,14,0.9503156200134328,0.049684379986567204,18.8,41.339572192513366,7.825863307408871,0.7657513175066761,-0.4870930357142898,0.15244999999999842,62221.73792747535,25.6,0.265625
moderate,1.65,perampanel,7,20261206,16,0.9450221738818855,0.05497782611811456,18.3,42.47802197802198,7.817247208786362,0.721218844375835,-0.48955642857143283,0.1484884615384599,58332.63680599674,25.6,0.28515625
moderate,1.65,perampanel,7,20261206,18,0.9399162876906435,0.06008371230935653,18.2,42.71270718232044,7.804425743429898,0.7144701393524705,-0.4900435714285757,0.14738076923076734,57974.100242650224,25.6,0.2890625000000001
moderate,1.65,perampanel,7,20261206,22,0.9301837569953113,0.06981624300468868,18.0,43.18994413407821,7.880881836260097,0.7735361425233652,-0.49120053571429023,0.1516192307692291,64062.64558278917,25.6,0.296875
moderate,1.65,memantine,7,20261206,0,1.0,0.0,25.6,38.588235294117645,8.071915994158893,1.205282800734312,-0.4544821428571472,0.19182692307692095,131319.32682249104,25.6,0.0
moderate,1.65,memantine,7,20261206,50,0.9268452221991218,0.07315477780087822,24.7,40.0,8.046677642042061,1.106356489829735,-0.4578201785714329,0.18755384615384418,74675.12662506009,25.6,0.03515625000000011
moderate,1.65,memantine,7,20261206,100,0.870062755069906,0.12993724493009393,23.7,41.69491525423729,7.98440904741227,0.9313960228678038,-0.45907125000000426,0.17833076923076696,41840.44858060998,25.6,0.07421875000000011
moderate,1.65,memantine,7,20261206,125,0.8450406189991146,0.15495938100088538,23.5,42.05128205128205,7.939307190809843,0.8530927950024466,-0.46056035714286153,0.17369615384615225,33006.49843866223,25.6,0.08203125
moderate,1.65,memantine,7,20261206,150,0.8217846664011272,0.1782153335988728,23.5,42.05128205128205,7.900554703216908,0.803445433559988,-0.461307678571433,0.17157692307692146,26772.08835092362,25.6,0.08203125
moderate,1.65,memantine,7,20261206,175,0.8000596497582824,0.19994035024171763,23.4,42.23175965665236,7.89791918812201,0.7682615024932982,-0.4614958928571471,0.17035769230769066,22147.399348184805,25.6,0.08593750000000011
moderate,1.65,memantine,7,20261206,200,0.7796827121197533,0.22031728788024676,23.3,42.41594827586207,7.871137842376089,0.7325833943493946,-0.46015625000000365,0.16817692307692145,18017.843820044513,25.6,0.08984375
moderate,1.65,memantine,7,20261206,250,0.7424088119900276,0.2575911880099724,22.8,43.35022026431718,7.868909609106497,0.6757069361627804,-0.4608925000000039,0.16476923076922967,12431.361497945696,25.6,0.109375
moderate,1.65,memantine,7,20261206,350,0.6789546199580587,0.3210453800419412,22.1,44.72954545454545,7.736600514404503,0.5554065022213349,-0.46604071428571825,0.151753846153846,5998.938911399402,25.6,0.13671875
moderate,1.65,memantine,7,20261206,500,0.6036820500876947,0.39631794991230535,18.1,54.669444444444444,8.137248829306596,0.49903406577544845,-0.4765198214285754,0.148876923076923,2245.500540636125,25.6,0.29296875
moderate,1.65,diazepam,7,20261206,0,1.0,0.0,25.6,38.588235294117645,8.071915994158893,1.205282800734312,-0.4544821428571472,0.19182692307692095,131319.32682249104,25.6,0.0
moderate,1.65,diazepam,7,20261206,2.5,1.4636363636363636,0.4636363636363636,25.2,39.20318725099602,8.126756056704718,1.2271613466288378,-0.6931332272727195,0.19279999999999797,132381.38938524065,25.6,0.01562500000000011
moderate,1.65,diazepam,7,20261206,5,1.8499999999999999,0.8499999999999999,25.0,39.51807228915663,8.170941931319609,1.2111496579606142,-0.915080696428627,0.19333076923076706,130728.24729254999,25.6,0.0234375
moderate,1.65,diazepam,7,20261206,7.5,2.1769230769230767,1.1769230769230767,24.8,39.83805668016194,8.202357753786973,1.2210886469459274,-1.1046267472526818,0.1936230769230747,131595.53850731478,25.6,0.03125
moderate,1.65,diazepam,7,20261206,10,2.457142857142857,1.4571428571428569,24.8,39.83805668016194,8.21907584495262,1.2115236611315088,-1.3006407448979536,0.19402307692307474,131013.86369929991,25.6,0.03125
moderate,1.65,diazepam,7,20261206,12.5,2.6999999999999997,1.6999999999999997,24.6,40.16326530612245,8.252938007575986,1.2128767317256341,-1.4739570000000028,0.19469999999999799,130164.6111120895,25.6,0.0390625
moderate,1.65,diazepam,7,20261206,15,2.9124999999999996,1.9124999999999996,24.6,40.16326530612245,8.281838940822347,1.2186853302736982,-1.6254813325893007,0.1957499999999979,131246.02726130772,25.6,0.0390625
moderate,1.65,diazepam,7,20261206,20,3.2666666666666666,2.2666666666666666,24.7,40.0,8.307618539720591,1.2282527283044062,-1.889274333333286,0.19550769230769027,132986.47640286313,25.6,0.03515625000000011
moderate,1.65,diazepam,7,20261206,30,3.7818181818181813,2.7818181818181813,24.2,40.829875518672196,8.457398565337256,1.2560255246995988,-2.3743503896102984,0.19746923076922884,136600.22567425238,25.6,0.05468750000000011
moderate,1.65,diazepam,7,20261206,60,4.6,3.5999999999999996,23.6,41.87234042553192,8.712968054046957,1.3022073689919889,-3.341067071428521,0.20088846153846004,144449.42541840413,25.6,0.078125
moderate,1.65,perampanel,8,20261207,0,1.0,0.0,24.3,40.66115702479339,8.057089881749722,1.131491880090118,-0.4533141071428606,0.1840384615384592,114943.69453734394,24.3,0.0
moderate,1.65,perampanel,8,20261207,6,0.9741421208800244,0.025857879119975637,21.8,40.684331797235025,7.801488565176904,0.9312870836114818,-0.4694341071428614,0.16235384615384407,82730.76062763008,24.3,0.10288065843621397
moderate,1.65,perampanel,8,20261207,8,0.9676668921927091,0.03233310780729098,21.4,41.448356807511736,7.820566819221119,0.8998882510013356,-0.4707350000000043,0.1610846153846135,79906.41008772634,24.3,0.11934156378600835
moderate,1.65,perampanel,8,20261207,10,0.9615904074078002,0.03840959259219974,21.4,41.448356807511736,7.790902769717,0.8885505237817096,-0.4720469642857184,0.1594153846153826,79008.87070060782,24.3,0.11934156378600835
moderate,1.65,perampanel,8,20261207,12,0.9558253497558058,0.044174650244194216,21.2,41.84123222748815,7.713905382378974,0.8343777013518027,-0.47457678571428996,0.15222692307692096,72398.3213419827,24.3,0.12757201646090544
moderate,1.65,perampanel,8,20261207,14,0.9503156200134328,0.049684379986567204,21.0,42.24162679425837,7.719620483764426,0.8015908210113492,-0.47840196428571874,0.15022692307692118,69244.85728404217,24.3,0.13580246913580252
moderate,1.65,perampanel,8,20261207,16,0.9450221738818855,0.05497782611811456,21.0,42.24162679425837,7.795805290622131,0.8543376946762359,-0.48006821428571866,0.15691153846153624,74623.88551795162,24.3,0.13580246913580252
moderate,1.65,perampanel,8,20261207,18,0.9399162876906435,0.06008371230935653,20.0,44.3643216080402,7.927894496540331,0.8448252476635525,-0.48210535714286123,0.15816923076922831,73977.50175667781,24.3,0.17695473251028804
moderate,1.65,perampanel,8,20261207,22,0.9301837569953113,0.06981624300468868,19.4,45.74352331606217,7.855829629070158,0.7619181779038726,-0.48401517857143306,0.14873076923076747,64459.93547562351,24.3,0.2016460905349795
moderate,1.65,memantine,8,20261207,0,1.0,0.0,24.3,40.66115702479339,8.057089881749722,1.131491880090118,-0.4533141071428606,0.1840384615384592,114943.69453734394,24.3,0.0
moderate,1.65,memantine,8,20261207,50,0.9268452221991218,0.07315477780087822,23.9,41.34453781512605,7.970049490853891,0.9985197251949111,-0.4511994642857178,0.17791923076922814,64037.18184888077,24.3,0.016460905349794275
moderate,1.65,memantine,8,20261207,100,0.870062755069906,0.12993724493009393,23.3,42.41379310344828,7.954981655894117,0.9128322541513567,-0.45452642857143144,0.17400384615384415,40677.37651082658,24.3,0.04115226337448563
moderate,1.65,memantine,8,20261207,125,0.8450406189991146,0.15495938100088538,23.1,42.78260869565217,7.94031726717633,0.8817351236174352,-0.45356321428571716,0.1725884615384596,33370.91186017801,24.3,0.04938271604938271
moderate,1.65,memantine,8,20261207,150,0.8217846664011272,0.1782153335988728,22.9,43.1578947368421,7.935012818315309,0.8268124037576484,-0.45507446428571713,0.17095769230769065,26703.610648404057,24.3,0.057613168724279906
moderate,1.65,memantine,8,20261207,175,0.8000596497582824,0.19994035024171763,22.9,43.1578947368421,7.902695090577453,0.7917940614076684,-0.45534017857143144,0.16865769230769057,22097.821756652196,24.3,0.057613168724279906
moderate,1.65,memantine,8,20261207,200,0.7796827121197533,0.22031728788024676,22.8,43.348017621145374,7.928837846934514,0.7820432384198922,-0.45661339285714564,0.1694153846153829,19323.860569420398,24.3,0.06172839506172845
moderate,1.65,memantine,8,20261207,250,0.7424088119900276,0.2575911880099724,22.8,43.348017621145374,7.833055079296647,0.6934089655147221,-0.4578810714285744,0.16338076923076825,13142.975972821889,24.3,0.06172839506172845
moderate,1.65,memantine,8,20261207,350,0.6789546199580587,0.3210453800419412,21.6,45.769767441860466,7.616288224285901,0.4885706392181899,-0.46454607142857496,0.14186153846153804,5257.155642917514,24.3,0.11111111111111105
moderate,1.65,memantine,8,20261207,500,0.6036820500876947,0.39631794991230535,17.2,57.54970760233918,8.121554885485105,0.438732406537152,-0.47930982142857537,0.14383846153846133,1859.578922901113,24.3,0.29218106995884774
moderate,1.65,diazepam,8,20261207,0,1.0,0.0,24.3,40.66115702479339,8.057089881749722,1.131491880090118,-0.4533141071428606,0.1840384615384592,114943.69453734394,24.3,0.0
moderate,1.65,diazepam,8,20261207,2.5,1.4636363636363636,0.4636363636363636,24.3,40.66115702479339,8.077867887298526,1.1313631737316403,-0.695093977272726,0.1837730769230746,115687.66767043617,24.3,0.0
moderate,1.65,diazepam,8,20261207,5,1.8499999999999999,0.8499999999999999,24.2,40.829875518672196,8.083680560066279,1.1407198500500646,-0.9201602678571973,0.18364999999999765,115835.29100605147,24.3,0.004115226337448652
moderate,1.65,diazepam,8,20261207,7.5,2.1769230769230767,1.1769230769230767,23.9,41.34453781512605,8.143664898209074,1.1347876254172213,-1.1350671291208139,0.1845307692307672,115235.80212422063,24.3,0.016460905349794275
moderate,1.65,diazepam,8,20261207,10,2.457142857142857,1.4571428571428569,23.9,41.34453781512605,8.157692873524393,1.1270031476134827,-1.3149228877550974,0.18455769230769037,114474.42704041085,24.3,0.016460905349794275
moderate,1.65,diazepam,8,20261207,12.5,2.6999999999999997,1.6999999999999997,23.9,41.34453781512605,8.17745681345438,1.1260665132676884,-1.4919375535714274,0.18469615384615193,114668.14948018077,24.3,0.016460905349794275
moderate,1.65,diazepam,8,20261207,15,2.9124999999999996,1.9124999999999996,24.1,41.0,8.251158034194473,1.1965647586782364,-1.6153078660714357,0.19146538461538287,122526.77179513517,24.3,0.008230452674897082
moderate,1.65,diazepam,8,20261207,20,3.2666666666666666,2.2666666666666666,23.6,41.87234042553192,8.357842037570625,1.2143937782042713,-1.9122220833332708,0.19273846153845972,124238.87360205934,24.3,0.028806584362139898
moderate,1.65,diazepam,8,20261207,30,3.7818181818181813,2.7818181818181813,23.5,42.05128205128205,8.489929593065785,1.2622586367656856,-2.4335966233765274,0.1964615384615367,132595.0459466857,24.3,0.03292181069958855
moderate,1.65,diazepam,8,20261207,60,4.6,3.5999999999999996,23.0,42.96943231441048,8.698122773113797,1.2777518451268346,-3.3571859642856623,0.19916538461538286,134213.34967876357,24.3,0.053497942386831254
moderate,1.65,perampanel,9,20261208,0,1.0,0.0,22.5,39.953125,7.956386368738854,1.063918026618826,-0.4657860714285751,0.1772692307692288,94098.04270460765,22.5,0.0
moderate,1.65,perampanel,9,20261208,6,0.9741421208800244,0.025857879119975637,22.0,40.31050228310502,7.8005323490867555,0.9411745388851812,-0.4685096428571468,0.16419999999999807,81476.92728259768,22.5,0.022222222222222254
moderate,1.65,perampanel,9,20261208,8,0.9676668921927091,0.03233310780729098,22.0,40.31050228310502,7.772546940800485,0.9307219305740999,-0.46864803571428965,0.16256923076922905,80884.227628898,22.5,0.022222222222222254
moderate,1.65,perampanel,9,20261208,10,0.9615904074078002,0.03840959259219974,22.0,40.31050228310502,7.756307190948999,0.9030774750500675,-0.4694617857142897,0.16121923076922925,79476.84165584524,22.5,0.022222222222222254
moderate,1.65,perampanel,9,20261208,12,0.9558253497558058,0.044174650244194216,21.9,40.49311926605505,7.744162303410923,0.8847676204105485,-0.4700541071428613,0.15996153846153682,78220.4572113632,22.5,0.026666666666666727
moderate,1.65,perampanel,9,20261208,14,0.9503156200134328,0.049684379986567204,21.8,40.67972350230415,7.736326819714193,0.8789834912383186,-0.4705135714285755,0.1586692307692289,77875.68803660749,22.5,0.03111111111111109
moderate,1.65,perampanel,9,20261208,16,0.9450221738818855,0.05497782611811456,21.8,40.67972350230415,7.636015711898959,0.8140818251835789,-0.46983267857143235,0.1511461538461522,71973.04384025204,22.5,0.03111111111111109
moderate,1.65,perampanel,9,20261208,18,0.9399162876906435,0.06008371230935653,21.4,41.443661971830984,7.662677515350298,0.7841975902870494,-0.47013714285714675,0.15069230769230604,69130.21485617233,22.5,0.04888888888888898
moderate,1.65,perampanel,9,20261208,22,0.9301837569953113,0.06981624300468868,20.5,43.27205882352941,7.823012272034149,0.8115633617323106,-0.47592196428571787,0.15491538461538248,72417.77951657055,22.5,0.0888888888888889
moderate,1.65,memantine,9,20261208,0,1.0,0.0,22.5,39.953125,7.956386368738854,1.063918026618826,-0.4657860714285751,0.1772692307692288,94098.04270460765,22.5,0.0
moderate,1.65,memantine,9,20261208,50,0.9268452221991218,0.07315477780087822,22.4,40.13228699551569,7.829966663084072,0.8957996972356937,-0.4662953571428613,0.16718461538461368,51732.645850039604,22.5,0.004444444444444473
moderate,1.65,memantine,9,20261208,100,0.870062755069906,0.12993724493009393,21.8,41.244239631336406,7.817798879188596,0.7932391844545911,-0.46543732142857563,0.16344999999999824,31239.046265663303,22.5,0.03111111111111109
moderate,1.65,memantine,9,20261208,125,0.8450406189991146,0.15495938100088538,21.7,41.432870370370374,7.7965230219902395,0.7385781936084037,-0.46674928571428975,0.1608923076923063,25206.823810382422,22.5,0.03555555555555556
moderate,1.65,memantine,9,20261208,150,0.8217846664011272,0.1782153335988728,21.7,41.432870370370374,7.774970385699155,0.7041771874447434,-0.46767928571428985,0.15904999999999866,20977.494684629346,22.5,0.03555555555555556
moderate,1.65,memantine,9,20261208,175,0.8000596497582824,0.19994035024171763,21.6,41.62558139534884,7.757348270086733,0.6780710313992013,-0.4688528571428612,0.157284615384614,17327.293826311296,22.5,0.039999999999999925
moderate,1.65,memantine,9,20261208,200,0.7796827121197533,0.22031728788024676,21.4,42.01643192488263,7.748657762327447,0.651670932305502,-0.47084571428571836,0.15544230769230638,13989.211721498006,22.5,0.04888888888888898
moderate,1.65,memantine,9,20261208,250,0.7424088119900276,0.2575911880099724,20.8,43.234299516908216,7.817242454526946,0.6161638390270505,-0.4752244642857182,0.1556576923076909,9956.124254387338,22.5,0.07555555555555549
moderate,1.65,memantine,9,20261208,350,0.6789546199580587,0.3210453800419412,20.0,44.36683417085427,7.764660984173104,0.5224280431336421,-0.48079339285714684,0.1463153846153839,5237.515088122637,22.5,0.11111111111111116
moderate,1.65,memantine,9,20261208,500,0.6036820500876947,0.39631794991230535,15.9,55.88291139240506,8.02718909640535,0.4373849915260414,-0.49556267857143294,0.13857692307692318,1548.6770225526213,22.5,0.29333333333333333
moderate,1.65,diazepam,9,20261208,0,1.0,0.0,22.5,39.953125,7.956386368738854,1.063918026618826,-0.4657860714285751,0.1772692307692288,94098.04270460765,22.5,0.0
moderate,1.65,diazepam,9,20261208,2.5,1.4636363636363636,0.4636363636363636,22.3,39.76801801801802,7.98811617381496,1.0716524143858477,-0.7078145454545378,0.1776807692307675,95895.49479077506,22.5,0.008888888888888835
moderate,1.65,diazepam,9,20261208,5,1.8499999999999999,0.8499999999999999,22.2,39.94796380090498,8.05212512656399,1.0874504026201595,-0.9490298482143449,0.17867307692307538,99308.97105110473,22.5,0.01333333333333342
moderate,1.65,diazepam,9,20261208,7.5,2.1769230769230767,1.1769230769230767,22.4,39.58968609865471,8.075237627231912,1.0641432764519356,-1.1647603598900413,0.17912692307692143,99696.46862337372,22.5,0.004444444444444473
moderate,1.65,diazepam,9,20261208,10,2.457142857142857,1.4571428571428569,22.3,39.76801801801802,8.103395370739733,1.0681538784212283,-1.3694262653061229,0.1790269230769218,100463.13770614528,22.5,0.008888888888888835
moderate,1.65,diazepam,9,20261208,12.5,2.6999999999999997,1.6999999999999997,22.3,39.76801801801802,8.12468408244588,1.0632008125834442,-1.5359846785714304,0.17919615384615262,100356.72350672948,22.5,0.008888888888888835
moderate,1.65,diazepam,9,20261208,15,2.9124999999999996,1.9124999999999996,22.4,39.58968609865471,8.122242783556873,1.0642785615821095,-1.6810726361607284,0.17881923076922962,101438.49461031734,22.5,0.004444444444444473
moderate,1.65,diazepam,9,20261208,20,3.2666666666666666,2.2666666666666666,22.2,39.94796380090498,8.179930539772103,1.064458618908545,-1.98341616666661,0.17925384615384504,101565.43816156853,22.5,0.01333333333333342
moderate,1.65,diazepam,9,20261208,30,3.7818181818181813,2.7818181818181813,22.0,40.31050228310502,8.267748815116638,1.06947268457944,-2.5025985974024954,0.1795615384615374,103101.48978143078,22.5,0.022222222222222254
moderate,1.65,diazepam,9,20261208,60,4.6,3.5999999999999996,21.0,42.239234449760765,8.559819727301985,1.0981475219459285,-3.555883785714257,0.1837961538461532,104152.1297822777,22.5,0.06666666666666665
moderate,1.65,perampanel,10,20261209,0,1.0,0.0,25.2,39.20318725099602,8.075692639188471,1.1486234401702278,-0.44609553571428867,0.19125384615384414,119001.88163498041,25.2,0.0
moderate,1.65,perampanel,10,20261209,6,0.9741421208800244,0.025857879119975637,22.9,38.72149122807018,7.767772707350908,0.9328166114819769,-0.46491696428571777,0.1647999999999974,85465.83997349696,25.2,0.09126984126984128
moderate,1.65,perampanel,10,20261209,8,0.9676668921927091,0.03233310780729098,22.6,39.23777777777778,7.780337542156185,0.9365473049899874,-0.4667769642857179,0.164503846153844,84770.93771562689,25.2,0.10317460317460314
moderate,1.65,perampanel,10,20261209,10,0.9615904074078002,0.03840959259219974,22.2,39.94796380090498,7.767355980668138,0.9232956120660889,-0.46782321428571766,0.16199230769230577,82344.74931259507,25.2,0.11904761904761907
moderate,1.65,perampanel,10,20261209,12,0.9558253497558058,0.044174650244194216,22.2,39.94796380090498,7.729502655402588,0.9061976585447273,-0.4680335714285748,0.16021923076922873,80773.74566096537,25.2,0.11904761904761907
moderate,1.65,perampanel,10,20261209,14,0.9503156200134328,0.049684379986567204,21.9,40.49770642201835,7.737619735191472,0.8952533784212292,-0.4680335714285748,0.15891153846153663,78996.9990815854,25.2,0.13095238095238093
moderate,1.65,perampanel,10,20261209,16,0.9450221738818855,0.05497782611811456,21.7,40.87268518518518,7.736959271327918,0.8700497568424574,-0.46920714285714565,0.1574807692307675,76556.98095917553,25.2,0.13888888888888884
moderate,1.65,perampanel,10,20261209,18,0.9399162876906435,0.06008371230935653,21.7,40.87268518518518,7.709857768545218,0.857269560831109,-0.46931785714286006,0.15596153846153643,76021.68177519634,25.2,0.13888888888888884
moderate,1.65,perampanel,10,20261209,22,0.9301837569953113,0.06981624300468868,21.0,42.239234449760765,7.744810294765153,0.8326305257843807,-0.47503625000000294,0.154746153846152,71786.25455926276,25.2,0.16666666666666663
moderate,1.65,memantine,10,20261209,0,1.0,0.0,25.2,39.20318725099602,8.075692639188471,1.1486234401702278,-0.44609553571428867,0.19125384615384414,119001.88163498041,25.2,0.0
moderate,1.65,memantine,10,20261209,50,0.9268452221991218,0.07315477780087822,24.7,40.0,8.032493930801504,1.0399215342138453,-0.44952214285714615,0.18708461538461266,68251.87494485363,25.2,0.019841269841269882
moderate,1.65,memantine,10,20261209,100,0.870062755069906,0.12993724493009393,23.9,41.34453781512605,7.991658060862072,0.9638942886078677,-0.454471071428574,0.18133461538461265,42017.76118102984,25.2,0.051587301587301626
moderate,1.65,memantine,10,20261209,125,0.8450406189991146,0.15495938100088538,23.5,42.05128205128205,7.903942901441671,0.8788445503448351,-0.4530816071428598,0.17296923076922877,32456.361883744663,25.2,0.06746031746031744
moderate,1.65,memantine,10,20261209,150,0.8217846664011272,0.1782153335988728,23.3,42.41379310344828,7.892845026616521,0.8303087097986918,-0.45542875000000266,0.17098846153846006,25999.19036659103,25.2,0.07539682539682535
moderate,1.65,memantine,10,20261209,175,0.8000596497582824,0.19994035024171763,23.2,42.5974025974026,7.864561649936557,0.7800654445715657,-0.4556058928571456,0.1683076923076906,21062.95403691578,25.2,0.07936507936507942
moderate,1.65,memantine,10,20261209,200,0.7796827121197533,0.22031728788024676,23.1,42.78260869565217,7.8483069527399465,0.7314736442425553,-0.45441017857143123,0.16604230769230652,17298.77278020177,25.2,0.08333333333333326
moderate,1.65,memantine,10,20261209,250,0.7424088119900276,0.2575911880099724,22.6,43.733333333333334,7.817943943077425,0.6633384262941254,-0.4561207142857169,0.1605653846153839,11681.608520657406,25.2,0.10317460317460314
moderate,1.65,memantine,10,20261209,350,0.6789546199580587,0.3210453800419412,21.4,46.19953051643193,7.834682138849564,0.5784308987272122,-0.46389285714286005,0.15349999999999964,5755.199594599631,25.2,0.1507936507936508
moderate,1.65,memantine,10,20261209,500,0.6036820500876947,0.39631794991230535,17.4,56.88150289017341,8.139434534541001,0.47784855777536905,-0.4759275000000036,0.14675384615384593,1770.7831514256366,25.2,0.30952380952380953
moderate,1.65,diazepam,10,20261209,0,1.0,0.0,25.2,39.20318725099602,8.075692639188471,1.1486234401702278,-0.44609553571428867,0.19125384615384414,119001.88163498041,25.2,0.0
moderate,1.65,diazepam,10,20261209,2.5,1.4636363636363636,0.4636363636363636,25.0,39.51807228915663,8.134831029406929,1.1690388672396534,-0.6851605909090912,0.19244999999999815,121341.54293404522,25.2,0.007936507936507908
moderate,1.65,diazepam,10,20261209,5,1.8499999999999999,0.8499999999999999,24.7,40.0,8.185548362595284,1.1963314681241666,-0.9010913928571961,0.19360769230769045,123777.623615835,25.2,0.019841269841269882
moderate,1.65,diazepam,10,20261209,7.5,2.1769230769230767,1.1769230769230767,24.4,40.49382716049383,8.254148647086357,1.2039157867990664,-1.1013007197801532,0.194892307692306,124781.08597021797,25.2,0.031746031746031744
moderate,1.65,diazepam,10,20261209,10,2.457142857142857,1.4571428571428569,24.4,40.49382716049383,8.265222682359825,1.196798122329774,-1.2809857959183633,0.1949115384615369,124204.2659366411,25.2,0.031746031746031744
moderate,1.65,diazepam,10,20261209,12.5,2.6999999999999997,1.6999999999999997,24.3,40.66115702479339,8.296216274857152,1.2132423652369835,-1.4452299642857183,0.19651153846153674,125221.85740342423,25.2,0.0357142857142857
moderate,1.65,diazepam,10,20261209,15,2.9124999999999996,1.9124999999999996,24.3,40.66115702479339,8.316908570491664,1.2112101278371168,-1.604457243303582,0.19676538461538298,125252.04637659826,25.2,0.0357142857142857
moderate,1.65,diazepam,10,20261209,20,3.2666666666666666,2.2666666666666666,24.1,41.0,8.38829694455387,1.2225181043891868,-1.8837046666666057,0.19732692307692165,126768.45299166095,25.2,0.04365079365079361
moderate,1.65,diazepam,10,20261209,30,3.7818181818181813,2.7818181818181813,23.7,41.69491525423729,8.554383518431866,1.2671529687917245,-2.341649818181727,0.2016999999999986,135563.91946736453,25.2,0.059523809523809534
moderate,1.65,diazepam,10,20261209,60,4.6,3.5999999999999996,23.2,42.5974025974026,8.769827307803144,1.3120268436248343,-3.327290892857083,0.20391153846153734,139698.69283241406,25.2,0.07936507936507942
moderate,1.65,perampanel,11,20261210,0,1.0,0.0,24.6,40.16326530612245,7.863425682960765,1.0070363766688917,-0.45079535714286,0.17418076923076745,97734.46670417595,24.6,0.0
moderate,1.65,perampanel,11,20261210,6,0.9741421208800244,0.025857879119975637,22.1,40.12954545454546,7.829848805991202,0.9231432952269691,-0.4683435714285749,0.16541923076922868,84384.04501036153,24.6,0.10162601626016254
moderate,1.65,perampanel,11,20261210,8,0.9676668921927091,0.03233310780729098,22.0,40.31278538812786,7.818671467776821,0.89548208210948,-0.47137714285714655,0.16344999999999824,81262.69664693034,24.6,0.10569105691056913
moderate,1.65,perampanel,11,20261210,10,0.9615904074078002,0.03840959259219974,21.9,40.49770642201835,7.8003923302414595,0.8780838990320441,-0.4716650000000035,0.1621730769230752,79535.00498266419,24.6,0.10975609756097571
moderate,1.65,perampanel,11,20261210,12,0.9558253497558058,0.044174650244194216,21.7,40.87268518518518,7.717241511468966,0.8246012263017374,-0.4700375000000034,0.15456538461538277,72479.97377771266,24.6,0.11788617886178865
moderate,1.65,perampanel,11,20261210,14,0.9503156200134328,0.049684379986567204,21.6,41.062790697674416,7.707795520327658,0.8137785438084129,-0.4736966071428604,0.1531038461538443,71250.57580330022,24.6,0.12195121951219512
moderate,1.65,perampanel,11,20261210,16,0.9450221738818855,0.05497782611811456,21.5,41.254672897196265,7.704790850161685,0.809691226051403,-0.4751248214285746,0.1521884615384598,70528.7151146816,24.6,0.1260162601626017
moderate,1.65,perampanel,11,20261210,18,0.9399162876906435,0.06008371230935653,21.3,41.64150943396226,7.713201922822843,0.8167878019025379,-0.4747871428571463,0.1511384615384598,71282.6081615159,24.6,0.13414634146341464
moderate,1.65,perampanel,11,20261210,22,0.9301837569953113,0.06981624300468868,20.3,43.70049504950495,7.810931996070825,0.7932373342790402,-0.4766139285714322,0.1510461538461523,68005.56090977007,24.6,0.17479674796747968
moderate,1.65,memantine,11,20261210,0,1.0,0.0,24.6,40.16326530612245,7.863425682960765,1.0070363766688917,-0.45079535714286,0.17418076923076745,97734.46670417595,24.6,0.0
moderate,1.65,memantine,11,20261210,50,0.9268452221991218,0.07315477780087822,24.2,40.829875518672196,7.8536101968443255,0.882783933213534,-0.4511275000000024,0.1717230769230754,54893.2591476426,24.6,0.016260162601626105
moderate,1.65,memantine,11,20261210,100,0.870062755069906,0.12993724493009393,23.6,41.87234042553192,7.863034572366641,0.8174609130404262,-0.45468696428571675,0.1688846153846141,35368.42216729408,24.6,0.04065040650406504
moderate,1.65,memantine,11,20261210,125,0.8450406189991146,0.15495938100088538,23.4,42.23175965665236,7.8617225497174905,0.7923181298174548,-0.4556557142857168,0.1674192307692295,29094.520909631192,24.6,0.0487804878048782
moderate,1.65,memantine,11,20261210,150,0.8217846664011272,0.1782153335988728,23.2,42.599567099567096,7.835408261293433,0.7599457121618479,-0.4576928571428602,0.16370769230769108,23758.863001486145,24.6,0.056910569105691144
moderate,1.65,memantine,11,20261210,175,0.8000596497582824,0.19994035024171763,22.9,43.16008771929825,7.861453500634189,0.7338280710334302,-0.456690892857146,0.16316923076922946,20155.710583868105,24.6,0.06910569105691067
moderate,1.65,memantine,11,20261210,200,0.7796827121197533,0.22031728788024676,22.9,43.16008771929825,7.82025025968582,0.70311710468039,-0.45695107142857466,0.16086538461538324,16734.503015965194,24.6,0.06910569105691067
moderate,1.65,memantine,11,20261210,250,0.7424088119900276,0.2575911880099724,22.9,43.16008771929825,7.7494806253240505,0.6526160337626591,-0.4572167857142888,0.15759230769230656,11762.744142879348,24.6,0.06910569105691067
moderate,1.65,memantine,11,20261210,350,0.6789546199580587,0.3210453800419412,21.5,45.98364485981308,7.826597847721273,0.562397550469841,-0.46238714285714577,0.15288846153846106,5531.459315774179,24.6,0.1260162601626017
moderate,1.65,memantine,11,20261210,500,0.6036820500876947,0.39631794991230535,17.7,55.91193181818182,8.117654474075374,0.48127086481602954,-0.4707792857142891,0.14564615384615384,1887.6616376790212,24.6,0.2804878048780488
moderate,1.65,diazepam,11,20261210,0,1.0,0.0,24.6,40.16326530612245,7.863425682960765,1.0070363766688917,-0.45079535714286,0.17418076923076745,97734.46670417595,24.6,0.0
moderate,1.65,diazepam,11,20261210,2.5,1.4636363636363636,0.4636363636363636,24.5,40.32786885245902,7.932874289880495,1.0050278776702266,-0.6899490340909012,0.17486923076922878,99319.00882135345,24.6,0.004065040650406582
moderate,1.65,diazepam,11,20261210,5,1.8499999999999999,0.8499999999999999,24.4,40.49382716049383,7.975754298614437,1.007845492489986,-0.9143126160714837,0.17549615384615191,100002.63296181297,24.6,0.008130081300813163
moderate,1.65,diazepam,11,20261210,7.5,2.1769230769230767,1.1769230769230767,24.4,40.49382716049383,7.983279386867633,1.0007161689753001,-1.1296924615383945,0.17517692307692118,99831.64082251485,24.6,0.008130081300813163
moderate,1.65,diazepam,11,20261210,10,2.457142857142857,1.4571428571428569,24.7,40.0,8.07666124959267,1.0890002515854447,-1.3056054897959186,0.18278846153845996,110436.15545044844,24.6,-0.00406504065040636
moderate,1.65,diazepam,11,20261210,12.5,2.6999999999999997,1.6999999999999997,24.7,40.0,8.089499677904401,1.0869039259846436,-1.4668275535714357,0.1827499999999984,110337.51455060723,24.6,-0.00406504065040636
moderate,1.65,diazepam,11,20261210,15,2.9124999999999996,1.9124999999999996,24.6,40.16326530612245,8.119680488098558,1.1028993870160186,-1.64357107812501,0.1827846153846138,112661.01733188667,24.6,0.0
moderate,1.65,diazepam,11,20261210,20,3.2666666666666666,2.2666666666666666,24.4,40.49382716049383,8.181110582254359,1.0865300507343099,-1.913198583333279,0.18359230769230622,110691.293676581,24.6,0.008130081300813163
moderate,1.65,diazepam,11,20261210,30,3.7818181818181813,2.7818181818181813,24.1,41.0,8.281859373782941,1.106891988734978,-2.4124522077921107,0.18524999999999853,112002.39146022484,24.6,0.020325203252032464
moderate,1.65,diazepam,11,20261210,60,4.6,3.5999999999999996,23.7,41.69491525423729,8.544972194888013,1.204286098548062,-3.304474892857072,0.19291153846153714,127087.5120185266,24.6,0.03658536585365857
moderate,1.65,perampanel,12,20261211,0,1.0,0.0,22.6,39.23777777777778,7.768993721891435,0.8798538627336442,-0.46678250000000426,0.16095769230769022,77718.22964871026,22.6,0.0
moderate,1.65,perampanel,12,20261211,6,0.9741421208800244,0.025857879119975637,22.3,39.76801801801802,7.7040495128477104,0.8389144223130841,-0.4701814285714323,0.15616153846153671,73674.38595389875,22.6,0.013274336283185861
moderate,1.65,perampanel,12,20261211,8,0.9676668921927091,0.03233310780729098,22.4,39.58968609865471,7.749992938135303,0.8892573762516691,-0.4689912500000036,0.16121538461538262,79005.69873425295,22.6,0.008849557522124019
moderate,1.65,perampanel,12,20261211,10,0.9615904074078002,0.03840959259219974,22.3,39.76801801801802,7.789399428488862,0.9268830893691591,-0.4685262500000037,0.16388076923076703,85406.3690080329,22.6,0.013274336283185861
moderate,1.65,perampanel,12,20261211,12,0.9558253497558058,0.044174650244194216,22.2,39.94796380090498,7.761170119917962,0.9306775238651535,-0.46942303571428967,0.16221153846153658,84618.2403633874,22.6,0.017699115044247926
moderate,1.65,perampanel,12,20261211,14,0.9503156200134328,0.049684379986567204,22.1,40.12954545454546,7.711480608131198,0.8761007831275048,-0.4701758928571468,0.15703461538461375,79622.59058822363,22.6,0.02212389380530977
moderate,1.65,perampanel,12,20261211,16,0.9450221738818855,0.05497782611811456,21.0,42.24162679425837,7.834231651248154,0.8896504213117498,-0.47454357142857534,0.1585807692307674,78407.36077979978,22.6,0.07079646017699126
moderate,1.65,perampanel,12,20261211,18,0.9399162876906435,0.06008371230935653,20.9,42.44471153846154,7.823992847146979,0.8833519783878515,-0.4750750000000042,0.1574807692307674,78138.7767482006,22.6,0.07522123893805321
moderate,1.65,perampanel,12,20261211,22,0.9301837569953113,0.06981624300468868,20.5,43.27696078431372,7.846005978144911,0.8613825175233656,-0.47735017857143275,0.1561730769230753,76454.80895489675,22.6,0.09292035398230092
moderate,1.65,memantine,12,20261211,0,1.0,0.0,22.6,39.23777777777778,7.768993721891435,0.8798538627336442,-0.46678250000000426,0.16095769230769022,77718.22964871026,22.6,0.0
moderate,1.65,memantine,12,20261211,50,0.9268452221991218,0.07315477780087822,22.2,39.94796380090498,7.760463278489998,0.8128438618075814,-0.4691241071428609,0.15953461538461344,45622.92132660258,22.6,0.017699115044247926
moderate,1.65,memantine,12,20261211,100,0.870062755069906,0.12993724493009393,21.6,41.062790697674416,7.783136731036375,0.7946681194311873,-0.4681221428571461,0.16004615384615212,30540.877235212527,22.6,0.04424778761061943
moderate,1.65,memantine,12,20261211,125,0.8450406189991146,0.15495938100088538,21.5,41.254672897196265,7.776926353305692,0.7595594884734003,-0.46770696428571756,0.15949230769230582,24872.475857994745,22.6,0.04867256637168149
moderate,1.65,memantine,12,20261211,150,0.8217846664011272,0.1782153335988728,21.6,41.062790697674416,7.777637175529555,0.7464271597194203,-0.4672751785714319,0.16031923076922955,22087.02160196797,22.6,0.04424778761061943
moderate,1.65,memantine,12,20261211,175,0.8000596497582824,0.19994035024171763,21.5,41.254672897196265,7.733671585510842,0.6994116725524293,-0.46792839285714616,0.1566769230769221,18070.929612422966,22.6,0.04867256637168149
moderate,1.65,memantine,12,20261211,200,0.7796827121197533,0.22031728788024676,21.4,41.448356807511736,7.704586881797091,0.660541353114028,-0.4680003571428605,0.15421923076922972,14647.836806821872,22.6,0.053097345132743445
moderate,1.65,memantine,12,20261211,250,0.7424088119900276,0.2575911880099724,21.2,41.838862559241704,7.723048302975485,0.6364355762268902,-0.4723126785714321,0.15265384615384509,10766.065485396251,22.6,0.06194690265486735
moderate,1.65,memantine,12,20261211,350,0.6789546199580587,0.3210453800419412,19.5,45.50773195876289,7.884929324475248,0.5644244835986073,-0.47301571428571776,0.15175384615384516,5557.573599262394,22.6,0.13716814159292046
moderate,1.65,memantine,12,20261211,500,0.6036820500876947,0.39631794991230535,16.2,54.83540372670807,8.073782800781059,0.44099340683142746,-0.4835058928571468,0.14198076923076847,1800.799989362196,22.6,0.2831858407079647
moderate,1.65,diazepam,12,20261211,0,1.0,0.0,22.6,39.23777777777778,7.768993721891435,0.8798538627336442,-0.46678250000000426,0.16095769230769022,77718.22964871026,22.6,0.0
moderate,1.65,diazepam,12,20261211,2.5,1.4636363636363636,0.4636363636363636,22.5,39.41294642857143,7.787696642635469,0.8774002367323095,-0.7207133636363585,0.16086923076922885,76744.37406876034,22.6,0.004424778761062065
moderate,1.65,diazepam,12,20261211,5,1.8499999999999999,0.8499999999999999,22.3,39.76801801801802,7.917348300524859,0.9438496684746324,-0.9550720803572005,0.16623846153845992,86102.6114111074,22.6,0.013274336283185861
moderate,1.65,diazepam,12,20261211,7.5,2.1769230769230767,1.1769230769230767,22.4,39.58968609865471,8.036301186248531,1.0348314312416556,-1.168508166208724,0.1753346153846138,94753.48490774793,22.6,0.008849557522124019
moderate,1.65,diazepam,12,20261211,10,2.457142857142857,1.4571428571428569,22.4,39.58968609865471,8.069553112624376,1.0362061752336449,-1.365400061224489,0.17591923076922938,96033.41375469304,22.6,0.008849557522124019
moderate,1.65,diazepam,12,20261211,12.5,2.6999999999999997,1.6999999999999997,22.3,39.76801801801802,8.108391373239083,1.0366513936081447,-1.5283918928571427,0.17659615384615227,96365.89761803318,22.6,0.013274336283185861
moderate,1.65,diazepam,12,20261211,15,2.9124999999999996,1.9124999999999996,22.3,39.76801801801802,8.105693263189671,1.0331767056909216,-1.6916975401785788,0.17570384615384466,96898.4999952377,22.6,0.013274336283185861
moderate,1.65,diazepam,12,20261211,20,3.2666666666666666,2.2666666666666666,22.0,40.31278538812786,8.186377779972675,1.0274221078938583,-2.0104145833332736,0.17708076923076763,96509.53689100225,22.6,0.026548672566371723
moderate,1.65,diazepam,12,20261211,30,3.7818181818181813,2.7818181818181813,21.9,40.4954128440367,8.281507205867442,1.0666625074265694,-2.5492628571427507,0.17886923076922964,100206.23948286203,22.6,0.030973451327433787
moderate,1.65,diazepam,12,20261211,60,4.6,3.5999999999999996,21.3,41.64150943396226,8.496743336438968,1.07351438951936,-3.5012628928570884,0.18075769230769084,101473.75726673749,22.6,0.05752212389380529
moderate,1.65,perampanel,13,20261212,0,1.0,0.0,24.6,40.16326530612245,7.906289333894018,1.0147615176068083,-0.4580637500000029,0.17478846153845998,100317.40256501187,24.6,0.0
moderate,1.65,perampanel,13,20261212,6,0.9741421208800244,0.025857879119975637,23.9,41.34453781512605,7.885298161376872,0.9543007965620811,-0.45894392857143185,0.16949999999999896,94267.115363642,24.6,0.028455284552845628
moderate,1.65,perampanel,13,20261212,8,0.9676668921927091,0.03233310780729098,21.3,41.6438679245283,7.804839587126343,0.8287765716789054,-0.4715985714285752,0.1554423076923062,71976.31154425473,24.6,0.13414634146341464
moderate,1.65,perampanel,13,20261212,10,0.9615904074078002,0.03840959259219974,21.2,41.838862559241704,7.7806766730973935,0.8184686963451272,-0.4718033928571466,0.1537038461538446,70731.87378615583,24.6,0.13821138211382122
moderate,1.65,perampanel,13,20261212,12,0.9558253497558058,0.044174650244194216,21.3,41.64150943396226,7.851552771228456,0.8842090461448612,-0.4725230357142893,0.1599615384615369,77619.24330650124,24.6,0.13414634146341464
moderate,1.65,perampanel,13,20261212,14,0.9503156200134328,0.049684379986567204,21.1,42.03809523809524,7.84301165525331,0.8850071607977312,-0.47459339285714625,0.15823461538461397,77926.83337972316,24.6,0.14227642276422758
moderate,1.65,perampanel,13,20261212,16,0.9450221738818855,0.05497782611811456,21.1,42.03809523809524,7.817894229843072,0.8806491448598143,-0.4747705357142891,0.1567615384615369,77578.65924040931,24.6,0.14227642276422758
moderate,1.65,perampanel,13,20261212,18,0.9399162876906435,0.06008371230935653,21.1,42.03809523809524,7.794193583708433,0.8661449634512696,-0.476630535714289,0.15551153846153684,77260.0186057368,24.6,0.14227642276422758
moderate,1.65,perampanel,13,20261212,22,0.9301837569953113,0.06981624300468868,20.6,43.06341463414634,7.731336344326109,0.787948129756342,-0.4789721428571465,0.14792307692307569,69449.54676398348,24.6,0.16260162601626016
moderate,1.65,memantine,13,20261212,0,1.0,0.0,24.6,40.16326530612245,7.906289333894018,1.0147615176068083,-0.4580637500000029,0.17478846153845998,100317.40256501187,24.6,0.0
moderate,1.65,memantine,13,20261212,50,0.9268452221991218,0.07315477780087822,24.2,40.829875518672196,7.859969823904909,0.9143076178127065,-0.45960267857143144,0.17115769230769112,56938.11839204916,24.6,0.016260162601626105
moderate,1.65,memantine,13,20261212,100,0.870062755069906,0.12993724493009393,23.7,41.69491525423729,7.833106131604617,0.8447079687477661,-0.4572333928571462,0.16761923076922977,36043.939595771255,24.6,0.03658536585365857
moderate,1.65,memantine,13,20261212,125,0.8450406189991146,0.15495938100088538,23.7,41.69491525423729,7.789965230184379,0.8083708167288886,-0.45747696428571755,0.16531153846153762,29267.341007258558,24.6,0.03658536585365857
moderate,1.65,memantine,13,20261212,150,0.8217846664011272,0.1782153335988728,23.5,42.05128205128205,7.788854629447122,0.7758848754319148,-0.45862285714286033,0.1637807692307684,24294.890788741894,24.6,0.04471544715447162
moderate,1.65,memantine,13,20261212,175,0.8000596497582824,0.19994035024171763,23.2,42.5974025974026,7.8227086805306065,0.7373805948429247,-0.4606489285714314,0.16385384615384535,20260.089745129728,24.6,0.056910569105691144
moderate,1.65,memantine,13,20261212,200,0.7796827121197533,0.22031728788024676,23.0,42.96943231441048,7.809447008831828,0.7039461508590418,-0.4613851785714314,0.16218846153846095,16707.940359253247,24.6,0.06504065040650409
moderate,1.65,memantine,13,20261212,250,0.7424088119900276,0.2575911880099724,22.8,43.348017621145374,7.812347203861845,0.6711305666181192,-0.46442982142857425,0.16091538461538363,12204.131280265185,24.6,0.07317073170731714
moderate,1.65,memantine,13,20261212,350,0.6789546199580587,0.3210453800419412,21.1,46.85952380952381,7.90419558812669,0.541728934547767,-0.4737021428571461,0.15444615384615323,5142.683268452081,24.6,0.14227642276422758
moderate,1.65,memantine,13,20261212,500,0.6036820500876947,0.39631794991230535,16.9,58.57440476190476,8.142249259647633,0.44812900951373924,-0.4857810714285748,0.14335000000000014,1678.193198498128,24.6,0.3130081300813009
moderate,1.65,diazepam,13,20261212,0,1.0,0.0,24.6,40.16326530612245,7.906289333894018,1.0147615176068083,-0.4580637500000029,0.17478846153845998,100317.40256501187,24.6,0.0
moderate,1.65,diazepam,13,20261212,2.5,1.4636363636363636,0.4636363636363636,24.5,40.32786885245902,7.942603806099456,1.0111909806408539,-0.7017216363636302,0.17508461538461378,100489.47569319421,24.6,0.004065040650406582
moderate,1.65,diazepam,13,20261212,5,1.8499999999999999,0.8499999999999999,24.4,40.49382716049383,7.969256491299125,1.0112517977303066,-0.9275952857143426,0.17544615384615242,100296.42474744462,24.6,0.008130081300813163
moderate,1.65,diazepam,13,20261212,7.5,2.1769230769230767,1.1769230769230767,24.3,40.66115702479339,7.9925616713400425,1.0102323074098787,-1.1288971071427893,0.17544615384615247,100338.83020746308,24.6,0.012195121951219523
moderate,1.65,diazepam,13,20261212,10,2.457142857142857,1.4571428571428569,24.9,39.67741935483871,8.051644458654753,1.1084365015854458,-1.3029802959183652,0.18385384615384479,112103.0970564563,24.6,-0.012195121951219301
moderate,1.65,diazepam,13,20261212,12.5,2.6999999999999997,1.6999999999999997,24.9,39.67741935483871,8.077472833265519,1.1155521558744979,-1.4855703750000018,0.1840653846153833,113978.73315613055,24.6,-0.012195121951219301
moderate,1.65,diazepam,13,20261212,15,2.9124999999999996,1.9124999999999996,24.8,39.83805668016194,8.112271325511228,1.1215023259345778,-1.6300279531250128,0.18455769230769106,115189.52095237475,24.6,-0.008130081300812941
moderate,1.65,diazepam,13,20261212,20,3.2666666666666666,2.2666666666666666,24.7,40.0,8.166838099365112,1.1180094732977288,-1.9280630833332768,0.18505384615384496,114540.91978302304,24.6,-0.00406504065040636
moderate,1.65,diazepam,13,20261212,30,3.7818181818181813,2.7818181818181813,24.3,40.66115702479339,8.368766413925782,1.1951397236315073,-2.364280623376521,0.192511538461537,127223.11138661638,24.6,0.012195121951219523
moderate,1.65,diazepam,13,20261212,60,4.6,3.5999999999999996,23.3,42.41379310344828,8.657583112227005,1.249463163384511,-3.328716892857072,0.19651923076922972,131269.6558718632,24.6,0.05284552845528456
moderate,1.65,perampanel,14,20261213,0,1.0,0.0,25.7,38.4375,8.111247811457723,1.217293335280372,-0.44962732142857464,0.1936999999999976,132449.8604406471,25.7,0.0
moderate,1.65,perampanel,14,20261213,6,0.9741421208800244,0.025857879119975637,22.7,39.0641592920354,7.860843321674596,0.9939596059746324,-0.46796160714286117,0.17100769230769003,93045.45816614132,25.7,0.11673151750972766
moderate,1.65,perampanel,14,20261213,8,0.9676668921927091,0.03233310780729098,22.5,39.41294642857143,7.698193022036916,0.8747489734646188,-0.4679505357142897,0.15731923076922866,77884.64800989108,25.7,0.1245136186770428
moderate,1.65,perampanel,14,20261213,10,0.9615904074078002,0.03840959259219974,22.3,39.76801801801802,7.691504344168803,0.8746944793057393,-0.47018142857143275,0.15631923076922874,76490.00523927697,25.7,0.13229571984435795
moderate,1.65,perampanel,14,20261213,12,0.9558253497558058,0.044174650244194216,22.0,40.31278538812786,7.709044572800625,0.8656688431241644,-0.471006250000004,0.15581538461538283,75473.13054069856,25.7,0.14396887159533067
moderate,1.65,perampanel,14,20261213,14,0.9503156200134328,0.049684379986567204,19.0,40.8994708994709,7.800747183326659,0.7803190571595453,-0.48662250000000395,0.15226923076922858,62816.34407484787,25.7,0.2607003891050583
moderate,1.65,perampanel,14,20261213,16,0.9450221738818855,0.05497782611811456,18.7,41.55913978494624,7.80585964332305,0.777982204355807,-0.487535892857147,0.15097692307692104,62078.04017366999,25.7,0.27237354085603116
moderate,1.65,perampanel,14,20261213,18,0.9399162876906435,0.06008371230935653,18.5,42.01086956521739,7.8083247427673514,0.7682618864319086,-0.4883828571428613,0.14984230769230583,61214.21814685756,25.7,0.2801556420233463
moderate,1.65,perampanel,14,20261213,22,0.9301837569953113,0.06981624300468868,18.3,42.472527472527474,7.8633809373107315,0.8064024798064086,-0.4912448214285751,0.15268076923076726,66186.39778297173,25.7,0.28793774319066145
moderate,1.65,memantine,14,20261213,0,1.0,0.0,25.7,38.4375,8.111247811457723,1.217293335280372,-0.44962732142857464,0.1936999999999976,132449.8604406471,25.7,0.0
moderate,1.65,memantine,14,20261213,50,0.9268452221991218,0.07315477780087822,24.9,39.67741935483871,8.06717178748367,1.0833660067759752,-0.4543658928571462,0.1888038461538439,73110.05927774518,25.7,0.0311284046692607
moderate,1.65,memantine,14,20261213,100,0.870062755069906,0.12993724493009393,24.0,41.17154811715481,8.006279090430144,0.9794006602152904,-0.45201875000000336,0.18152307692307457,44999.416081400916,25.7,0.06614785992217898
moderate,1.65,memantine,14,20261213,125,0.8450406189991146,0.15495938100088538,23.8,41.51898734177215,7.980559158194317,0.9160737572353915,-0.4523121428571463,0.1785730769230744,35876.22902819924,25.7,0.07392996108949412
moderate,1.65,memantine,14,20261213,150,0.8217846664011272,0.1782153335988728,23.8,41.51898734177215,7.925207048673802,0.874822734487514,-0.4523453571428605,0.17558846153845956,29269.38405078458,25.7,0.07392996108949412
moderate,1.65,memantine,14,20261213,175,0.8000596497582824,0.19994035024171763,23.6,41.87234042553192,7.870273134506446,0.8162774552985426,-0.453961785714289,0.1710730769230754,23429.14298070794,25.7,0.08171206225680927
moderate,1.65,memantine,14,20261213,200,0.7796827121197533,0.22031728788024676,23.3,42.41379310344828,7.880648793844197,0.775011947688147,-0.45698428571428895,0.16947692307692164,19143.46783907239,25.7,0.0933852140077821
moderate,1.65,memantine,14,20261213,250,0.7424088119900276,0.2575911880099724,23.1,42.78260869565217,7.821922864225804,0.6924753625209428,-0.4540891071428604,0.1634538461538451,12781.075543982706,25.7,0.10116731517509725
moderate,1.65,memantine,14,20261213,350,0.6789546199580587,0.3210453800419412,22.1,44.72954545454545,7.6756561557894285,0.5386819340831844,-0.46106964285714613,0.14670384615384627,5672.632437520236,25.7,0.1400778210116731
moderate,1.65,memantine,14,20261213,500,0.6036820500876947,0.39631794991230535,17.9,55.28370786516854,8.12989514232429,0.5135244640927613,-0.47235142857143203,0.14770384615384555,2280.3501595317225,25.7,0.30350194552529186
moderate,1.65,diazepam,14,20261213,0,1.0,0.0,25.7,38.4375,8.111247811457723,1.217293335280372,-0.44962732142857464,0.1936999999999976,132449.8604406471,25.7,0.0
moderate,1.65,diazepam,14,20261213,2.5,1.4636363636363636,0.4636363636363636,25.5,38.74015748031496,8.14660568727452,1.2252871459445913,-0.6898761136363555,0.1941807692307669,132915.08238112973,25.7,0.0077821011673151474
moderate,1.65,diazepam,14,20261213,5,1.8499999999999999,0.8499999999999999,25.2,39.20318725099602,8.209140645258676,1.2362160573264336,-0.9140565892857683,0.19498461538461306,133219.3799800215,25.7,0.01945525291828798
moderate,1.65,diazepam,14,20261213,7.5,2.1769230769230767,1.1769230769230767,25.0,39.51807228915663,8.22081907323146,1.2436410783544711,-1.107808164835102,0.1947884615384591,132109.27008209628,25.7,0.027237354085603127
moderate,1.65,diazepam,14,20261213,10,2.457142857142857,1.4571428571428569,24.8,39.83805668016194,8.280164847785395,1.2402873667389838,-1.2940709591836712,0.19588461538461305,132860.65601332122,25.7,0.035019455252918275
moderate,1.65,diazepam,14,20261213,12.5,2.6999999999999997,1.6999999999999997,24.7,40.0,8.295752703533385,1.2330905011682223,-1.4451103928571434,0.19611153846153628,131371.8351925752,25.7,0.03891050583657585
moderate,1.65,diazepam,14,20261213,15,2.9124999999999996,1.9124999999999996,24.7,40.0,8.300253417406172,1.237211334112148,-1.5755813660714382,0.1957384615384595,132229.8844976296,25.7,0.03891050583657585
moderate,1.65,diazepam,14,20261213,20,3.2666666666666666,2.2666666666666666,24.7,40.0,8.343904957871894,1.2440366270026688,-1.8492739999999486,0.1962923076923056,133456.02949112054,25.7,0.03891050583657585
moderate,1.65,diazepam,14,20261213,30,3.7818181818181813,2.7818181818181813,24.4,40.49382716049383,8.453559570701797,1.2510260054238982,-2.3525569870129037,0.19694999999999774,134813.7007058419,25.7,0.05058365758754868
moderate,1.65,diazepam,14,20261213,60,4.6,3.5999999999999996,23.7,41.69491525423729,8.733869810222755,1.296539391688918,-3.297344892857093,0.20170769230769056,141464.82313726444,25.7,0.07782101167315181
moderate,1.65,perampanel,15,20261214,0,1.0,0.0,25.2,39.20318725099602,8.120584799098767,1.1321198603971971,-0.44324464285714593,0.19250769230769,119929.10183619757,25.2,0.0
moderate,1.65,perampanel,15,20261214,6,0.9741421208800244,0.025857879119975637,24.7,40.0,8.022310865232207,1.0398360125166888,-0.44661035714286046,0.1839038461538433,108230.09206125514,25.2,0.019841269841269882
moderate,1.65,perampanel,15,20261214,8,0.9676668921927091,0.03233310780729098,24.7,40.0,7.994029381424506,1.0401907179572758,-0.446660178571432,0.1817307692307666,108205.55455382871,25.2,0.019841269841269882
moderate,1.65,perampanel,15,20261214,10,0.9615904074078002,0.03840959259219974,24.5,40.32786885245902,7.93760862099347,0.9951111103137514,-0.447767321428575,0.17755384615384381,99851.98067759456,25.2,0.02777777777777779
moderate,1.65,perampanel,15,20261214,12,0.9558253497558058,0.044174650244194216,22.4,39.58968609865471,7.74992332880001,0.8640432651869169,-0.4621435714285749,0.1599961538461521,78987.2903219174,25.2,0.11111111111111116
moderate,1.65,perampanel,15,20261214,14,0.9503156200134328,0.049684379986567204,22.4,39.58968609865471,7.7219340101959855,0.8477512294726312,-0.4622321428571463,0.15834999999999835,77306.25484953132,25.2,0.11111111111111116
moderate,1.65,perampanel,15,20261214,16,0.9450221738818855,0.05497782611811456,22.3,39.76801801801802,7.706273028345361,0.8385765841121513,-0.46250339285714626,0.15694230769230605,76255.52161547578,25.2,0.115079365079365
moderate,1.65,perampanel,15,20261214,18,0.9399162876906435,0.06008371230935653,21.8,40.684331797235025,7.707373275181449,0.8039715505674245,-0.4654428571428607,0.15371153846153732,71096.67214689839,25.2,0.13492063492063489
moderate,1.65,perampanel,15,20261214,22,0.9301837569953113,0.06981624300468868,21.6,41.062790697674416,7.7608612840700415,0.8208231656375183,-0.4692182142857179,0.15679230769230623,73744.87675953897,25.2,0.1428571428571428
moderate,1.65,memantine,15,20261214,0,1.0,0.0,25.2,39.20318725099602,8.120584799098767,1.1321198603971971,-0.44324464285714593,0.19250769230769,119929.10183619757,25.2,0.0
moderate,1.65,memantine,15,20261214,50,0.9268452221991218,0.07315477780087822,24.4,40.49382716049383,8.052512591325463,0.9808897603787639,-0.4471362500000032,0.18364230769230516,63793.6382404172,25.2,0.031746031746031744
moderate,1.65,memantine,15,20261214,100,0.870062755069906,0.12993724493009393,24.0,41.17154811715481,7.984574147833117,0.9078081893053582,-0.4478392857142897,0.17808076923076704,40320.775900781766,25.2,0.04761904761904756
moderate,1.65,memantine,15,20261214,125,0.8450406189991146,0.15495938100088538,23.8,41.51898734177215,7.952136285444872,0.8815559124602298,-0.4484482142857183,0.17591923076922902,32903.24478235651,25.2,0.05555555555555547
moderate,1.65,memantine,15,20261214,150,0.8217846664011272,0.1782153335988728,23.7,41.69491525423729,7.93422191741165,0.8394958428364642,-0.44964392857143276,0.1737923076923061,26976.658056355034,25.2,0.059523809523809534
moderate,1.65,memantine,15,20261214,175,0.8000596497582824,0.19994035024171763,23.3,42.41379310344828,7.944946105368155,0.7892441148169214,-0.45162571428571857,0.1720576923076906,21722.45872663507,25.2,0.07539682539682535
moderate,1.65,memantine,15,20261214,200,0.7796827121197533,0.22031728788024676,23.2,42.5974025974026,7.926656817245321,0.7485753825298875,-0.45147071428571856,0.17004615384615218,17898.08527376969,25.2,0.07936507936507942
moderate,1.65,memantine,15,20261214,250,0.7424088119900276,0.2575911880099724,23.0,42.97161572052402,7.911282996446739,0.7083327750239414,-0.4524062500000041,0.16741153846153753,12713.52039422052,25.2,0.08730158730158732
moderate,1.65,memantine,15,20261214,350,0.6789546199580587,0.3210453800419412,21.7,45.557870370370374,7.910156305197947,0.5955611537517724,-0.4557442857142896,0.15881923076923068,5942.109234063577,25.2,0.13888888888888884
moderate,1.65,memantine,15,20261214,500,0.6036820500876947,0.39631794991230535,17.6,56.23142857142857,8.216004267955732,0.5179183401177944,-0.4703530357142895,0.15516153846153882,1984.1042024586245,25.2,0.3015873015873015
moderate,1.65,diazepam,15,20261214,0,1.0,0.0,25.2,39.20318725099602,8.120584799098767,1.1321198603971971,-0.44324464285714593,0.19250769230769,119929.10183619757,25.2,0.0
moderate,1.65,diazepam,15,20261214,2.5,1.4636363636363636,0.4636363636363636,25.0,39.51807228915663,8.179316304425841,1.1247098608978645,-0.6810770454545426,0.1933230769230747,120487.21765914667,25.2,0.007936507936507908
moderate,1.65,diazepam,15,20261214,5,1.8499999999999999,0.8499999999999999,24.9,39.67741935483871,8.209729563226313,1.1362592418224304,-0.8965955625000537,0.19356153846153623,122620.31782218022,25.2,0.011904761904761973
moderate,1.65,diazepam,15,20261214,7.5,2.1769230769230767,1.1769230769230767,24.7,40.0,8.24008717326546,1.1359210381341796,-1.0959622046702668,0.19369999999999776,121921.88196314278,25.2,0.019841269841269882
moderate,1.65,diazepam,15,20261214,10,2.457142857142857,1.4571428571428569,24.7,40.0,8.257600491149413,1.135624445176903,-1.2832301326530557,0.19367307692307476,122152.42236746738,25.2,0.019841269841269882
moderate,1.65,diazepam,15,20261214,12.5,2.6999999999999997,1.6999999999999997,24.7,40.0,8.260623375066212,1.1373241804906546,-1.4404022678571442,0.193396153846152,122273.22252402038,25.2,0.019841269841269882
moderate,1.65,diazepam,15,20261214,15,2.9124999999999996,1.9124999999999996,24.7,40.0,8.29155992372969,1.1627819436749,-1.5781126406250106,0.1947846153846134,124582.95795770995,25.2,0.019841269841269882
moderate,1.65,diazepam,15,20261214,20,3.2666666666666666,2.2666666666666666,24.5,40.32786885245902,8.35185223537587,1.174773034295728,-1.858785833333273,0.195096153846152,126078.99906633921,25.2,0.02777777777777779
moderate,1.65,diazepam,15,20261214,30,3.7818181818181813,2.7818181818181813,24.4,40.49382716049383,8.481641197793083,1.1906292812082788,-2.3369184935063987,0.19806153846153662,129974.92205197844,25.2,0.031746031746031744
moderate,1.65,diazepam,15,20261214,60,4.6,3.5999999999999996,24.0,41.17154811715481,8.642084857131676,1.2258260752670234,-3.2250263214285173,0.19938846153845996,134523.16959968844,25.2,0.04761904761904756
moderate,1.65,perampanel,16,20261215,0,1.0,0.0,24.4,40.49588477366255,7.868473575263965,0.9822496116488654,-0.4551741071428603,0.17150384615384448,92930.65990240962,24.4,0.0
moderate,1.65,perampanel,16,20261215,6,0.9741421208800244,0.025857879119975637,23.8,41.5210970464135,7.876037597668896,0.9414703643190935,-0.4550578571428604,0.16722692307692133,90895.37578678953,24.4,0.024590163934426146
moderate,1.65,perampanel,16,20261215,8,0.9676668921927091,0.03233310780729098,23.2,42.599567099567096,7.922992459110899,0.9277949619492665,-0.4576208928571456,0.1673807692307677,89565.42005912501,24.4,0.0491803278688524
moderate,1.65,perampanel,16,20261215,10,0.9615904074078002,0.03840959259219974,23.2,42.599567099567096,7.872187137508462,0.9005249481809089,-0.4578146428571456,0.1646923076923064,87652.01432245795,24.4,0.0491803278688524
moderate,1.65,perampanel,16,20261215,12,0.9558253497558058,0.044174650244194216,23.0,42.97161572052402,7.865416163332567,0.8837209012850479,-0.45701750000000263,0.16303076923076795,85070.41001621512,24.4,0.05737704918032782
moderate,1.65,perampanel,16,20261215,14,0.9503156200134328,0.049684379986567204,23.0,42.97161572052402,7.847270156222106,0.8785298849299079,-0.45799178571428856,0.16191153846153722,85590.58237855032,24.4,0.05737704918032782
moderate,1.65,perampanel,16,20261215,16,0.9450221738818855,0.05497782611811456,21.3,41.6438679245283,7.65814468558637,0.7552506293391198,-0.47492000000000323,0.14801153846153683,66839.17499736142,24.4,0.12704918032786883
moderate,1.65,perampanel,16,20261215,18,0.9399162876906435,0.06008371230935653,21.1,42.04047619047619,7.662864755690561,0.7489946012182922,-0.47539053571428924,0.14686538461538293,65975.64283964301,24.4,0.13524590163934413
moderate,1.65,perampanel,16,20261215,22,0.9301837569953113,0.06981624300468868,18.7,43.10752688172043,7.830398556318133,0.7283538329439262,-0.4833675000000032,0.14833076923076766,61686.541467128336,24.4,0.23360655737704916
moderate,1.65,memantine,16,20261215,0,1.0,0.0,24.4,40.49588477366255,7.868473575263965,0.9822496116488654,-0.4551741071428603,0.17150384615384448,92930.65990240962,24.4,0.0
moderate,1.65,memantine,16,20261215,50,0.9268452221991218,0.07315477780087822,24.2,40.83195020746888,7.825882413085832,0.881763126504709,-0.45661339285714575,0.1687115384615367,54070.94445471679,24.4,0.008196721311475419
moderate,1.65,memantine,16,20261215,100,0.870062755069906,0.12993724493009393,23.6,41.874468085106386,7.839315033712439,0.8299839649170253,-0.45649160714286063,0.16618461538461396,35828.96436644964,24.4,0.032786885245901565
moderate,1.65,memantine,16,20261215,125,0.8450406189991146,0.15495938100088538,23.3,42.41594827586207,7.842015404732966,0.7919351229134411,-0.4569123214285742,0.1654076923076908,28758.796866047756,24.4,0.04508196721311464
moderate,1.65,memantine,16,20261215,150,0.8217846664011272,0.1782153335988728,23.3,42.418103448275865,7.797044933890482,0.7418424385631792,-0.4572942857142886,0.16228461538461408,23570.596894179595,24.4,0.04508196721311464
moderate,1.65,memantine,16,20261215,175,0.8000596497582824,0.19994035024171763,23.1,42.78695652173913,7.802730907447747,0.6928893867400121,-0.458606250000003,0.16094230769230655,19286.070219696976,24.4,0.05327868852459006
moderate,1.65,memantine,16,20261215,200,0.7796827121197533,0.22031728788024676,22.8,43.352422907488986,7.838565832223541,0.6773205119924878,-0.45973000000000264,0.16156153846153737,16498.657423705678,24.4,0.06557377049180324
moderate,1.65,memantine,16,20261215,250,0.7424088119900276,0.2575911880099724,22.5,43.933035714285715,7.813729101332146,0.6360521713877008,-0.46228196428571716,0.15805384615384557,11571.497498621362,24.4,0.07786885245901631
moderate,1.65,memantine,16,20261215,350,0.6789546199580587,0.3210453800419412,21.0,47.08612440191388,7.926570490650685,0.5599279438012006,-0.46569750000000304,0.15498846153846085,5925.888202308334,24.4,0.1393442622950819
moderate,1.65,memantine,16,20261215,500,0.6036820500876947,0.39631794991230535,17.7,55.91477272727273,8.137605227448326,0.5056999078099423,-0.4788116071428604,0.14846538461538425,2191.1082030529756,24.4,0.27459016393442626
moderate,1.65,diazepam,16,20261215,0,1.0,0.0,24.4,40.49588477366255,7.868473575263965,0.9822496116488654,-0.4551741071428603,0.17150384615384448,92930.65990240962,24.4,0.0
moderate,1.65,diazepam,16,20261215,2.5,1.4636363636363636,0.4636363636363636,24.3,40.663223140495866,7.906658975650375,0.9922036769859814,-0.7045169204545391,0.17215769230769062,93864.4963104046,24.4,0.004098360655737654
moderate,1.65,diazepam,16,20261215,5,1.8499999999999999,0.8499999999999999,24.1,41.00208333333333,7.9824941472092625,0.9914786232476638,-0.9304115803571987,0.1731846153846142,94227.4345294451,24.4,0.012295081967212962
moderate,1.65,diazepam,16,20261215,7.5,2.1769230769230767,1.1769230769230767,24.0,41.17364016736402,8.012737433365045,0.9748972860480645,-1.1465515645603712,0.17376923076922948,92766.1023842257,24.4,0.016393442622950727
moderate,1.65,diazepam,16,20261215,10,2.457142857142857,1.4571428571428569,23.9,41.346638655462186,8.054758581639577,0.9956717678571438,-1.3342921938775496,0.17454999999999887,95466.80434102232,24.4,0.020491803278688492
moderate,1.65,diazepam,16,20261215,12.5,2.6999999999999997,1.6999999999999997,24.1,41.00208333333333,8.14287213766199,1.0889033060747682,-1.4784259821428585,0.18244615384615254,106050.09438266713,24.4,0.012295081967212962
moderate,1.65,diazepam,16,20261215,15,2.9124999999999996,1.9124999999999996,24.0,41.17364016736402,8.175190497536379,1.0858759563584797,-1.657452781250013,0.18265384615384478,105751.99884541228,24.4,0.016393442622950727
moderate,1.65,diazepam,16,20261215,20,3.2666666666666666,2.2666666666666666,23.9,41.346638655462186,8.27230334674213,1.0970318536381862,-1.9706131666666094,0.18483461538461385,109227.20103083718,24.4,0.020491803278688492
moderate,1.65,diazepam,16,20261215,30,3.7818181818181813,2.7818181818181813,23.7,41.69703389830509,8.379551183468257,1.1225637193758362,-2.481537922077824,0.1862884615384603,111344.52482315424,24.4,0.02868852459016391
moderate,1.65,diazepam,16,20261215,60,4.6,3.5999999999999996,22.7,43.54203539823009,8.673523839711786,1.1234347121996,-3.394440214285661,0.19011923076922965,111341.25569339223,24.4,0.069672131147541
moderate,1.65,perampanel,17,20261216,0,1.0,0.0,22.6,39.23777777777778,7.864915885046398,0.9909001847463289,-0.4640201785714322,0.17094230769230606,87233.47363069344,22.6,0.0
moderate,1.65,perampanel,17,20261216,6,0.9741421208800244,0.025857879119975637,22.5,39.41294642857143,7.810882376398871,0.9398144692089463,-0.4633171428571464,0.16506153846153698,85162.05690528089,22.6,0.004424778761062065
moderate,1.65,perampanel,17,20261216,8,0.9676668921927091,0.03233310780729098,22.5,39.41294642857143,7.773886032315069,0.929553083861817,-0.4637212500000037,0.16318461538461385,84136.83561037794,22.6,0.004424778761062065
moderate,1.65,perampanel,17,20261216,10,0.9615904074078002,0.03840959259219974,22.0,40.30821917808219,7.754892543291756,0.8872664937416568,-0.47199714285714645,0.15886153846153694,76948.21787935462,22.6,0.026548672566371723
moderate,1.65,perampanel,17,20261216,12,0.9558253497558058,0.044174650244194216,21.6,41.05813953488372,7.785985458114443,0.8872837630173579,-0.4727721428571465,0.15833076923076775,76905.48788168469,22.6,0.04424778761061943
moderate,1.65,perampanel,17,20261216,14,0.9503156200134328,0.049684379986567204,21.7,40.86805555555556,7.78690930952583,0.8963262116154889,-0.4738073214285751,0.16017692307692127,77805.50847964187,22.6,0.039823008849557584
moderate,1.65,perampanel,17,20261216,16,0.9450221738818855,0.05497782611811456,21.5,41.25,7.805870580757919,0.8843989716288401,-0.4741560714285752,0.1593461538461521,76829.85204946176,22.6,0.04867256637168149
moderate,1.65,perampanel,17,20261216,18,0.9399162876906435,0.06008371230935653,21.3,41.639150943396224,7.8142619135076,0.8677375013351147,-0.474333214285718,0.15866153846153683,76028.03983426582,22.6,0.05752212389380529
moderate,1.65,perampanel,17,20261216,22,0.9301837569953113,0.06981624300468868,20.7,42.851941747572816,7.851467288220163,0.8592566970961294,-0.47809196428571804,0.1574807692307679,74256.29160508301,22.6,0.08407079646017712
moderate,1.65,memantine,17,20261216,0,1.0,0.0,22.6,39.23777777777778,7.864915885046398,0.9909001847463289,-0.4640201785714322,0.17094230769230606,87233.47363069344,22.6,0.0
moderate,1.65,memantine,17,20261216,50,0.9268452221991218,0.07315477780087822,22.5,39.41294642857143,7.773538267448052,0.8245126027043196,-0.4643689285714323,0.16321538461538285,45709.9495144288,22.6,0.004424778761062065
moderate,1.65,memantine,17,20261216,100,0.870062755069906,0.12993724493009393,21.7,40.87268518518518,7.7754613693566546,0.7709347227870939,-0.4672751785714322,0.16003076923076748,28902.64448768305,22.6,0.039823008849557584
moderate,1.65,memantine,17,20261216,125,0.8450406189991146,0.15495938100088538,21.4,41.448356807511736,7.778139404667007,0.7176963798528178,-0.4692458928571466,0.15781538461538328,23268.15233748519,22.6,0.053097345132743445
moderate,1.65,memantine,17,20261216,150,0.8217846664011272,0.1782153335988728,21.1,42.04047619047619,7.807849304159629,0.6930158715848769,-0.4705633928571465,0.15624230769230668,19247.694281627108,22.6,0.0663716814159292
moderate,1.65,memantine,17,20261216,175,0.8000596497582824,0.19994035024171763,20.9,42.44471153846154,7.835740696852912,0.6785545194491156,-0.47324267857143215,0.15662307692307595,16292.483549393508,22.6,0.07522123893805321
moderate,1.65,memantine,17,20261216,200,0.7796827121197533,0.22031728788024676,21.0,42.24162679425837,7.84499443077178,0.685256435641577,-0.47305446428571796,0.15819615384615307,15079.16735849345,22.6,0.07079646017699126
moderate,1.65,memantine,17,20261216,250,0.7424088119900276,0.2575911880099724,20.2,43.9228855721393,7.899196574639697,0.6450414953571296,-0.4750916071428608,0.15669999999999878,10831.868761995755,22.6,0.10619469026548678
moderate,1.65,memantine,17,20261216,350,0.6789546199580587,0.3210453800419412,18.9,46.95744680851064,7.972924798894764,0.5650956157933863,-0.47888910714286087,0.15286538461538415,5651.050015815543,22.6,0.16371681415929218
moderate,1.65,memantine,17,20261216,500,0.6036820500876947,0.39631794991230535,16.0,55.5251572327044,8.085798207780046,0.4456780397874162,-0.4895619642857182,0.14045000000000132,1718.8778766519724,22.6,0.2920353982300885
moderate,1.65,diazepam,17,20261216,0,1.0,0.0,22.6,39.23777777777778,7.864915885046398,0.9909001847463289,-0.4640201785714322,0.17094230769230606,87233.47363069344,22.6,0.0
moderate,1.65,diazepam,17,20261216,2.5,1.4636363636363636,0.4636363636363636,22.6,39.23777777777778,7.885283728734874,0.9986109985814424,-0.7088111249999911,0.1705730769230753,87756.10557850504,22.6,0.0
moderate,1.65,diazepam,17,20261216,5,1.8499999999999999,0.8499999999999999,22.5,39.41294642857143,7.992374521233163,1.0388646751502002,-0.9441550982143428,0.17438461538461364,95650.08471677548,22.6,0.004424778761062065
moderate,1.65,diazepam,17,20261216,7.5,2.1769230769230767,1.1769230769230767,22.4,39.58968609865471,8.025007609835093,1.0409054284045394,-1.153986923076854,0.17458076923076768,96100.66408668084,22.6,0.008849557522124019
moderate,1.65,diazepam,17,20261216,10,2.457142857142857,1.4571428571428569,22.5,39.41294642857143,8.101460720153476,1.0990395302903873,-1.3441672755102012,0.1790423076923064,103150.17955589066,22.6,0.004424778761062065
moderate,1.65,diazepam,17,20261216,12.5,2.6999999999999997,1.6999999999999997,22.5,39.41294642857143,8.12089224306075,1.0948548101635514,-1.5110091964285732,0.17913076923076804,103123.307793089,22.6,0.004424778761062065
moderate,1.65,diazepam,17,20261216,15,2.9124999999999996,1.9124999999999996,22.4,39.58968609865471,8.145946469425823,1.1041775144359145,-1.6589360758928728,0.17912307692307586,104397.92950024943,22.6,0.008849557522124019
moderate,1.65,diazepam,17,20261216,20,3.2666666666666666,2.2666666666666666,22.1,40.12954545454546,8.218921113203637,1.101066248831776,-1.9851883333332774,0.17985769230769122,104710.55534620868,22.6,0.02212389380530977
moderate,1.65,diazepam,17,20261216,30,3.7818181818181813,2.7818181818181813,22.1,40.12954545454546,8.280339052674694,1.1132928046562083,-2.5083138701297734,0.17977692307692228,106256.30847394692,22.6,0.02212389380530977
moderate,1.65,diazepam,17,20261216,60,4.6,3.5999999999999996,21.1,42.035714285714285,8.566033016889383,1.1252187837116163,-3.4598324999999446,0.18396923076923016,108394.50531227936,22.6,0.0663716814159292
moderate,1.65,perampanel,18,20261217,0,1.0,0.0,24.9,39.67943548387097,8.072035842923459,1.0826961253337797,-0.4559214285714328,0.18610384615384395,112701.03969719983,24.9,0.0
moderate,1.65,perampanel,18,20261217,6,0.9741421208800244,0.025857879119975637,24.4,40.49588477366255,8.000465118190824,1.0376767682743666,-0.4559491071428609,0.18086538461538215,106322.24240584207,24.9,0.02008032128514059
moderate,1.65,perampanel,18,20261217,8,0.9676668921927091,0.03233310780729098,21.9,40.5,7.919969642695169,0.9105571547062762,-0.46717553571429,0.16727692307692096,84646.41162867454,24.9,0.12048192771084343
moderate,1.65,perampanel,18,20261217,10,0.9615904074078002,0.03840959259219974,21.7,40.875,7.925442610145002,0.888584861315088,-0.4704692857142904,0.165819230769229,81852.73848462265,24.9,0.12851405622489953
moderate,1.65,perampanel,18,20261217,12,0.9558253497558058,0.044174650244194216,21.4,41.45305164319249,7.945606097074406,0.8832559100467302,-0.47190857142857623,0.16507307692307496,81733.88100906266,24.9,0.1405622489959839
moderate,1.65,perampanel,18,20261217,14,0.9503156200134328,0.049684379986567204,21.2,41.845971563981045,7.8966549723358765,0.8673201513684918,-0.4720967857142903,0.16229230769230574,78355.00928167527,24.9,0.14859437751004012
moderate,1.65,perampanel,18,20261217,16,0.9450221738818855,0.05497782611811456,21.2,41.845971563981045,7.869546779381773,0.8540173084946604,-0.4719860714285762,0.1608423076923056,77642.05169346397,24.9,0.14859437751004012
moderate,1.65,perampanel,18,20261217,18,0.9399162876906435,0.06008371230935653,21.0,42.24401913875598,7.851608251451147,0.8452725310413894,-0.47315410714286127,0.1591307692307673,75970.5963042294,24.9,0.15662650602409633
moderate,1.65,perampanel,18,20261217,22,0.9301837569953113,0.06981624300468868,20.6,43.06829268292683,7.86649048778747,0.8210863165053415,-0.4744992857142903,0.15715384615384445,73832.17593124129,24.9,0.17269076305220876
moderate,1.65,memantine,18,20261217,0,1.0,0.0,24.9,39.67943548387097,8.072035842923459,1.0826961253337797,-0.4559214285714328,0.18610384615384395,112701.03969719983,24.9,0.0
moderate,1.65,memantine,18,20261217,50,0.9268452221991218,0.07315477780087822,23.8,41.5210970464135,8.066981595598083,1.0060083567068558,-0.4565525000000046,0.18305769230768973,63671.956055282295,24.9,0.04417670682730912
moderate,1.65,memantine,18,20261217,100,0.870062755069906,0.12993724493009393,23.2,42.6017316017316,8.020364736669354,0.9355178351052664,-0.45618160714286093,0.17898846153845924,40298.45508592351,24.9,0.06827309236947787
moderate,1.65,memantine,18,20261217,125,0.8450406189991146,0.15495938100088538,23.1,42.78695652173913,8.001831723996016,0.903474927195898,-0.4571226785714324,0.17668461538461314,33555.09499632836,24.9,0.07228915662650592
moderate,1.65,memantine,18,20261217,150,0.8217846664011272,0.1782153335988728,22.8,43.352422907488986,8.008580210170056,0.8456762884379817,-0.46039428571429014,0.17428846153845948,26955.68377790764,24.9,0.0843373493975903
moderate,1.65,memantine,18,20261217,175,0.8000596497582824,0.19994035024171763,22.8,43.352422907488986,7.963797039404025,0.8075435431794821,-0.4610475000000041,0.17123076923076766,22102.91444359112,24.9,0.0843373493975903
moderate,1.65,memantine,18,20261217,200,0.7796827121197533,0.22031728788024676,22.8,43.352422907488986,7.91459232299876,0.7667556815987036,-0.4608703571428617,0.1681923076923062,18121.822267780324,24.9,0.0843373493975903
moderate,1.65,memantine,18,20261217,250,0.7424088119900276,0.2575911880099724,22.3,44.328828828828826,7.902618050825547,0.6962968749584613,-0.46373232142857607,0.16419999999999924,12216.348189783113,24.9,0.10441767068273089
moderate,1.65,memantine,18,20261217,350,0.6789546199580587,0.3210453800419412,20.8,47.54106280193237,7.980715099790247,0.5837502395727937,-0.47334785714286126,0.1585961538461532,5626.643973897536,24.9,0.16465863453815255
moderate,1.65,memantine,18,20261217,500,0.6036820500876947,0.39631794991230535,17.2,57.54970760233918,8.120962745325183,0.4699903431454436,-0.4829800000000042,0.14476538461538463,1810.1445895635643,24.9,0.3092369477911646
moderate,1.65,diazepam,18,20261217,0,1.0,0.0,24.9,39.67943548387097,8.072035842923459,1.0826961253337797,-0.4559214285714328,0.18610384615384395,112701.03969719983,24.9,0.0
moderate,1.65,diazepam,18,20261217,2.5,1.4636363636363636,0.4636363636363636,24.5,40.329918032786885,8.114717284756862,1.0958356136515368,-0.7007169545454502,0.18619615384615176,111984.67433180263,24.9,0.016064257028112428
moderate,1.65,diazepam,18,20261217,5,1.8499999999999999,0.8499999999999999,24.4,40.49588477366255,8.148762318469286,1.0979311351802419,-0.9205699107143411,0.18645769230769021,112467.53568011954,24.9,0.02008032128514059
moderate,1.65,diazepam,18,20261217,7.5,2.1769230769230767,1.1769230769230767,24.1,41.00208333333333,8.186268227640628,1.1038620988818433,-1.1292827335164157,0.18706153846153656,112471.21393973031,24.9,0.032128514056224744
moderate,1.65,diazepam,18,20261217,10,2.457142857142857,1.4571428571428569,24.0,41.17364016736402,8.219152585304352,1.1057913602303078,-1.3314629693877504,0.18724615384615206,112859.31687256954,24.9,0.036144578313252906
moderate,1.65,diazepam,18,20261217,12.5,2.6999999999999997,1.6999999999999997,23.9,41.346638655462186,8.249889946627489,1.1162855792723638,-1.5158667857142862,0.18718846153845992,114092.61066239829,24.9,0.04016064257028118
moderate,1.65,diazepam,18,20261217,15,2.9124999999999996,1.9124999999999996,23.9,41.346638655462186,8.282272962018716,1.139328768775034,-1.6568239933035795,0.1892653846153828,116666.78201074323,24.9,0.04016064257028118
moderate,1.65,diazepam,18,20261217,20,3.2666666666666666,2.2666666666666666,23.7,41.69703389830509,8.350120857211502,1.137145018608145,-1.9431445833332717,0.19024615384615215,116165.82920766236,24.9,0.04819277108433728
moderate,1.65,diazepam,18,20261217,30,3.7818181818181813,2.7818181818181813,23.3,42.41594827586207,8.46675847075161,1.161343275951269,-2.452521922077831,0.19202692307692146,118893.2837127117,24.9,0.06425702811244971
moderate,1.65,diazepam,18,20261217,60,4.6,3.5999999999999996,22.9,43.16008771929825,8.696417300311891,1.23518099724633,-3.3616422142856694,0.19758461538461367,129802.74410593741,24.9,0.08032128514056225
moderate,1.65,perampanel,19,20261218,0,1.0,0.0,25.6,38.590196078431376,8.093965508822157,1.195903318007342,-0.45080642857143194,0.1931923076923053,129596.08746433478,25.6,0.0
moderate,1.65,perampanel,19,20261218,6,0.9741421208800244,0.025857879119975637,24.9,39.67741935483871,8.02417360588567,1.1196599957443252,-0.45244500000000343,0.18642692307692085,120306.60376337769,25.6,0.02734375000000011
moderate,1.65,perampanel,19,20261218,8,0.9676668921927091,0.03233310780729098,24.8,39.83805668016194,8.005233276547962,1.0951485888684904,-0.4547201785714324,0.18468076923076682,117863.43690834031,25.6,0.03125
moderate,1.65,perampanel,19,20261218,10,0.9615904074078002,0.03840959259219974,24.3,40.66115702479339,7.833845231094063,0.949866814085447,-0.45725000000000365,0.16908076923076787,96969.09776031357,25.6,0.05078125
moderate,1.65,perampanel,19,20261218,12,0.9558253497558058,0.044174650244194216,24.0,41.17154811715481,7.755420647753059,0.9160542484145524,-0.4575655357142894,0.16274230769230624,90856.51082263449,25.6,0.0625
moderate,1.65,perampanel,19,20261218,14,0.9503156200134328,0.049684379986567204,20.5,43.27450980392157,7.792984468865018,0.819958568841789,-0.47296589285714674,0.15239230769230577,71039.76712300687,25.6,0.19921875
moderate,1.65,perampanel,19,20261218,16,0.9450221738818855,0.05497782611811456,20.3,43.7029702970297,7.80497508218058,0.8034891804072097,-0.4734973214285752,0.15158076923076733,70507.20224053568,25.6,0.20703125
moderate,1.65,perampanel,19,20261218,18,0.9399162876906435,0.06008371230935653,20.3,43.7029702970297,7.778420472092522,0.8002855013351137,-0.47446053571428964,0.1499846153846134,70671.19126689858,25.6,0.20703125
moderate,1.65,perampanel,19,20261218,22,0.9301837569953113,0.06981624300468868,20.0,44.36180904522613,7.770615345426858,0.7674323033210945,-0.47490339285714683,0.1477192307692289,67519.72245484279,25.6,0.21875
moderate,1.65,memantine,19,20261218,0,1.0,0.0,25.6,38.590196078431376,8.093965508822157,1.195903318007342,-0.45080642857143194,0.1931923076923053,129596.08746433478,25.6,0.0
moderate,1.65,memantine,19,20261218,50,0.9268452221991218,0.07315477780087822,24.5,40.329918032786885,8.075222096045477,1.0885376040421195,-0.4569621428571463,0.18906153846153637,72430.33754200363,25.6,0.04296875
moderate,1.65,memantine,19,20261218,100,0.870062755069906,0.12993724493009393,24.1,41.00208333333333,7.925716907492964,0.9018956570164981,-0.45809142857143226,0.17568846153845982,42280.82089462655,25.6,0.05859375
moderate,1.65,memantine,19,20261218,125,0.8450406189991146,0.15495938100088538,24.0,41.17364016736402,7.900697031303399,0.8506657153681432,-0.4575433928571464,0.17367307692307535,33680.551146152655,25.6,0.0625
moderate,1.65,memantine,19,20261218,150,0.8217846664011272,0.1782153335988728,23.6,41.874468085106386,7.908093781561062,0.8309105698981984,-0.458927321428575,0.1727038461538447,27707.138436056663,25.6,0.078125
moderate,1.65,memantine,19,20261218,175,0.8000596497582824,0.19994035024171763,23.6,41.874468085106386,7.8468196708470135,0.7725391341027124,-0.4591155357142892,0.16858461538461425,22468.091999879496,25.6,0.078125
moderate,1.65,memantine,19,20261218,200,0.7796827121197533,0.22031728788024676,23.5,42.0534188034188,7.822434818624663,0.7372208723017312,-0.45938125000000357,0.16630769230769143,18395.647811692725,25.6,0.08203125
moderate,1.65,memantine,19,20261218,250,0.7424088119900276,0.2575911880099724,23.1,42.78478260869565,7.837215193421367,0.6738519133863209,-0.45951410714286056,0.16371153846153752,13037.634783128347,25.6,0.09765625
moderate,1.65,memantine,19,20261218,350,0.6789546199580587,0.3210453800419412,21.9,45.142201834862384,7.70042954597816,0.5158994211094525,-0.46596875000000354,0.1453346153846164,5521.467488311115,25.6,0.1445312500000001
moderate,1.65,memantine,19,20261218,500,0.6036820500876947,0.39631794991230535,16.9,58.57738095238095,8.207731053127862,0.4636248227049461,-0.4890250000000044,0.1464846153846157,1725.8418650953163,25.6,0.3398437500000001
moderate,1.65,diazepam,19,20261218,0,1.0,0.0,25.6,38.590196078431376,8.093965508822157,1.195903318007342,-0.45080642857143194,0.1931923076923053,129596.08746433478,25.6,0.0
moderate,1.65,diazepam,19,20261218,2.5,1.4636363636363636,0.4636363636363636,25.4,38.89525691699605,8.137047942904434,1.2192902666054732,-0.6951506931818137,0.19314615384615158,132223.56649520743,25.6,0.007812500000000111
moderate,1.65,diazepam,19,20261218,5,1.8499999999999999,0.8499999999999999,25.0,39.52008032128514,8.189559223015214,1.220392777369826,-0.9142716517857696,0.19417307692307495,130683.86091435714,25.6,0.0234375
moderate,1.65,diazepam,19,20261218,7.5,2.1769230769230767,1.1769230769230767,25.0,39.52008032128514,8.199129754986538,1.227973989402536,-1.1164124532966386,0.1940346153846134,130985.56086494496,25.6,0.0234375
moderate,1.65,diazepam,19,20261218,10,2.457142857142857,1.4571428571428569,24.8,39.840080971659916,8.219166310572657,1.2452894078771684,-1.2934860714285645,0.1942961538461519,131438.08361623628,25.6,0.03125
moderate,1.65,diazepam,19,20261218,12.5,2.6999999999999997,1.6999999999999997,24.8,39.840080971659916,8.238542012615763,1.2461335191088108,-1.4736132321428568,0.1944884615384596,132128.11686843817,25.6,0.03125
moderate,1.65,diazepam,19,20261218,15,2.9124999999999996,1.9124999999999996,24.6,40.16530612244898,8.28886917484221,1.2572593367823752,-1.611986575892871,0.1947576923076904,133419.2139572631,25.6,0.0390625
moderate,1.65,diazepam,19,20261218,20,3.2666666666666666,2.2666666666666666,24.6,40.16530612244898,8.332337592303416,1.2628946577937241,-1.8909379999999396,0.19556923076922902,134231.17991268565,25.6,0.0390625
moderate,1.65,diazepam,19,20261218,30,3.7818181818181813,2.7818181818181813,24.1,41.00208333333333,8.507726876001213,1.3141774075433899,-2.3999958441557476,0.19927692307692127,142155.8445389795,25.6,0.05859375
moderate,1.65,diazepam,19,20261218,60,4.6,3.5999999999999996,23.6,41.874468085106386,8.708838894453425,1.3575617205440573,-3.34954667857136,0.20048076923076777,143681.13539741587,25.6,0.078125
moderate,1.65,perampanel,20,20261219,0,1.0,0.0,25.5,38.74015748031496,8.07487707682399,1.2452499352469961,-0.45105553571428875,0.1914615384615366,133458.0403602492,25.5,0.0
moderate,1.65,perampanel,20,20261219,6,0.9741421208800244,0.025857879119975637,22.1,40.12954545454546,7.800854433807518,0.9226368029038718,-0.4688362500000033,0.16395769230769053,79153.92070274813,25.5,0.1333333333333333
moderate,1.65,perampanel,20,20261219,8,0.9676668921927091,0.03233310780729098,22.0,40.31278538812786,7.78295720319121,0.9032180597463283,-0.468841785714289,0.162361538461537,77524.99722575287,25.5,0.13725490196078427
moderate,1.65,perampanel,20,20261219,10,0.9615904074078002,0.03840959259219974,22.0,40.31050228310502,7.826184353534707,0.9351869977469965,-0.46742464285714624,0.1645999999999984,84881.64087391131,25.5,0.13725490196078427
moderate,1.65,perampanel,20,20261219,12,0.9558253497558058,0.044174650244194216,21.8,40.68202764976959,7.816780547089808,0.9100352936415224,-0.46704267857143184,0.16254615384615217,81594.11207924326,25.5,0.1450980392156862
moderate,1.65,perampanel,20,20261219,14,0.9503156200134328,0.049684379986567204,21.8,40.68202764976959,7.790847032961614,0.8869454131341792,-0.46743017857143193,0.16090769230769061,79836.49539993159,25.5,0.1450980392156862
moderate,1.65,perampanel,20,20261219,16,0.9450221738818855,0.05497782611811456,21.2,41.838862559241704,7.672551651833055,0.7886124029539382,-0.4674191071428605,0.14871153846153684,66814.11147817511,25.5,0.16862745098039222
moderate,1.65,perampanel,20,20261219,18,0.9399162876906435,0.06008371230935653,21.0,42.24162679425837,7.687930595211975,0.7787536018858474,-0.47054678571428904,0.1483730769230753,66502.60545265026,25.5,0.17647058823529416
moderate,1.65,perampanel,20,20261219,22,0.9301837569953113,0.06981624300468868,20.5,43.27696078431372,7.831449455556853,0.8623878817590132,-0.47372982142857484,0.15518076923076718,75795.44288936113,25.5,0.196078431372549
moderate,1.65,memantine,20,20261219,0,1.0,0.0,25.5,38.74015748031496,8.07487707682399,1.2452499352469961,-0.45105553571428875,0.1914615384615366,133458.0403602492,25.5,0.0
moderate,1.65,memantine,20,20261219,50,0.9268452221991218,0.07315477780087822,24.6,40.16326530612245,7.980304671364295,1.0571655948329055,-0.45420535714286026,0.183073076923075,71376.87861684746,25.5,0.03529411764705881
moderate,1.65,memantine,20,20261219,100,0.870062755069906,0.12993724493009393,24.1,41.00208333333333,7.909933004383503,0.9270720600000766,-0.45584392857143163,0.17656538461538282,42795.23918770914,25.5,0.05490196078431364
moderate,1.65,memantine,20,20261219,125,0.8450406189991146,0.15495938100088538,23.9,41.346638655462186,7.904501138674767,0.8822262131487071,-0.4584789285714315,0.17454230769230564,34483.151001088874,25.5,0.0627450980392158
moderate,1.65,memantine,20,20261219,150,0.8217846664011272,0.1782153335988728,23.5,42.0534188034188,7.936287533879708,0.8306713095966456,-0.46071535714286027,0.17314615384615217,27680.735731152505,25.5,0.07843137254901966
moderate,1.65,memantine,20,20261219,175,0.8000596497582824,0.19994035024171763,23.3,42.41594827586207,7.932225063031951,0.7948677611331354,-0.4621380357142889,0.17135384615384466,22575.47095984039,25.5,0.0862745098039216
moderate,1.65,memantine,20,20261219,200,0.7796827121197533,0.22031728788024676,23.1,42.78478260869565,7.933256444437729,0.737597167451389,-0.4616232142857173,0.16936153846153715,18383.40703022133,25.5,0.09411764705882353
moderate,1.65,memantine,20,20261219,250,0.7424088119900276,0.2575911880099724,22.8,43.35022026431718,7.895569793231357,0.6718027868223787,-0.46233732142857453,0.16485384615384527,12291.874796755277,25.5,0.10588235294117643
moderate,1.65,memantine,20,20261219,350,0.6789546199580587,0.3210453800419412,21.8,45.3479262672811,7.8499947441970725,0.5556997402515338,-0.46931785714286045,0.1562615384615383,5580.907426801326,25.5,0.1450980392156862
moderate,1.65,memantine,20,20261219,500,0.6036820500876947,0.39631794991230535,17.6,56.23428571428571,8.114930265926109,0.4575747596343324,-0.48008482142857517,0.14628076923076913,1659.3736530004114,25.5,0.30980392156862735
moderate,1.65,diazepam,20,20261219,0,1.0,0.0,25.5,38.74015748031496,8.07487707682399,1.2452499352469961,-0.45105553571428875,0.1914615384615366,133458.0403602492,25.5,0.0
moderate,1.65,diazepam,20,20261219,2.5,1.4636363636363636,0.4636363636363636,25.2,39.20318725099602,8.115599762949406,1.250195526869159,-0.6930441022727205,0.19194615384615207,132250.30076333176,25.5,0.01176470588235301
moderate,1.65,diazepam,20,20261219,5,1.8499999999999999,0.8499999999999999,25.1,39.36,8.165567097864766,1.2454290057576765,-0.9127252500000544,0.19270769230769044,132507.89073584025,25.5,0.015686274509803866
moderate,1.65,diazepam,20,20261219,7.5,2.1769230769230767,1.1769230769230767,24.9,39.67741935483871,8.181840420539652,1.258177806408544,-1.1077720123625752,0.19271923076922884,132443.90446111208,25.5,0.02352941176470591
moderate,1.65,diazepam,20,20261219,10,2.457142857142857,1.4571428571428569,24.8,39.83805668016194,8.211580071112405,1.2643169516855806,-1.2920850612244814,0.19294615384615207,133772.8590356045,25.5,0.027450980392156876
moderate,1.65,diazepam,20,20261219,12.5,2.6999999999999997,1.6999999999999997,25.0,39.51807228915663,8.2389510423564,1.257060566505341,-1.4671264821428605,0.19426153846153674,134715.41444235703,25.5,0.019607843137254943
moderate,1.65,diazepam,20,20261219,15,2.9124999999999996,1.9124999999999996,25.0,39.51807228915663,8.251358840753118,1.259247478137517,-1.614888674107149,0.19394999999999826,134823.80839091016,25.5,0.019607843137254943
moderate,1.65,diazepam,20,20261219,20,3.2666666666666666,2.2666666666666666,24.9,39.67741935483871,8.290323129071131,1.2547345321261683,-1.9209744166666107,0.19413846153845996,134594.95832339555,25.5,0.02352941176470591
moderate,1.65,diazepam,20,20261219,30,3.7818181818181813,2.7818181818181813,24.4,40.49382716049383,8.451366327876352,1.3129665846128173,-2.4092491428570426,0.19740769230769062,143547.3702899738,25.5,0.04313725490196085
moderate,1.65,diazepam,20,20261219,60,4.6,3.5999999999999996,23.4,42.23175965665236,8.74306770125083,1.3204283553905212,-3.3605217857142438,0.20136538461538295,144982.33128037257,25.5,0.08235294117647063
